# Blender 3.5.0
# www.blender.org
mtllib sun.mtl
o Roundcube.003_Roundcube.010
v -1.459776 -0.210194 -1.244907
v -1.490120 -0.259002 -1.316561
v -1.528316 -0.291336 -1.373294
v -1.573029 -0.310004 -1.417648
v -1.623629 -0.316326 -1.450816
v -1.679930 -0.310692 -1.473151
v -1.742117 -0.292711 -1.484300
v -1.810820 -0.261064 -1.483070
v -1.417643 -0.088622 -1.273206
v -1.439207 -0.124043 -1.375525
v -1.474291 -0.147606 -1.451952
v -1.519811 -0.161279 -1.508401
v -1.574448 -0.165998 -1.547402
v -1.637825 -0.162038 -1.569675
v -1.710320 -0.149124 -1.574500
v -1.793251 -0.126320 -1.559345
v -1.390597 0.032409 -1.290912
v -1.407240 0.010015 -1.411843
v -1.440958 -0.004999 -1.499979
v -1.487422 -0.013796 -1.563639
v -1.544861 -0.016942 -1.606233
v -1.612773 -0.014602 -1.628722
v -1.691661 -0.006611 -1.630144
v -1.783295 0.007597 -1.607092
v -1.376071 0.152997 -1.299830
v -1.390211 0.143378 -1.430877
v -1.423373 0.136768 -1.525325
v -1.470510 0.132774 -1.592888
v -1.529597 0.131186 -1.637467
v -1.600065 0.131941 -1.660153
v -1.682482 0.135101 -1.659855
v -1.778875 0.140879 -1.632672
v -1.372855 0.273182 -1.300807
v -1.386368 0.276134 -1.434895
v -1.419474 0.277813 -1.531228
v -1.466904 0.278563 -1.599965
v -1.526551 0.278520 -1.645158
v -1.597829 0.277721 -1.667941
v -1.681325 0.276129 -1.667181
v -1.779145 0.273608 -1.638825
v -1.380593 0.392977 -1.294092
v -1.395204 0.408307 -1.424542
v -1.428676 0.418167 -1.518597
v -1.475991 0.423608 -1.585934
v -1.535136 0.425098 -1.630439
v -1.605546 0.422775 -1.653199
v -1.687785 0.416500 -1.653127
v -1.783867 0.405807 -1.626337
v -1.399642 0.512366 -1.279436
v -1.417225 0.539872 -1.399174
v -1.451564 0.557799 -1.486521
v -1.498384 0.567873 -1.549730
v -1.555939 0.570882 -1.592177
v -1.623735 0.567066 -1.614813
v -1.702267 0.556187 -1.616687
v -1.793280 0.537454 -1.594423
v -1.431210 0.631311 -1.255992
v -1.454185 0.670743 -1.356521
v -1.490200 0.696593 -1.431767
v -1.536253 0.711224 -1.487539
v -1.591065 0.715740 -1.526318
v -1.654268 0.710465 -1.548812
v -1.726229 0.695075 -1.554314
v -1.808229 0.668466 -1.540341
v -1.887377 -0.212944 -1.466918
v -1.961965 -0.266450 -1.376953
v -2.029317 -0.302945 -1.282660
v -2.090667 -0.325328 -1.184777
v -2.146592 -0.334961 -1.083650
v -2.197265 -0.332248 -0.979380
v -2.242514 -0.316785 -0.871865
v -2.281760 -0.287210 -0.760760
v -1.889701 -0.091658 -1.518300
v -1.984678 -0.133141 -1.424947
v -2.066577 -0.161819 -1.324375
v -2.138410 -0.179875 -1.218221
v -2.201458 -0.188340 -1.107186
v -2.256092 -0.187515 -0.991467
v -2.301941 -0.177098 -0.870869
v -2.337722 -0.156060 -0.744688
v -1.892004 0.029185 -1.551243
v -1.999725 -0.000115 -1.455138
v -2.090642 -0.020828 -1.350025
v -2.169042 -0.034424 -1.238173
v -2.236676 -0.041593 -1.120519
v -2.294039 -0.042538 -0.997323
v -2.340638 -0.037057 -0.868324
v -2.374717 -0.024459 -0.732590
v -1.894289 0.149665 -1.568890
v -2.009192 0.132672 -1.470969
v -2.105181 0.120039 -1.363084
v -2.187287 0.111016 -1.247872
v -2.257530 0.105248 -1.126394
v -2.316475 0.102630 -0.998947
v -2.363559 0.103266 -0.865232
v -2.396759 0.107512 -0.724191
v -1.896558 0.269814 -1.572714
v -2.013934 0.265242 -1.473981
v -2.111660 0.260795 -1.365050
v -2.195022 0.256441 -1.248660
v -2.266131 0.252166 -1.125908
v -2.325578 0.247966 -0.997099
v -2.372771 0.243845 -0.861931
v -2.405601 0.239815 -0.719304
v -1.898811 0.389644 -1.563152
v -2.014185 0.397601 -1.464634
v -2.110484 0.401438 -1.356355
v -2.192767 0.401851 -1.240918
v -2.263069 0.399159 -1.119367
v -2.321956 0.393464 -0.991993
v -2.368862 0.384665 -0.858503
v -2.401751 0.372440 -0.717857
v -1.901048 0.509142 -1.539767
v -2.009710 0.529742 -1.442469
v -2.101248 0.541970 -1.336567
v -2.180004 0.547245 -1.224264
v -2.247753 0.546231 -1.106463
v -2.305001 0.539130 -0.983414
v -2.351243 0.525741 -0.854867
v -2.384703 0.505398 -0.719920
v -1.903268 0.628276 -1.501086
v -1.999656 0.661645 -1.405942
v -2.082487 0.682381 -1.304189
v -2.154852 0.692628 -1.197359
v -2.218075 0.693398 -1.086102
v -2.272534 0.684988 -0.970604
v -2.317850 0.667102 -0.850683
v -2.352700 0.638726 -0.725683
v -2.313770 -0.240624 -0.645328
v -2.281546 -0.291623 -0.576058
v -2.242107 -0.325169 -0.520900
v -2.196685 -0.344238 -0.477449
v -2.145853 -0.350228 -0.444576
v -2.089784 -0.343551 -0.421946
v -2.028307 -0.323795 -0.409894
v -1.960846 -0.289560 -0.409550
v -2.360427 -0.122217 -0.611288
v -2.337452 -0.161648 -0.510759
v -2.301437 -0.187498 -0.435514
v -2.255383 -0.202129 -0.379741
v -2.200572 -0.206645 -0.340964
v -2.137369 -0.201370 -0.318468
v -2.065408 -0.185981 -0.312967
v -1.983408 -0.159371 -0.326939
v -2.391994 -0.003273 -0.587844
v -2.374412 -0.030777 -0.468106
v -2.340073 -0.048705 -0.380759
v -2.293252 -0.058778 -0.317551
v -2.235697 -0.061790 -0.275105
v -2.167900 -0.057971 -0.252469
v -2.089370 -0.047093 -0.250593
v -1.998357 -0.028359 -0.272858
v -2.411044 0.116118 -0.573188
v -2.396433 0.100788 -0.442738
v -2.362960 0.090926 -0.348685
v -2.315645 0.085487 -0.281348
v -2.256501 0.083997 -0.236841
v -2.186090 0.086320 -0.214083
v -2.103851 0.092592 -0.214155
v -2.007770 0.103287 -0.240943
v -2.418782 0.235913 -0.566474
v -2.405268 0.232961 -0.432387
v -2.372161 0.231282 -0.336053
v -2.324733 0.230532 -0.267316
v -2.265086 0.230575 -0.222122
v -2.193808 0.231374 -0.199339
v -2.110310 0.232965 -0.200100
v -2.012491 0.235487 -0.228457
v -2.415566 0.356098 -0.567450
v -2.401426 0.365717 -0.436403
v -2.368263 0.372325 -0.341957
v -2.321126 0.376321 -0.274394
v -2.262040 0.377908 -0.229814
v -2.191571 0.377154 -0.207129
v -2.109154 0.373991 -0.207427
v -2.012762 0.368216 -0.234608
v -2.401039 0.476683 -0.576368
v -2.384397 0.499080 -0.455437
v -2.350679 0.514094 -0.367302
v -2.304213 0.522891 -0.303643
v -2.246775 0.526035 -0.261049
v -2.178862 0.523697 -0.238560
v -2.099977 0.515706 -0.237136
v -2.008342 0.501498 -0.260188
v -2.373994 0.597717 -0.594074
v -2.352430 0.633138 -0.491755
v -2.317346 0.656701 -0.415328
v -2.271826 0.670374 -0.358879
v -2.217188 0.675093 -0.319880
v -2.153811 0.671133 -0.297605
v -2.081317 0.658219 -0.292781
v -1.998386 0.635414 -0.307935
v -1.886169 -0.237875 -0.423317
v -1.809702 -0.284175 -0.515666
v -1.741107 -0.313561 -0.611534
v -1.679047 -0.328915 -0.710320
v -1.622889 -0.331593 -0.811743
v -1.572449 -0.321995 -0.915717
v -1.527910 -0.299721 -1.022329
v -1.489906 -0.263414 -1.131860
v -1.888369 -0.119181 -0.366195
v -1.791981 -0.152550 -0.461338
v -1.709150 -0.173286 -0.563091
v -1.636785 -0.183533 -0.669921
v -1.573561 -0.184303 -0.781180
v -1.519103 -0.175893 -0.896676
v -1.473787 -0.158007 -1.016597
v -1.438937 -0.129631 -1.141597
v -1.890587 -0.000049 -0.327513
v -1.781927 -0.020647 -0.424812
v -1.690389 -0.032876 -0.530713
v -1.611634 -0.038150 -0.643016
v -1.543883 -0.037138 -0.760819
v -1.486636 -0.030036 -0.883866
v -1.440393 -0.016646 -1.012414
v -1.406934 0.003697 -1.147360
v -1.892826 0.119451 -0.304128
v -1.777452 0.111494 -0.402646
v -1.681153 0.107654 -0.510925
v -1.598868 0.107244 -0.626364
v -1.528568 0.109936 -0.747916
v -1.469680 0.115631 -0.875289
v -1.422775 0.124427 -1.008777
v -1.389886 0.136654 -1.149424
v -1.895079 0.239280 -0.294567
v -1.777703 0.243853 -0.393299
v -1.679978 0.248299 -0.502231
v -1.596616 0.252653 -0.618620
v -1.525504 0.256929 -0.741373
v -1.466059 0.261129 -0.870181
v -1.418866 0.265250 -1.005350
v -1.386037 0.269279 -1.147976
v -1.897348 0.359430 -0.298390
v -1.782445 0.376423 -0.396312
v -1.686456 0.389053 -0.504196
v -1.604349 0.398079 -0.619410
v -1.534106 0.403847 -0.740888
v -1.475161 0.406465 -0.868335
v -1.428078 0.405827 -1.002049
v -1.394878 0.401583 -1.143089
v -1.899632 0.479908 -0.316036
v -1.791912 0.509210 -0.412142
v -1.700995 0.529923 -0.517256
v -1.622595 0.543519 -0.629108
v -1.554960 0.550686 -0.746763
v -1.497598 0.551633 -0.869957
v -1.450999 0.546152 -0.998957
v -1.416920 0.533554 -1.134691
v -1.901936 0.600753 -0.348980
v -1.806959 0.642236 -0.442333
v -1.725060 0.670913 -0.542905
v -1.653228 0.688970 -0.649059
v -1.590178 0.697435 -0.760097
v -1.535545 0.696610 -0.875813
v -1.489696 0.686193 -0.996411
v -1.453915 0.665155 -1.122593
v -1.883775 -0.368336 -0.516248
v -1.952761 -0.422238 -0.527002
v -2.017495 -0.452788 -0.546236
v -2.078370 -0.462943 -0.573153
v -2.135509 -0.453547 -0.607510
v -2.188790 -0.423755 -0.649549
v -2.237819 -0.370613 -0.700068
v -1.812934 -0.417255 -0.625172
v -1.881711 -0.482626 -0.645159
v -1.947897 -0.519396 -0.670487
v -2.011720 -0.531547 -0.700675
v -2.073248 -0.520202 -0.735570
v -2.132413 -0.484239 -0.775324
v -2.188989 -0.419673 -0.820421
v -1.747228 -0.443157 -0.735987
v -1.814328 -0.514637 -0.764265
v -1.880456 -0.554700 -0.794806
v -1.945677 -0.567907 -0.827425
v -2.010010 -0.555533 -0.862071
v -2.073437 -0.516303 -0.898795
v -2.135891 -0.445657 -0.937782
v -1.686148 -0.448967 -0.848528
v -1.750238 -0.522230 -0.884258
v -1.814936 -0.563248 -0.919217
v -1.880152 -0.576763 -0.953519
v -1.945861 -0.564090 -0.987194
v -2.012089 -0.523913 -1.020211
v -2.078925 -0.451493 -1.052459
v -1.629546 -0.435518 -0.962741
v -1.689331 -0.506522 -1.005115
v -1.751267 -0.546314 -1.043731
v -1.815121 -0.559431 -1.078985
v -1.880822 -0.547147 -1.110996
v -1.948440 -0.508188 -1.139645
v -2.018209 -0.438017 -1.164536
v -1.577570 -0.401976 -1.078679
v -1.631715 -0.466397 -1.126860
v -1.689519 -0.502623 -1.168340
v -1.750608 -0.514596 -1.203794
v -1.814870 -0.503429 -1.233423
v -1.882418 -0.468009 -1.257025
v -1.953625 -0.404394 -1.273928
v -1.530731 -0.345417 -1.196507
v -1.577769 -0.397894 -1.249551
v -1.629928 -0.427628 -1.293014
v -1.686704 -0.437517 -1.327831
v -1.747943 -0.428387 -1.354287
v -1.813798 -0.399411 -1.372097
v -1.884774 -0.347693 -1.380327
v -1.477866 0.749719 -1.221954
v -1.510091 0.800715 -1.291222
v -1.549529 0.834262 -1.346380
v -1.594952 0.853333 -1.389832
v -1.645784 0.859323 -1.422705
v -1.701853 0.852646 -1.445334
v -1.763329 0.832887 -1.457386
v -1.830791 0.798653 -1.457731
v -1.905467 0.746970 -1.443965
v -1.509877 0.796303 -1.106520
v -1.553818 0.879707 -1.167212
v -1.602847 0.932850 -1.217731
v -1.656128 0.962642 -1.259771
v -1.713267 0.972038 -1.294127
v -1.774142 0.961883 -1.321044
v -1.838876 0.931332 -1.340278
v -1.907862 0.877431 -1.351033
v -1.981935 0.793267 -1.351614
v -1.549122 0.825878 -0.995414
v -1.602648 0.928768 -1.046859
v -1.659224 0.993333 -1.091956
v -1.718388 1.029297 -1.131710
v -1.779917 1.040642 -1.166606
v -1.843739 1.028491 -1.196792
v -1.909927 0.991721 -1.222121
v -1.978703 0.926350 -1.242108
v -2.050529 0.822654 -1.255746
v -1.594372 0.841342 -0.887900
v -1.655746 0.954752 -0.929498
v -1.718200 1.025398 -0.968485
v -1.781626 1.064628 -1.005211
v -1.845960 1.077002 -1.039856
v -1.911180 1.063795 -1.072476
v -1.977309 1.023732 -1.103015
v -2.044409 0.952252 -1.131293
v -2.112590 0.838010 -1.156960
v -1.645045 0.844056 -0.783632
v -1.712711 0.960587 -0.814824
v -1.779546 1.033008 -0.847070
v -1.845775 1.073185 -0.880088
v -1.911484 1.085856 -0.913764
v -1.976700 1.072343 -0.948065
v -2.041398 1.031325 -0.983024
v -2.105488 0.958062 -1.018754
v -2.168747 0.840688 -1.055539
v -1.700970 0.834422 -0.682503
v -1.773428 0.947112 -0.702744
v -1.843197 1.017283 -0.727635
v -1.910814 1.056242 -0.756286
v -1.976516 1.068526 -0.788295
v -2.040369 1.055408 -0.823551
v -2.102306 1.015617 -0.862165
v -2.162091 0.944613 -0.904539
v -2.219188 0.831090 -0.951563
v -1.762319 0.812038 -0.584620
v -1.838012 0.913489 -0.593353
v -1.909219 0.977104 -0.610255
v -1.976766 1.012524 -0.633857
v -2.041028 1.023691 -0.663487
v -2.102118 1.011718 -0.698940
v -2.159922 0.975492 -0.740421
v -2.214067 0.911071 -0.788601
v -2.263726 0.808813 -0.844951
v -1.829672 0.775542 -0.490327
v -1.906863 0.856788 -0.486953
v -1.977839 0.908506 -0.495183
v -2.043694 0.937481 -0.512993
v -2.104934 0.946611 -0.539449
v -2.161709 0.936723 -0.574267
v -2.213868 0.906989 -0.617730
v -2.260906 0.854512 -0.670774
v -2.301731 0.772507 -0.735421
v -1.904259 0.722039 -0.400364
v -1.980816 0.770157 -0.384211
v -2.049519 0.801804 -0.382980
v -2.111707 0.819786 -0.394129
v -2.168008 0.825421 -0.416465
v -2.218608 0.819099 -0.449632
v -2.263319 0.800429 -0.493986
v -2.301517 0.768094 -0.550719
v -2.331860 0.719289 -0.622375
v -1.459776 -0.210194 1.244906
v -1.490120 -0.259002 1.316561
v -1.528316 -0.291336 1.373294
v -1.573029 -0.310004 1.417648
v -1.623629 -0.316326 1.450815
v -1.679930 -0.310692 1.473151
v -1.742117 -0.292711 1.484299
v -1.810821 -0.261064 1.483069
v -1.417643 -0.088622 1.273206
v -1.439208 -0.124043 1.375525
v -1.474291 -0.147606 1.451952
v -1.519811 -0.161279 1.508401
v -1.574448 -0.165998 1.547401
v -1.637826 -0.162038 1.569674
v -1.710320 -0.149124 1.574499
v -1.793251 -0.126320 1.559345
v -1.390597 0.032409 1.290912
v -1.407240 0.010015 1.411843
v -1.440958 -0.004999 1.499978
v -1.487422 -0.013796 1.563638
v -1.544861 -0.016942 1.606232
v -1.612773 -0.014602 1.628721
v -1.691661 -0.006611 1.630143
v -1.783295 0.007597 1.607091
v -1.376071 0.152997 1.299830
v -1.390212 0.143378 1.430876
v -1.423373 0.136768 1.525325
v -1.470511 0.132774 1.592888
v -1.529597 0.131186 1.637466
v -1.600065 0.131941 1.660153
v -1.682482 0.135101 1.659855
v -1.778875 0.140879 1.632671
v -1.372855 0.273182 1.300806
v -1.386368 0.276134 1.434894
v -1.419474 0.277813 1.531228
v -1.466904 0.278563 1.599964
v -1.526551 0.278519 1.645157
v -1.597829 0.277721 1.667941
v -1.681325 0.276129 1.667181
v -1.779145 0.273608 1.638825
v -1.380593 0.392977 1.294092
v -1.395204 0.408307 1.424542
v -1.428676 0.418167 1.518597
v -1.475991 0.423608 1.585933
v -1.535136 0.425098 1.630438
v -1.605546 0.422775 1.653198
v -1.687785 0.416500 1.653126
v -1.783868 0.405807 1.626337
v -1.399642 0.512366 1.279435
v -1.417225 0.539872 1.399173
v -1.451564 0.557799 1.486521
v -1.498384 0.567873 1.549730
v -1.555939 0.570882 1.592177
v -1.623735 0.567066 1.614813
v -1.702267 0.556187 1.616686
v -1.793280 0.537454 1.594422
v -1.431210 0.631311 1.255991
v -1.454185 0.670743 1.356520
v -1.490200 0.696593 1.431766
v -1.536253 0.711224 1.487538
v -1.591065 0.715740 1.526318
v -1.654268 0.710465 1.548812
v -1.726229 0.695075 1.554313
v -1.808229 0.668466 1.540340
v -1.887377 -0.212944 1.466918
v -1.961965 -0.266450 1.376953
v -2.029317 -0.302945 1.282660
v -2.090667 -0.325328 1.184776
v -2.146592 -0.334961 1.083650
v -2.197265 -0.332248 0.979380
v -2.242514 -0.316785 0.871865
v -2.281760 -0.287210 0.760759
v -1.889701 -0.091658 1.518299
v -1.984678 -0.133141 1.424946
v -2.066577 -0.161819 1.324375
v -2.138410 -0.179876 1.218221
v -2.201458 -0.188340 1.107185
v -2.256092 -0.187515 0.991466
v -2.301941 -0.177098 0.870868
v -2.337723 -0.156060 0.744687
v -1.892004 0.029185 1.551243
v -1.999725 -0.000115 1.455137
v -2.090642 -0.020828 1.350024
v -2.169042 -0.034424 1.238172
v -2.236676 -0.041593 1.120518
v -2.294039 -0.042538 0.997322
v -2.340638 -0.037057 0.868323
v -2.374717 -0.024459 0.732589
v -1.894289 0.149665 1.568890
v -2.009192 0.132672 1.470968
v -2.105181 0.120039 1.363083
v -2.187287 0.111016 1.247872
v -2.257530 0.105248 1.126394
v -2.316475 0.102630 0.998947
v -2.363559 0.103266 0.865231
v -2.396759 0.107512 0.724191
v -1.896558 0.269814 1.572713
v -2.013934 0.265242 1.473981
v -2.111660 0.260795 1.365049
v -2.195021 0.256441 1.248659
v -2.266131 0.252166 1.125908
v -2.325578 0.247966 0.997099
v -2.372771 0.243844 0.861930
v -2.405601 0.239815 0.719304
v -1.898811 0.389644 1.563152
v -2.014185 0.397601 1.464634
v -2.110484 0.401439 1.356355
v -2.192768 0.401851 1.240918
v -2.263069 0.399159 1.119366
v -2.321956 0.393464 0.991992
v -2.368862 0.384665 0.858502
v -2.401752 0.372440 0.717856
v -1.901049 0.509142 1.539767
v -2.009710 0.529742 1.442468
v -2.101248 0.541970 1.336566
v -2.180004 0.547245 1.224263
v -2.247753 0.546231 1.106463
v -2.305001 0.539130 0.983414
v -2.351244 0.525741 0.854866
v -2.384702 0.505398 0.719920
v -1.903268 0.628276 1.501085
v -1.999656 0.661645 1.405942
v -2.082486 0.682381 1.304189
v -2.154852 0.692628 1.197358
v -2.218075 0.693397 1.086102
v -2.272534 0.684988 0.970604
v -2.317850 0.667102 0.850682
v -2.352700 0.638726 0.725683
v -2.313770 -0.240625 0.645328
v -2.281546 -0.291623 0.576057
v -2.242107 -0.325170 0.520900
v -2.196685 -0.344239 0.477448
v -2.145853 -0.350228 0.444575
v -2.089784 -0.343551 0.421945
v -2.028307 -0.323795 0.409894
v -1.960846 -0.289560 0.409549
v -2.360427 -0.122217 0.611288
v -2.337452 -0.161648 0.510759
v -2.301437 -0.187498 0.435513
v -2.255384 -0.202129 0.379741
v -2.200572 -0.206645 0.340963
v -2.137369 -0.201370 0.318467
v -2.065408 -0.185981 0.312966
v -1.983408 -0.159372 0.326939
v -2.391994 -0.003273 0.587843
v -2.374412 -0.030777 0.468106
v -2.340073 -0.048705 0.380758
v -2.293252 -0.058778 0.317551
v -2.235697 -0.061790 0.275104
v -2.167900 -0.057972 0.252468
v -2.089370 -0.047093 0.250593
v -1.998357 -0.028359 0.272857
v -2.411044 0.116118 0.573187
v -2.396433 0.100788 0.442738
v -2.362960 0.090926 0.348685
v -2.315645 0.085487 0.281347
v -2.256501 0.083997 0.236841
v -2.186090 0.086320 0.214083
v -2.103851 0.092592 0.214155
v -2.007770 0.103287 0.240943
v -2.418782 0.235913 0.566473
v -2.405268 0.232961 0.432387
v -2.372161 0.231282 0.336053
v -2.324733 0.230532 0.267315
v -2.265086 0.230575 0.222122
v -2.193808 0.231374 0.199339
v -2.110310 0.232965 0.200099
v -2.012491 0.235487 0.228456
v -2.415566 0.356098 0.567449
v -2.401426 0.365717 0.436403
v -2.368263 0.372325 0.341956
v -2.321126 0.376321 0.274393
v -2.262040 0.377908 0.229813
v -2.191571 0.377154 0.207128
v -2.109154 0.373991 0.207426
v -2.012762 0.368216 0.234608
v -2.401039 0.476683 0.576367
v -2.384397 0.499080 0.455436
v -2.350679 0.514093 0.367301
v -2.304213 0.522891 0.303642
v -2.246775 0.526035 0.261048
v -2.178862 0.523697 0.238559
v -2.099977 0.515706 0.237136
v -2.008342 0.501498 0.260187
v -2.373994 0.597717 0.594073
v -2.352430 0.633138 0.491755
v -2.317346 0.656701 0.415327
v -2.271826 0.670374 0.358878
v -2.217188 0.675093 0.319880
v -2.153811 0.671133 0.297605
v -2.081317 0.658219 0.292780
v -1.998386 0.635414 0.307934
v -1.886169 -0.237875 0.423316
v -1.809702 -0.284175 0.515666
v -1.741107 -0.313561 0.611533
v -1.679047 -0.328915 0.710320
v -1.622890 -0.331593 0.811743
v -1.572449 -0.321995 0.915716
v -1.527910 -0.299721 1.022328
v -1.489906 -0.263414 1.131859
v -1.888368 -0.119181 0.366194
v -1.791981 -0.152550 0.461337
v -1.709150 -0.173286 0.563090
v -1.636785 -0.183533 0.669921
v -1.573561 -0.184303 0.781179
v -1.519103 -0.175893 0.896676
v -1.473787 -0.158007 1.016597
v -1.438937 -0.129632 1.141596
v -1.890587 -0.000049 0.327512
v -1.781927 -0.020647 0.424811
v -1.690389 -0.032876 0.530713
v -1.611634 -0.038150 0.643016
v -1.543883 -0.037139 0.760818
v -1.486636 -0.030036 0.883865
v -1.440394 -0.016647 1.012413
v -1.406935 0.003697 1.147359
v -1.892826 0.119450 0.304127
v -1.777452 0.111494 0.402646
v -1.681153 0.107654 0.510924
v -1.598869 0.107244 0.626364
v -1.528568 0.109936 0.747915
v -1.469680 0.115631 0.875289
v -1.422775 0.124427 1.008777
v -1.389886 0.136654 1.149423
v -1.895079 0.239280 0.294566
v -1.777703 0.243853 0.393298
v -1.679978 0.248299 0.502230
v -1.596616 0.252653 0.618620
v -1.525504 0.256929 0.741373
v -1.466059 0.261129 0.870180
v -1.418866 0.265250 1.005349
v -1.386037 0.269279 1.147976
v -1.897348 0.359430 0.298389
v -1.782445 0.376423 0.396311
v -1.686456 0.389053 0.504196
v -1.604349 0.398078 0.619409
v -1.534106 0.403847 0.740887
v -1.475161 0.406465 0.868335
v -1.428078 0.405827 1.002048
v -1.394878 0.401583 1.143088
v -1.899632 0.479908 0.316036
v -1.791912 0.509210 0.412141
v -1.700995 0.529923 0.517255
v -1.622595 0.543519 0.629107
v -1.554960 0.550686 0.746763
v -1.497598 0.551633 0.869957
v -1.451000 0.546152 0.998956
v -1.416920 0.533554 1.134690
v -1.901936 0.600753 0.348979
v -1.806959 0.642235 0.442333
v -1.725060 0.670913 0.542904
v -1.653228 0.688970 0.649058
v -1.590178 0.697435 0.760096
v -1.535545 0.696610 0.875813
v -1.489696 0.686193 0.996411
v -1.453914 0.665155 1.122592
v -1.883775 -0.368336 0.516247
v -1.952761 -0.422238 0.527002
v -2.017495 -0.452788 0.546236
v -2.078370 -0.462943 0.573153
v -2.135509 -0.453547 0.607509
v -2.188790 -0.423755 0.649549
v -2.237819 -0.370613 0.700067
v -1.812933 -0.417255 0.625172
v -1.881711 -0.482626 0.645158
v -1.947897 -0.519396 0.670487
v -2.011720 -0.531547 0.700674
v -2.073248 -0.520202 0.735570
v -2.132414 -0.484239 0.775324
v -2.188989 -0.419673 0.820421
v -1.747228 -0.443158 0.735986
v -1.814328 -0.514637 0.764265
v -1.880456 -0.554700 0.794805
v -1.945677 -0.567907 0.827424
v -2.010010 -0.555533 0.862070
v -2.073437 -0.516303 0.898795
v -2.135892 -0.445657 0.937781
v -1.686148 -0.448967 0.848527
v -1.750238 -0.522230 0.884257
v -1.814936 -0.563248 0.919217
v -1.880152 -0.576763 0.953518
v -1.945861 -0.564090 0.987194
v -2.012089 -0.523914 1.020211
v -2.078925 -0.451493 1.052458
v -1.629546 -0.435518 0.962741
v -1.689331 -0.506522 1.005114
v -1.751267 -0.546314 1.043730
v -1.815121 -0.559431 1.078984
v -1.880822 -0.547147 1.110995
v -1.948440 -0.508188 1.139644
v -2.018209 -0.438017 1.164536
v -1.577570 -0.401976 1.078679
v -1.631715 -0.466397 1.126859
v -1.689519 -0.502623 1.168339
v -1.750608 -0.514596 1.203793
v -1.814870 -0.503429 1.233422
v -1.882418 -0.468009 1.257025
v -1.953625 -0.404394 1.273927
v -1.530731 -0.345417 1.196506
v -1.577769 -0.397894 1.249550
v -1.629928 -0.427628 1.293013
v -1.686703 -0.437517 1.327830
v -1.747943 -0.428387 1.354287
v -1.813798 -0.399412 1.372097
v -1.884774 -0.347694 1.380326
v -1.477865 0.749719 1.221954
v -1.510091 0.800715 1.291222
v -1.549529 0.834262 1.346379
v -1.594952 0.853333 1.389831
v -1.645784 0.859323 1.422704
v -1.701853 0.852646 1.445334
v -1.763329 0.832887 1.457385
v -1.830791 0.798653 1.457730
v -1.905467 0.746970 1.443965
v -1.509877 0.796303 1.106520
v -1.553818 0.879707 1.167212
v -1.602847 0.932850 1.217730
v -1.656128 0.962641 1.259770
v -1.713267 0.972038 1.294126
v -1.774142 0.961883 1.321044
v -1.838876 0.931332 1.340277
v -1.907862 0.877431 1.351032
v -1.981935 0.793267 1.351614
v -1.549123 0.825878 0.995414
v -1.602648 0.928768 1.046859
v -1.659224 0.993333 1.091955
v -1.718388 1.029297 1.131709
v -1.779917 1.040642 1.166605
v -1.843739 1.028491 1.196792
v -1.909927 0.991721 1.222121
v -1.978703 0.926350 1.242108
v -2.050529 0.822654 1.255745
v -1.594373 0.841342 0.887900
v -1.655746 0.954751 0.929498
v -1.718200 1.025398 0.968484
v -1.781626 1.064628 1.005211
v -1.845960 1.077002 1.039855
v -1.911180 1.063795 1.072476
v -1.977309 1.023731 1.103014
v -2.044409 0.952252 1.131293
v -2.112590 0.838010 1.156959
v -1.645045 0.844056 0.783631
v -1.712711 0.960587 0.814823
v -1.779546 1.033008 0.847070
v -1.845775 1.073185 0.880088
v -1.911484 1.085856 0.913763
v -1.976700 1.072343 0.948065
v -2.041398 1.031325 0.983023
v -2.105488 0.958062 1.018754
v -2.168747 0.840688 1.055539
v -1.700970 0.834422 0.682503
v -1.773428 0.947112 0.702743
v -1.843197 1.017283 0.727635
v -1.910815 1.056242 0.756286
v -1.976516 1.068526 0.788295
v -2.040369 1.055408 0.823551
v -2.102307 1.015617 0.862165
v -2.162091 0.944613 0.904538
v -2.219188 0.831090 0.951563
v -1.762319 0.812037 0.584619
v -1.838012 0.913489 0.593352
v -1.909220 0.977104 0.610255
v -1.976766 1.012524 0.633857
v -2.041029 1.023691 0.663486
v -2.102118 1.011718 0.698940
v -2.159922 0.975492 0.740420
v -2.214067 0.911071 0.788601
v -2.263726 0.808813 0.844950
v -1.829672 0.775542 0.490326
v -1.906863 0.856788 0.486953
v -1.977839 0.908506 0.495182
v -2.043694 0.937481 0.512993
v -2.104934 0.946611 0.539449
v -2.161709 0.936723 0.574266
v -2.213868 0.906989 0.617729
v -2.260906 0.854512 0.670773
v -2.301731 0.772507 0.735420
v -1.904259 0.722039 0.400364
v -1.980816 0.770156 0.384210
v -2.049519 0.801804 0.382979
v -2.111707 0.819786 0.394128
v -2.168008 0.825421 0.416464
v -2.218608 0.819099 0.449631
v -2.263319 0.800429 0.493985
v -2.301517 0.768094 0.550718
v -2.331860 0.719289 0.622375
v -0.000518 2.100235 -0.844413
v 0.135409 2.100235 -0.831026
v 0.266112 2.100235 -0.791377
v 0.386568 2.100235 -0.726992
v 0.492149 2.100235 -0.640344
v 0.578797 2.100235 -0.534763
v 0.643183 2.100235 -0.414306
v 0.682831 2.100235 -0.283604
v 0.696219 2.100235 -0.147677
v 0.682831 2.100235 -0.011750
v 0.643183 2.100235 0.118952
v 0.578797 2.100235 0.239409
v 0.492149 2.100235 0.344990
v 0.386568 2.100235 0.431638
v 0.266112 2.100235 0.496023
v 0.135409 2.100235 0.535672
v -0.000518 2.100235 0.549059
v -0.136444 2.100235 0.535672
v -0.267147 2.100235 0.496023
v -0.387604 2.100235 0.431638
v -0.493185 2.100235 0.344990
v -0.579833 2.100235 0.239409
v -0.644218 2.100235 0.118953
v -0.683867 2.100235 -0.011750
v -0.697254 2.100235 -0.147677
v -0.683867 2.100235 -0.283604
v -0.644218 2.100235 -0.414307
v -0.579833 2.100235 -0.534763
v -0.493185 2.100235 -0.640344
v -0.387604 2.100235 -0.726992
v -0.267147 2.100235 -0.791378
v -0.136444 2.100235 -0.831026
v -0.000518 7.211206 -0.147677
v 0.576833 1.627173 -0.689758
v 0.432495 1.567146 -0.749786
v 0.288157 1.527520 -0.789411
v 0.143820 1.504821 -0.812110
v -0.000518 1.497417 -0.819515
v -0.144855 1.504821 -0.812110
v -0.289193 1.527520 -0.789411
v -0.433530 1.567146 -0.749786
v 0.636860 1.771511 -0.749786
v 0.477515 1.726490 -0.849272
v 0.318171 1.696771 -0.912799
v 0.158827 1.679747 -0.948601
v -0.000518 1.674193 -0.960199
v -0.159862 1.679747 -0.948601
v -0.319206 1.696771 -0.912799
v -0.478551 1.726490 -0.849272
v 0.676486 1.915848 -0.789411
v 0.507235 1.885835 -0.912799
v 0.337984 1.866022 -0.990379
v 0.168733 1.854672 -1.033798
v -0.000518 1.850970 -1.047822
v -0.169768 1.854672 -1.033798
v -0.339019 1.866022 -0.990379
v -0.508270 1.885835 -0.912799
v 0.699185 2.060186 -0.812110
v 0.524259 2.045179 -0.948601
v 0.349333 2.035273 -1.033798
v 0.174408 2.029598 -1.081326
v -0.000518 2.027747 -1.096659
v -0.175443 2.029598 -1.081326
v -0.350369 2.035273 -1.033798
v -0.525294 2.045179 -0.948601
v 0.706589 2.204524 -0.819515
v 0.529812 2.204524 -0.960199
v 0.353036 2.204524 -1.047822
v 0.176259 2.204524 -1.096659
v -0.000518 2.204524 -1.112408
v -0.177294 2.204524 -1.096659
v -0.354071 2.204524 -1.047822
v -0.530848 2.204524 -0.960199
v 0.699185 2.348861 -0.812110
v 0.524259 2.363868 -0.948601
v 0.349333 2.373775 -1.033798
v 0.174408 2.379449 -1.081326
v -0.000518 2.381300 -1.096659
v -0.175443 2.379449 -1.081326
v -0.350369 2.373775 -1.033798
v -0.525294 2.363868 -0.948601
v 0.676486 2.493199 -0.789411
v 0.507235 2.523212 -0.912799
v 0.337984 2.543025 -0.990379
v 0.168733 2.554375 -1.033798
v -0.000518 2.558077 -1.047822
v -0.169768 2.554375 -1.033798
v -0.339019 2.543025 -0.990379
v -0.508270 2.523212 -0.912799
v 0.636860 2.637536 -0.749786
v 0.477515 2.682557 -0.849272
v 0.318171 2.712276 -0.912799
v 0.158827 2.729300 -0.948601
v -0.000518 2.734854 -0.960199
v -0.159862 2.729300 -0.948601
v -0.319206 2.712276 -0.912799
v -0.478551 2.682557 -0.849272
v -0.577868 1.627173 -0.689758
v -0.637895 1.567146 -0.545421
v -0.677521 1.527520 -0.401083
v -0.700220 1.504821 -0.256746
v -0.707624 1.497417 -0.112408
v -0.700220 1.504821 0.031929
v -0.677521 1.527520 0.176267
v -0.637895 1.567146 0.320605
v -0.637895 1.771511 -0.749786
v -0.737382 1.726490 -0.590441
v -0.800908 1.696771 -0.431097
v -0.836711 1.679747 -0.271753
v -0.848309 1.674193 -0.112408
v -0.836711 1.679747 0.046936
v -0.800908 1.696771 0.206281
v -0.737382 1.726490 0.365625
v -0.677521 1.915848 -0.789411
v -0.800908 1.885835 -0.620161
v -0.878489 1.866022 -0.450910
v -0.921907 1.854672 -0.281659
v -0.935932 1.850970 -0.112408
v -0.921907 1.854672 0.056843
v -0.878489 1.866022 0.226093
v -0.800908 1.885835 0.395344
v -0.700220 2.060186 -0.812110
v -0.836711 2.045179 -0.637185
v -0.921907 2.035273 -0.462259
v -0.969436 2.029598 -0.287334
v -0.984769 2.027747 -0.112408
v -0.969436 2.029598 0.062517
v -0.921907 2.035273 0.237443
v -0.836711 2.045179 0.412369
v -0.707624 2.204524 -0.819515
v -0.848309 2.204524 -0.642738
v -0.935932 2.204524 -0.465962
v -0.984769 2.204524 -0.289185
v -1.000518 2.204524 -0.112408
v -0.984769 2.204524 0.064369
v -0.935932 2.204524 0.241145
v -0.848309 2.204524 0.417922
v -0.700220 2.348861 -0.812110
v -0.836711 2.363868 -0.637185
v -0.921907 2.373775 -0.462259
v -0.969436 2.379449 -0.287334
v -0.984769 2.381300 -0.112408
v -0.969436 2.379449 0.062517
v -0.921907 2.373775 0.237443
v -0.836711 2.363868 0.412369
v -0.677521 2.493199 -0.789411
v -0.800908 2.523212 -0.620161
v -0.878489 2.543025 -0.450910
v -0.921907 2.554375 -0.281659
v -0.935932 2.558077 -0.112408
v -0.921907 2.554375 0.056843
v -0.878489 2.543025 0.226093
v -0.800908 2.523212 0.395344
v -0.637895 2.637536 -0.749786
v -0.737382 2.682557 -0.590441
v -0.800908 2.712276 -0.431097
v -0.836711 2.729300 -0.271753
v -0.848309 2.734854 -0.112408
v -0.836711 2.729300 0.046936
v -0.800908 2.712276 0.206281
v -0.737382 2.682557 0.365625
v -0.577868 1.627173 0.464942
v -0.433530 1.567146 0.524969
v -0.289193 1.527520 0.564595
v -0.144855 1.504821 0.587294
v -0.000518 1.497417 0.594699
v 0.143820 1.504821 0.587294
v 0.288157 1.527520 0.564595
v 0.432495 1.567146 0.524969
v -0.637895 1.771511 0.524969
v -0.478551 1.726490 0.624456
v -0.319206 1.696771 0.687982
v -0.159862 1.679747 0.723785
v -0.000518 1.674193 0.735383
v 0.158827 1.679747 0.723785
v 0.318171 1.696771 0.687982
v 0.477515 1.726490 0.624456
v -0.677521 1.915848 0.564595
v -0.508270 1.885835 0.687982
v -0.339019 1.866022 0.765563
v -0.169768 1.854672 0.808981
v -0.000518 1.850970 0.823006
v 0.168733 1.854672 0.808981
v 0.337984 1.866022 0.765563
v 0.507235 1.885835 0.687982
v -0.700220 2.060186 0.587294
v -0.525294 2.045179 0.723785
v -0.350369 2.035273 0.808981
v -0.175443 2.029598 0.856510
v -0.000518 2.027747 0.871843
v 0.174408 2.029598 0.856510
v 0.349333 2.035273 0.808981
v 0.524259 2.045179 0.723785
v -0.707624 2.204524 0.594699
v -0.530848 2.204524 0.735383
v -0.354071 2.204524 0.823006
v -0.177294 2.204524 0.871843
v -0.000518 2.204524 0.887592
v 0.176259 2.204524 0.871843
v 0.353036 2.204524 0.823006
v 0.529812 2.204524 0.735383
v -0.700220 2.348861 0.587294
v -0.525294 2.363868 0.723785
v -0.350369 2.373775 0.808981
v -0.175443 2.379449 0.856510
v -0.000518 2.381300 0.871843
v 0.174408 2.379449 0.856510
v 0.349333 2.373775 0.808981
v 0.524259 2.363868 0.723785
v -0.677521 2.493199 0.564595
v -0.508270 2.523212 0.687982
v -0.339019 2.543025 0.765563
v -0.169768 2.554375 0.808981
v -0.000518 2.558077 0.823006
v 0.168733 2.554375 0.808981
v 0.337984 2.543025 0.765563
v 0.507235 2.523212 0.687982
v -0.637895 2.637536 0.524969
v -0.478551 2.682557 0.624456
v -0.319206 2.712276 0.687982
v -0.159862 2.729300 0.723785
v -0.000518 2.734854 0.735383
v 0.158827 2.729300 0.723785
v 0.318171 2.712276 0.687982
v 0.477515 2.682557 0.624456
v 0.576833 1.627173 0.464942
v 0.636860 1.567146 0.320605
v 0.676486 1.527520 0.176267
v 0.699185 1.504821 0.031929
v 0.706589 1.497417 -0.112408
v 0.699185 1.504821 -0.256746
v 0.676486 1.527520 -0.401083
v 0.636860 1.567146 -0.545421
v 0.636860 1.771511 0.524969
v 0.736346 1.726490 0.365625
v 0.799873 1.696771 0.206281
v 0.835675 1.679747 0.046936
v 0.847274 1.674193 -0.112408
v 0.835675 1.679747 -0.271753
v 0.799873 1.696771 -0.431097
v 0.736346 1.726490 -0.590441
v 0.676486 1.915848 0.564595
v 0.799873 1.885835 0.395344
v 0.877454 1.866022 0.226093
v 0.920872 1.854672 0.056843
v 0.934897 1.850970 -0.112408
v 0.920872 1.854672 -0.281659
v 0.877454 1.866022 -0.450910
v 0.799873 1.885835 -0.620161
v 0.699185 2.060186 0.587294
v 0.835675 2.045179 0.412369
v 0.920872 2.035273 0.237443
v 0.968400 2.029598 0.062517
v 0.983733 2.027747 -0.112408
v 0.968400 2.029598 -0.287334
v 0.920872 2.035273 -0.462259
v 0.835675 2.045179 -0.637185
v 0.706589 2.204524 0.594699
v 0.847274 2.204524 0.417922
v 0.934897 2.204524 0.241145
v 0.983733 2.204524 0.064369
v 0.999482 2.204524 -0.112408
v 0.983733 2.204524 -0.289185
v 0.934897 2.204524 -0.465962
v 0.847274 2.204524 -0.642738
v 0.699185 2.348861 0.587294
v 0.835675 2.363868 0.412369
v 0.920872 2.373775 0.237443
v 0.968400 2.379449 0.062517
v 0.983733 2.381300 -0.112408
v 0.968400 2.379449 -0.287334
v 0.920872 2.373775 -0.462259
v 0.835675 2.363868 -0.637185
v 0.676486 2.493199 0.564595
v 0.799873 2.523212 0.395344
v 0.877454 2.543025 0.226093
v 0.920872 2.554375 0.056843
v 0.934897 2.558077 -0.112408
v 0.920872 2.554375 -0.281659
v 0.877454 2.543025 -0.450910
v 0.799873 2.523212 -0.620161
v 0.636860 2.637536 0.524969
v 0.736346 2.682557 0.365625
v 0.799873 2.712276 0.206281
v 0.835675 2.729300 0.046936
v 0.847274 2.734854 -0.112408
v 0.835675 2.729300 -0.271753
v 0.799873 2.712276 -0.431097
v 0.736346 2.682557 -0.590441
v 0.477515 1.467659 0.365625
v 0.318171 1.404133 0.395344
v 0.158827 1.368330 0.412369
v -0.000518 1.356732 0.417922
v -0.159862 1.368330 0.412369
v -0.319206 1.404133 0.395344
v -0.478551 1.467659 0.365625
v 0.507235 1.404133 0.206281
v 0.337984 1.326553 0.226093
v 0.168733 1.283134 0.237443
v -0.000518 1.269109 0.241145
v -0.169768 1.283134 0.237443
v -0.339019 1.326553 0.226093
v -0.508270 1.404133 0.206281
v 0.524259 1.368330 0.046936
v 0.349333 1.283134 0.056843
v 0.174408 1.235605 0.062517
v -0.000518 1.220273 0.064369
v -0.175443 1.235605 0.062517
v -0.350369 1.283134 0.056843
v -0.525294 1.368330 0.046936
v 0.529812 1.356732 -0.112408
v 0.353036 1.269109 -0.112408
v 0.176259 1.220273 -0.112408
v -0.000518 1.204524 -0.112408
v -0.177294 1.220273 -0.112408
v -0.354071 1.269109 -0.112408
v -0.530848 1.356732 -0.112408
v 0.524259 1.368330 -0.271753
v 0.349333 1.283134 -0.281659
v 0.174408 1.235605 -0.287334
v -0.000518 1.220273 -0.289185
v -0.175443 1.235605 -0.287334
v -0.350369 1.283134 -0.281659
v -0.525294 1.368330 -0.271753
v 0.507235 1.404133 -0.431097
v 0.337984 1.326553 -0.450910
v 0.168733 1.283134 -0.462259
v -0.000518 1.269109 -0.465962
v -0.169768 1.283134 -0.462259
v -0.339019 1.326553 -0.450910
v -0.508270 1.404133 -0.431097
v 0.477515 1.467659 -0.590441
v 0.318171 1.404133 -0.620161
v 0.158827 1.368330 -0.637185
v -0.000518 1.356732 -0.642738
v -0.159862 1.368330 -0.637185
v -0.319206 1.404133 -0.620161
v -0.478551 1.467659 -0.590441
v 0.576833 2.781874 -0.689758
v 0.432495 2.841901 -0.749786
v 0.288157 2.881527 -0.789411
v 0.143820 2.904226 -0.812110
v -0.000518 2.911631 -0.819515
v -0.144855 2.904226 -0.812110
v -0.289193 2.881527 -0.789411
v -0.433530 2.841901 -0.749786
v -0.577868 2.781874 -0.689758
v 0.636860 2.841901 -0.545421
v 0.477515 2.941388 -0.590441
v 0.318171 3.004914 -0.620161
v 0.158827 3.040717 -0.637185
v -0.000518 3.052315 -0.642738
v -0.159862 3.040717 -0.637185
v -0.319206 3.004914 -0.620161
v -0.478551 2.941388 -0.590441
v -0.637895 2.841901 -0.545421
v 0.676486 2.881527 -0.401083
v 0.507235 3.004914 -0.431097
v 0.337984 3.082495 -0.450910
v 0.168733 3.125913 -0.462259
v -0.000518 3.139938 -0.465962
v -0.169768 3.125913 -0.462259
v -0.339019 3.082495 -0.450910
v -0.508270 3.004914 -0.431097
v -0.677521 2.881527 -0.401083
v 0.699185 2.904226 -0.256746
v 0.524259 3.040717 -0.271753
v 0.349333 3.125913 -0.281659
v 0.174408 3.173442 -0.287334
v -0.000518 3.188775 -0.289185
v -0.175443 3.173442 -0.287334
v -0.350369 3.125913 -0.281659
v -0.525294 3.040717 -0.271753
v -0.700220 2.904226 -0.256746
v 0.706589 2.911631 -0.112408
v 0.529812 3.052315 -0.112408
v 0.353036 3.139938 -0.112408
v 0.176259 3.188775 -0.112408
v -0.000518 3.204524 -0.112408
v -0.177294 3.188775 -0.112408
v -0.354071 3.139938 -0.112408
v -0.530848 3.052315 -0.112408
v -0.707624 2.911631 -0.112408
v 0.699185 2.904226 0.031929
v 0.524259 3.040717 0.046936
v 0.349333 3.125913 0.056843
v 0.174408 3.173442 0.062517
v -0.000518 3.188775 0.064369
v -0.175443 3.173442 0.062517
v -0.350369 3.125913 0.056843
v -0.525294 3.040717 0.046936
v -0.700220 2.904226 0.031929
v 0.676486 2.881527 0.176267
v 0.507235 3.004914 0.206281
v 0.337984 3.082495 0.226093
v 0.168733 3.125913 0.237443
v -0.000518 3.139938 0.241145
v -0.169768 3.125913 0.237443
v -0.339019 3.082495 0.226093
v -0.508270 3.004914 0.206281
v -0.677521 2.881527 0.176267
v 0.636860 2.841901 0.320605
v 0.477515 2.941388 0.365625
v 0.318171 3.004914 0.395344
v 0.158827 3.040717 0.412369
v -0.000518 3.052315 0.417922
v -0.159862 3.040717 0.412369
v -0.319206 3.004914 0.395344
v -0.478551 2.941388 0.365625
v -0.637895 2.841901 0.320605
v 0.576833 2.781874 0.464942
v 0.432495 2.841901 0.524969
v 0.288157 2.881527 0.564595
v 0.143820 2.904226 0.587294
v -0.000518 2.911631 0.594699
v -0.144855 2.904226 0.587294
v -0.289193 2.881527 0.564595
v -0.433530 2.841901 0.524969
v -0.577868 2.781874 0.464942
v -0.000518 -2.100235 -0.844413
v 0.135409 -2.100235 -0.831026
v 0.266112 -2.100235 -0.791377
v 0.386568 -2.100235 -0.726992
v 0.492149 -2.100235 -0.640344
v 0.578797 -2.100235 -0.534763
v 0.643183 -2.100235 -0.414306
v 0.682831 -2.100235 -0.283604
v 0.696219 -2.100235 -0.147677
v 0.682831 -2.100235 -0.011750
v 0.643183 -2.100235 0.118952
v 0.578797 -2.100235 0.239409
v 0.492149 -2.100235 0.344990
v 0.386568 -2.100235 0.431638
v 0.266112 -2.100235 0.496023
v 0.135409 -2.100235 0.535672
v -0.000518 -2.100235 0.549059
v -0.136444 -2.100235 0.535672
v -0.267147 -2.100235 0.496023
v -0.387604 -2.100235 0.431638
v -0.493185 -2.100235 0.344990
v -0.579833 -2.100235 0.239409
v -0.644218 -2.100235 0.118953
v -0.683867 -2.100235 -0.011750
v -0.697254 -2.100235 -0.147677
v -0.683867 -2.100235 -0.283604
v -0.644218 -2.100235 -0.414307
v -0.579833 -2.100235 -0.534763
v -0.493185 -2.100235 -0.640344
v -0.387604 -2.100235 -0.726992
v -0.267147 -2.100235 -0.791378
v -0.136444 -2.100235 -0.831026
v -0.000518 -7.211205 -0.147676
v 0.576833 -1.627173 -0.689758
v 0.432495 -1.567146 -0.749786
v 0.288157 -1.527521 -0.789411
v 0.143820 -1.504821 -0.812110
v -0.000518 -1.497417 -0.819515
v -0.144855 -1.504821 -0.812109
v -0.289193 -1.527521 -0.789411
v -0.433530 -1.567146 -0.749786
v 0.636860 -1.771511 -0.749786
v 0.477515 -1.726491 -0.849272
v 0.318171 -1.696772 -0.912799
v 0.158827 -1.679747 -0.948601
v -0.000518 -1.674193 -0.960198
v -0.159862 -1.679747 -0.948601
v -0.319206 -1.696772 -0.912799
v -0.478551 -1.726491 -0.849272
v 0.676486 -1.915849 -0.789411
v 0.507235 -1.885835 -0.912799
v 0.337984 -1.866022 -0.990379
v 0.168733 -1.854672 -1.033798
v -0.000518 -1.850971 -1.047822
v -0.169768 -1.854672 -1.033798
v -0.339019 -1.866022 -0.990378
v -0.508270 -1.885835 -0.912799
v 0.699185 -2.060186 -0.812110
v 0.524259 -2.045179 -0.948601
v 0.349333 -2.035273 -1.033798
v 0.174408 -2.029598 -1.081326
v -0.000518 -2.027747 -1.096659
v -0.175443 -2.029598 -1.081326
v -0.350369 -2.035273 -1.033798
v -0.525294 -2.045179 -0.948601
v 0.706589 -2.204523 -0.819515
v 0.529812 -2.204523 -0.960199
v 0.353036 -2.204524 -1.047822
v 0.176259 -2.204524 -1.096658
v -0.000518 -2.204523 -1.112408
v -0.177294 -2.204524 -1.096659
v -0.354071 -2.204523 -1.047822
v -0.530848 -2.204523 -0.960199
v 0.699185 -2.348861 -0.812109
v 0.524259 -2.363868 -0.948601
v 0.349333 -2.373775 -1.033798
v 0.174408 -2.379449 -1.081326
v -0.000518 -2.381300 -1.096659
v -0.175443 -2.379449 -1.081326
v -0.350369 -2.373775 -1.033798
v -0.525294 -2.363868 -0.948601
v 0.676486 -2.493198 -0.789411
v 0.507235 -2.523212 -0.912799
v 0.337984 -2.543025 -0.990379
v 0.168733 -2.554375 -1.033798
v -0.000518 -2.558077 -1.047822
v -0.169768 -2.554375 -1.033798
v -0.339019 -2.543025 -0.990379
v -0.508270 -2.523212 -0.912798
v 0.636860 -2.637537 -0.749786
v 0.477515 -2.682557 -0.849272
v 0.318171 -2.712276 -0.912799
v 0.158827 -2.729301 -0.948601
v -0.000518 -2.734853 -0.960199
v -0.159862 -2.729300 -0.948601
v -0.319206 -2.712276 -0.912799
v -0.478551 -2.682556 -0.849272
v -0.577868 -1.627173 -0.689758
v -0.637895 -1.567146 -0.545421
v -0.677521 -1.527521 -0.401083
v -0.700220 -1.504821 -0.256746
v -0.707624 -1.497417 -0.112408
v -0.700220 -1.504821 0.031929
v -0.677521 -1.527521 0.176267
v -0.637895 -1.567146 0.320605
v -0.637895 -1.771511 -0.749786
v -0.737382 -1.726491 -0.590441
v -0.800908 -1.696772 -0.431097
v -0.836711 -1.679747 -0.271753
v -0.848309 -1.674193 -0.112408
v -0.836711 -1.679747 0.046936
v -0.800908 -1.696772 0.206281
v -0.737382 -1.726491 0.365625
v -0.677521 -1.915849 -0.789411
v -0.800908 -1.885835 -0.620161
v -0.878489 -1.866022 -0.450910
v -0.921907 -1.854672 -0.281659
v -0.935932 -1.850971 -0.112408
v -0.921907 -1.854672 0.056843
v -0.878489 -1.866022 0.226093
v -0.800908 -1.885835 0.395344
v -0.700220 -2.060186 -0.812110
v -0.836711 -2.045179 -0.637185
v -0.921907 -2.035273 -0.462259
v -0.969436 -2.029598 -0.287334
v -0.984769 -2.027747 -0.112408
v -0.969436 -2.029598 0.062517
v -0.921907 -2.035273 0.237443
v -0.836711 -2.045179 0.412369
v -0.707624 -2.204523 -0.819515
v -0.848309 -2.204523 -0.642738
v -0.935932 -2.204523 -0.465962
v -0.984769 -2.204523 -0.289185
v -1.000518 -2.204523 -0.112408
v -0.984769 -2.204523 0.064369
v -0.935932 -2.204523 0.241145
v -0.848309 -2.204523 0.417922
v -0.700220 -2.348861 -0.812110
v -0.836711 -2.363868 -0.637185
v -0.921907 -2.373775 -0.462259
v -0.969436 -2.379449 -0.287333
v -0.984769 -2.381300 -0.112408
v -0.969436 -2.379449 0.062517
v -0.921907 -2.373775 0.237443
v -0.836711 -2.363869 0.412369
v -0.677521 -2.493198 -0.789411
v -0.800908 -2.523212 -0.620161
v -0.878489 -2.543025 -0.450910
v -0.921907 -2.554375 -0.281659
v -0.935932 -2.558077 -0.112408
v -0.921907 -2.554375 0.056843
v -0.878489 -2.543025 0.226093
v -0.800908 -2.523212 0.395344
v -0.637895 -2.637537 -0.749786
v -0.737382 -2.682556 -0.590441
v -0.800908 -2.712276 -0.431097
v -0.836711 -2.729300 -0.271753
v -0.848309 -2.734853 -0.112407
v -0.836711 -2.729300 0.046937
v -0.800908 -2.712276 0.206281
v -0.737382 -2.682556 0.365625
v -0.577868 -1.627173 0.464942
v -0.433530 -1.567146 0.524969
v -0.289193 -1.527521 0.564595
v -0.144855 -1.504821 0.587294
v -0.000518 -1.497417 0.594699
v 0.143820 -1.504821 0.587294
v 0.288157 -1.527521 0.564595
v 0.432495 -1.567146 0.524969
v -0.637895 -1.771511 0.524969
v -0.478551 -1.726491 0.624456
v -0.319206 -1.696772 0.687982
v -0.159862 -1.679747 0.723785
v -0.000518 -1.674193 0.735383
v 0.158827 -1.679747 0.723785
v 0.318171 -1.696772 0.687982
v 0.477515 -1.726491 0.624456
v -0.677521 -1.915849 0.564595
v -0.508270 -1.885835 0.687982
v -0.339019 -1.866022 0.765563
v -0.169768 -1.854672 0.808981
v -0.000518 -1.850971 0.823006
v 0.168733 -1.854672 0.808981
v 0.337984 -1.866022 0.765563
v 0.507235 -1.885835 0.687982
v -0.700220 -2.060186 0.587294
v -0.525294 -2.045179 0.723785
v -0.350369 -2.035273 0.808981
v -0.175443 -2.029598 0.856510
v -0.000518 -2.027747 0.871843
v 0.174408 -2.029598 0.856510
v 0.349333 -2.035273 0.808981
v 0.524259 -2.045179 0.723785
v -0.707624 -2.204523 0.594699
v -0.530848 -2.204523 0.735383
v -0.354071 -2.204523 0.823006
v -0.177294 -2.204523 0.871843
v -0.000518 -2.204524 0.887592
v 0.176259 -2.204523 0.871843
v 0.353036 -2.204523 0.823006
v 0.529812 -2.204523 0.735383
v -0.700220 -2.348861 0.587294
v -0.525294 -2.363868 0.723785
v -0.350369 -2.373775 0.808981
v -0.175443 -2.379449 0.856510
v -0.000518 -2.381300 0.871843
v 0.174408 -2.379449 0.856510
v 0.349333 -2.373775 0.808981
v 0.524259 -2.363868 0.723785
v -0.677521 -2.493198 0.564595
v -0.508270 -2.523212 0.687982
v -0.339019 -2.543025 0.765563
v -0.169768 -2.554375 0.808981
v -0.000518 -2.558077 0.823006
v 0.168733 -2.554375 0.808981
v 0.337984 -2.543025 0.765563
v 0.507235 -2.523212 0.687982
v -0.637895 -2.637537 0.524970
v -0.478551 -2.682556 0.624456
v -0.319206 -2.712276 0.687982
v -0.159862 -2.729300 0.723785
v -0.000518 -2.734853 0.735383
v 0.158827 -2.729300 0.723785
v 0.318171 -2.712276 0.687982
v 0.477515 -2.682556 0.624456
v 0.576833 -1.627173 0.464942
v 0.636860 -1.567146 0.320605
v 0.676486 -1.527521 0.176267
v 0.699185 -1.504821 0.031929
v 0.706589 -1.497417 -0.112408
v 0.699185 -1.504821 -0.256746
v 0.676486 -1.527521 -0.401083
v 0.636860 -1.567146 -0.545421
v 0.636860 -1.771511 0.524969
v 0.736346 -1.726491 0.365625
v 0.799873 -1.696772 0.206281
v 0.835675 -1.679747 0.046936
v 0.847274 -1.674193 -0.112408
v 0.835675 -1.679747 -0.271753
v 0.799873 -1.696772 -0.431097
v 0.736346 -1.726491 -0.590441
v 0.676486 -1.915849 0.564595
v 0.799873 -1.885835 0.395344
v 0.877454 -1.866022 0.226093
v 0.920872 -1.854672 0.056843
v 0.934897 -1.850971 -0.112408
v 0.920872 -1.854672 -0.281659
v 0.877454 -1.866022 -0.450910
v 0.799873 -1.885835 -0.620161
v 0.699185 -2.060186 0.587294
v 0.835675 -2.045179 0.412369
v 0.920872 -2.035273 0.237443
v 0.968400 -2.029598 0.062517
v 0.983733 -2.027747 -0.112408
v 0.968400 -2.029598 -0.287334
v 0.920872 -2.035273 -0.462259
v 0.835675 -2.045179 -0.637185
v 0.706589 -2.204523 0.594699
v 0.847274 -2.204523 0.417922
v 0.934897 -2.204523 0.241145
v 0.983733 -2.204523 0.064369
v 0.999482 -2.204524 -0.112408
v 0.983733 -2.204523 -0.289185
v 0.934897 -2.204523 -0.465962
v 0.847274 -2.204523 -0.642738
v 0.699185 -2.348861 0.587294
v 0.835675 -2.363868 0.412369
v 0.920872 -2.373775 0.237443
v 0.968400 -2.379449 0.062517
v 0.983733 -2.381300 -0.112407
v 0.968400 -2.379449 -0.287334
v 0.920872 -2.373775 -0.462259
v 0.835675 -2.363869 -0.637185
v 0.676486 -2.493198 0.564595
v 0.799873 -2.523212 0.395344
v 0.877454 -2.543025 0.226093
v 0.920872 -2.554375 0.056843
v 0.934897 -2.558077 -0.112408
v 0.920872 -2.554375 -0.281659
v 0.877454 -2.543025 -0.450910
v 0.799873 -2.523212 -0.620161
v 0.636860 -2.637537 0.524969
v 0.736346 -2.682556 0.365625
v 0.799873 -2.712276 0.206281
v 0.835675 -2.729300 0.046937
v 0.847274 -2.734853 -0.112408
v 0.835675 -2.729300 -0.271753
v 0.799873 -2.712276 -0.431097
v 0.736346 -2.682556 -0.590441
v 0.477515 -1.467660 0.365625
v 0.318171 -1.404133 0.395344
v 0.158827 -1.368331 0.412369
v -0.000518 -1.356733 0.417922
v -0.159862 -1.368331 0.412369
v -0.319206 -1.404133 0.395344
v -0.478551 -1.467660 0.365625
v 0.507235 -1.404133 0.206281
v 0.337984 -1.326553 0.226093
v 0.168733 -1.283134 0.237443
v -0.000518 -1.269109 0.241145
v -0.169768 -1.283134 0.237443
v -0.339019 -1.326553 0.226093
v -0.508270 -1.404133 0.206281
v 0.524259 -1.368331 0.046936
v 0.349333 -1.283134 0.056843
v 0.174408 -1.235605 0.062517
v -0.000518 -1.220273 0.064369
v -0.175443 -1.235605 0.062517
v -0.350369 -1.283134 0.056843
v -0.525294 -1.368331 0.046936
v 0.529812 -1.356733 -0.112408
v 0.353036 -1.269109 -0.112408
v 0.176259 -1.220273 -0.112408
v -0.000518 -1.204524 -0.112408
v -0.177294 -1.220273 -0.112408
v -0.354071 -1.269109 -0.112408
v -0.530848 -1.356733 -0.112408
v 0.524259 -1.368331 -0.271753
v 0.349333 -1.283134 -0.281659
v 0.174408 -1.235605 -0.287334
v -0.000518 -1.220273 -0.289185
v -0.175443 -1.235605 -0.287334
v -0.350369 -1.283134 -0.281659
v -0.525294 -1.368331 -0.271753
v 0.507235 -1.404133 -0.431097
v 0.337984 -1.326553 -0.450910
v 0.168733 -1.283134 -0.462259
v -0.000518 -1.269109 -0.465962
v -0.169768 -1.283134 -0.462259
v -0.339019 -1.326553 -0.450910
v -0.508270 -1.404133 -0.431097
v 0.477515 -1.467660 -0.590441
v 0.318171 -1.404133 -0.620161
v 0.158827 -1.368331 -0.637185
v -0.000518 -1.356733 -0.642738
v -0.159862 -1.368331 -0.637185
v -0.319206 -1.404133 -0.620161
v -0.478551 -1.467660 -0.590441
v 0.576833 -2.781874 -0.689758
v 0.432495 -2.841901 -0.749786
v 0.288157 -2.881527 -0.789411
v 0.143820 -2.904226 -0.812110
v -0.000518 -2.911631 -0.819515
v -0.144855 -2.904226 -0.812110
v -0.289193 -2.881527 -0.789411
v -0.433530 -2.841901 -0.749786
v -0.577868 -2.781874 -0.689758
v 0.636860 -2.841901 -0.545421
v 0.477515 -2.941388 -0.590441
v 0.318171 -3.004914 -0.620161
v 0.158827 -3.040716 -0.637185
v -0.000518 -3.052314 -0.642738
v -0.159862 -3.040716 -0.637185
v -0.319206 -3.004914 -0.620161
v -0.478551 -2.941388 -0.590441
v -0.637895 -2.841901 -0.545421
v 0.676486 -2.881527 -0.401083
v 0.507235 -3.004914 -0.431097
v 0.337984 -3.082494 -0.450910
v 0.168733 -3.125913 -0.462259
v -0.000518 -3.139938 -0.465961
v -0.169768 -3.125913 -0.462259
v -0.339019 -3.082494 -0.450910
v -0.508270 -3.004914 -0.431097
v -0.677521 -2.881527 -0.401083
v 0.699185 -2.904226 -0.256746
v 0.524259 -3.040716 -0.271753
v 0.349333 -3.125913 -0.281658
v 0.174408 -3.173441 -0.287334
v -0.000518 -3.188775 -0.289185
v -0.175443 -3.173441 -0.287334
v -0.350369 -3.125913 -0.281659
v -0.525294 -3.040716 -0.271753
v -0.700220 -2.904226 -0.256746
v 0.706589 -2.911631 -0.112408
v 0.529812 -3.052314 -0.112408
v 0.353036 -3.139938 -0.112408
v 0.176259 -3.188776 -0.112408
v -0.000518 -3.204524 -0.112408
v -0.177294 -3.188775 -0.112407
v -0.354071 -3.139938 -0.112408
v -0.530848 -3.052314 -0.112408
v -0.707624 -2.911631 -0.112408
v 0.699185 -2.904226 0.031929
v 0.524259 -3.040716 0.046936
v 0.349333 -3.125913 0.056844
v 0.174408 -3.173441 0.062517
v -0.000518 -3.188775 0.064369
v -0.175443 -3.173441 0.062518
v -0.350369 -3.125913 0.056843
v -0.525294 -3.040716 0.046936
v -0.700220 -2.904226 0.031929
v 0.676486 -2.881527 0.176267
v 0.507235 -3.004914 0.206281
v 0.337984 -3.082494 0.226093
v 0.168733 -3.125913 0.237443
v -0.000518 -3.139938 0.241145
v -0.169768 -3.125913 0.237443
v -0.339019 -3.082495 0.226093
v -0.508270 -3.004914 0.206281
v -0.677521 -2.881527 0.176267
v 0.636860 -2.841901 0.320605
v 0.477515 -2.941388 0.365625
v 0.318171 -3.004914 0.395344
v 0.158827 -3.040717 0.412369
v -0.000518 -3.052314 0.417922
v -0.159862 -3.040716 0.412369
v -0.319206 -3.004914 0.395344
v -0.478551 -2.941388 0.365625
v -0.637895 -2.841901 0.320606
v 0.576833 -2.781874 0.464942
v 0.432495 -2.841901 0.524969
v 0.288157 -2.881527 0.564595
v 0.143820 -2.904226 0.587294
v -0.000518 -2.911631 0.594699
v -0.144855 -2.904226 0.587294
v -0.289193 -2.881527 0.564595
v -0.433530 -2.841901 0.524969
v -0.577868 -2.781874 0.464942
v -0.000518 2.278198 1.013485
v 0.120300 2.269753 1.021869
v 0.236475 2.244742 1.046697
v 0.343542 2.204127 1.087015
v 0.437387 2.149469 1.141274
v 0.514404 2.082868 1.207389
v 0.571633 2.006883 1.282819
v 0.606874 1.924434 1.364666
v 0.618774 1.838691 1.449783
v 0.606874 1.752947 1.534900
v 0.571633 1.670499 1.616747
v 0.514404 1.594514 1.692177
v 0.437387 1.527912 1.758292
v 0.343542 1.473254 1.812551
v 0.236475 1.432639 1.852869
v 0.120300 1.407629 1.877697
v -0.000518 1.399184 1.886080
v -0.121336 1.407629 1.877697
v -0.237510 1.432639 1.852869
v -0.344578 1.473254 1.812551
v -0.438423 1.527912 1.758292
v -0.515440 1.594514 1.692177
v -0.572669 1.670498 1.616747
v -0.607910 1.752947 1.534900
v -0.619809 1.838691 1.449783
v -0.607910 1.924434 1.364666
v -0.572668 2.006883 1.282819
v -0.515440 2.082868 1.207389
v -0.438423 2.149469 1.141274
v -0.344578 2.204127 1.087015
v -0.237510 2.244742 1.046697
v -0.121336 2.269753 1.021869
v -0.000518 5.039188 4.673826
v 0.512658 1.884408 0.811919
v 0.384364 1.884685 0.736465
v 0.256070 1.884867 0.686655
v 0.127776 1.884972 0.658122
v -0.000518 1.885006 0.648814
v -0.128812 1.884972 0.658122
v -0.257105 1.884867 0.686655
v -0.385399 1.884685 0.736465
v 0.566013 2.012658 0.865380
v 0.424380 2.047223 0.774682
v 0.282748 2.068686 0.716154
v 0.141115 2.080610 0.682996
v -0.000518 2.084449 0.672230
v -0.142150 2.080610 0.682996
v -0.283783 2.068686 0.716154
v -0.425416 2.047223 0.774682
v 0.601234 2.128039 0.931615
v 0.450796 2.187078 0.835417
v 0.300358 2.223609 0.774338
v 0.149920 2.243891 0.739990
v -0.000518 2.250420 0.728872
v -0.150956 2.243891 0.739990
v -0.301394 2.223609 0.774338
v -0.451831 2.187078 0.835417
v 0.621410 2.232742 1.008450
v 0.465928 2.309444 0.913513
v 0.310446 2.356983 0.853914
v 0.154964 2.383411 0.820572
v -0.000518 2.391924 0.809803
v -0.156000 2.383411 0.820572
v -0.311482 2.356983 0.853914
v -0.466963 2.309444 0.913513
v 0.627991 2.327797 1.094863
v 0.470864 2.416543 1.006766
v 0.313737 2.471817 0.951896
v 0.156610 2.502622 0.921315
v -0.000518 2.512557 0.911453
v -0.157645 2.502622 0.921315
v -0.314772 2.471816 0.951896
v -0.471900 2.416542 1.006766
v 0.621410 2.413511 1.190549
v 0.465928 2.509007 1.114545
v 0.310446 2.568954 1.067444
v 0.154964 2.602489 1.041261
v -0.000518 2.613320 1.032827
v -0.156000 2.602489 1.041261
v -0.311482 2.568954 1.067444
v -0.466963 2.509007 1.114545
v 0.601234 2.489576 1.295813
v 0.450796 2.586205 1.237480
v 0.300358 2.647550 1.201397
v 0.149920 2.682046 1.181368
v -0.000518 2.693211 1.174921
v -0.150956 2.682046 1.181368
v -0.301394 2.647550 1.201397
v -0.451831 2.586205 1.237480
v 0.566013 2.554965 1.411676
v 0.424380 2.645913 1.377776
v 0.282748 2.704597 1.356743
v 0.141115 2.737842 1.345062
v -0.000518 2.748636 1.341303
v -0.142150 2.737842 1.345062
v -0.283783 2.704597 1.356743
v -0.425416 2.645913 1.377776
v -0.513693 1.884408 0.811919
v -0.567048 1.755770 0.864438
v -0.602269 1.639907 0.929826
v -0.622445 1.534643 1.005892
v -0.629027 1.438957 1.091606
v -0.622445 1.352544 1.186661
v -0.602269 1.275709 1.291364
v -0.567048 1.209474 1.406745
v -0.567048 2.012658 0.865380
v -0.655477 1.883950 0.936762
v -0.711942 1.764825 1.017797
v -0.743765 1.653648 1.106839
v -0.754074 1.549655 1.203118
v -0.743765 1.452617 1.306403
v -0.711942 1.362761 1.416923
v -0.655477 1.280856 1.535452
v -0.602269 2.128039 0.931615
v -0.711942 2.002480 1.018667
v -0.780899 1.883308 1.112154
v -0.819491 1.769436 1.210980
v -0.831957 1.660353 1.314630
v -0.819491 1.555906 1.422951
v -0.780899 1.456248 1.536095
v -0.711942 1.361891 1.654578
v -0.622445 2.232742 1.008450
v -0.743765 2.113000 1.108523
v -0.819491 1.996452 1.211812
v -0.861737 1.882554 1.317771
v -0.875365 1.771050 1.426142
v -0.861737 1.661865 1.536849
v -0.819491 1.555074 1.649967
v -0.743765 1.450933 1.765755
v -0.629027 2.327797 1.094863
v -0.754074 2.216285 1.205561
v -0.831957 2.104773 1.316259
v -0.875365 1.993261 1.426957
v -0.889364 1.881748 1.537654
v -0.875365 1.770236 1.648352
v -0.831957 1.658724 1.759050
v -0.754074 1.547212 1.869748
v -0.622445 2.413511 1.190549
v -0.743765 2.312563 1.309554
v -0.819491 2.208423 1.425342
v -0.861737 2.101632 1.538460
v -0.875365 1.992446 1.649167
v -0.861737 1.880943 1.757538
v -0.819491 1.767045 1.863497
v -0.743765 1.650496 1.966786
v -0.602269 2.489576 1.295813
v -0.711942 2.401606 1.420730
v -0.780899 2.307248 1.539214
v -0.819491 2.207591 1.652358
v -0.831957 2.103144 1.760679
v -0.819491 1.994061 1.864328
v -0.780899 1.880189 1.963154
v -0.711942 1.761017 2.056641
v -0.567048 2.554965 1.411676
v -0.655477 2.482641 1.539856
v -0.711942 2.400735 1.658385
v -0.743765 2.310880 1.768906
v -0.754074 2.213842 1.872191
v -0.743765 2.109848 1.968470
v -0.711942 1.998672 2.057512
v -0.655477 1.879546 2.138546
v -0.513693 1.156013 1.534995
v -0.385399 1.080559 1.534718
v -0.257105 1.030749 1.534536
v -0.128812 1.002216 1.534431
v -0.000518 0.992908 1.534397
v 0.127776 1.002216 1.534431
v 0.256070 1.030749 1.534536
v 0.384364 1.080559 1.534718
v -0.567048 1.208532 1.663633
v -0.425416 1.117583 1.697533
v -0.283783 1.058900 1.718566
v -0.142150 1.025655 1.730246
v -0.000518 1.014861 1.734006
v 0.141115 1.025655 1.730246
v 0.282748 1.058900 1.718566
v 0.424380 1.117583 1.697533
v -0.602269 1.273920 1.779496
v -0.451831 1.177292 1.837829
v -0.301394 1.115947 1.873912
v -0.150956 1.081451 1.893941
v -0.000518 1.070286 1.900388
v 0.149920 1.081451 1.893941
v 0.300358 1.115947 1.873912
v 0.450796 1.177292 1.837829
v -0.622445 1.349986 1.884760
v -0.466963 1.254489 1.960764
v -0.311482 1.194543 2.007865
v -0.156000 1.161008 2.034048
v -0.000518 1.150177 2.042482
v 0.154964 1.161008 2.034048
v 0.310446 1.194543 2.007865
v 0.465928 1.254489 1.960764
v -0.629027 1.435699 1.980446
v -0.471900 1.346955 2.068542
v -0.314772 1.291681 2.123412
v -0.157645 1.260875 2.153994
v -0.000518 1.250940 2.163856
v 0.156610 1.260875 2.153994
v 0.313737 1.291681 2.123412
v 0.470864 1.346955 2.068542
v -0.622445 1.530755 2.066858
v -0.466963 1.454052 2.161796
v -0.311482 1.406513 2.221395
v -0.156000 1.380085 2.254737
v -0.000518 1.371572 2.265506
v 0.154964 1.380085 2.254737
v 0.310446 1.406513 2.221395
v 0.465928 1.454052 2.161796
v -0.602269 1.635458 2.143694
v -0.451831 1.576419 2.239892
v -0.301394 1.539887 2.300971
v -0.150956 1.519606 2.335319
v -0.000518 1.513077 2.346437
v 0.149920 1.519606 2.335319
v 0.300358 1.539887 2.300971
v 0.450796 1.576419 2.239892
v -0.567048 1.750839 2.209929
v -0.425416 1.716273 2.300627
v -0.283783 1.694811 2.359155
v -0.142150 1.682887 2.392313
v -0.000518 1.679048 2.403079
v 0.141115 1.682887 2.392313
v 0.282748 1.694811 2.359155
v 0.424380 1.716273 2.300627
v 0.512658 1.156013 1.534995
v 0.566013 1.209474 1.406745
v 0.601234 1.275709 1.291364
v 0.621410 1.352544 1.186661
v 0.627991 1.438957 1.091606
v 0.621410 1.534643 1.005892
v 0.601234 1.639907 0.929826
v 0.566013 1.755770 0.864438
v 0.566013 1.208532 1.663633
v 0.654441 1.280856 1.535452
v 0.710906 1.362761 1.416923
v 0.742729 1.452617 1.306403
v 0.753038 1.549655 1.203118
v 0.742729 1.653648 1.106839
v 0.710906 1.764825 1.017797
v 0.654441 1.883950 0.936762
v 0.601234 1.273920 1.779496
v 0.710906 1.361891 1.654578
v 0.779864 1.456248 1.536095
v 0.818456 1.555906 1.422951
v 0.830922 1.660353 1.314630
v 0.818456 1.769436 1.210980
v 0.779864 1.883308 1.112154
v 0.710906 2.002480 1.018667
v 0.621410 1.349986 1.884760
v 0.742729 1.450933 1.765755
v 0.818456 1.555074 1.649967
v 0.860701 1.661865 1.536849
v 0.874330 1.771050 1.426142
v 0.860701 1.882554 1.317771
v 0.818456 1.996452 1.211812
v 0.742729 2.113000 1.108523
v 0.627991 1.435699 1.980446
v 0.753038 1.547212 1.869748
v 0.830922 1.658724 1.759050
v 0.874330 1.770236 1.648352
v 0.888328 1.881748 1.537654
v 0.874330 1.993261 1.426957
v 0.830922 2.104773 1.316259
v 0.753038 2.216285 1.205561
v 0.621410 1.530755 2.066858
v 0.742729 1.650496 1.966786
v 0.818456 1.767045 1.863497
v 0.860701 1.880943 1.757538
v 0.874330 1.992446 1.649167
v 0.860701 2.101632 1.538460
v 0.818456 2.208423 1.425342
v 0.742729 2.312563 1.309554
v 0.601234 1.635458 2.143694
v 0.710906 1.761017 2.056641
v 0.779864 1.880189 1.963154
v 0.818456 1.994061 1.864328
v 0.830922 2.103144 1.760679
v 0.818456 2.207591 1.652358
v 0.779864 2.307248 1.539214
v 0.710906 2.401606 1.420730
v 0.566013 1.750839 2.209929
v 0.654441 1.879546 2.138546
v 0.710906 1.998672 2.057512
v 0.742729 2.109848 1.968470
v 0.753038 2.213842 1.872191
v 0.742729 2.310880 1.768906
v 0.710906 2.400735 1.658385
v 0.654441 2.482641 1.539856
v 0.424380 1.118776 1.372180
v 0.282748 1.060248 1.350717
v 0.141115 1.027089 1.338793
v -0.000518 1.016324 1.334954
v -0.142150 1.027089 1.338793
v -0.283783 1.060248 1.350717
v -0.425416 1.118776 1.372180
v 0.450796 1.179511 1.232325
v 0.300358 1.118432 1.195793
v 0.149920 1.084084 1.175512
v -0.000518 1.072966 1.168983
v -0.150956 1.084084 1.175512
v -0.301394 1.118432 1.195793
v -0.451831 1.179511 1.232325
v 0.465928 1.257607 1.109959
v 0.310446 1.198008 1.062420
v 0.154964 1.164666 1.035991
v -0.000518 1.153897 1.027478
v -0.156000 1.164666 1.035991
v -0.311482 1.198008 1.062420
v -0.466963 1.257607 1.109959
v 0.470864 1.350860 1.002861
v 0.313737 1.295990 0.947587
v 0.156610 1.265409 0.916781
v -0.000518 1.255547 0.906846
v -0.157645 1.265409 0.916781
v -0.314772 1.295990 0.947587
v -0.471900 1.350860 1.002861
v 0.465928 1.458639 0.910395
v 0.310446 1.411538 0.850449
v 0.154964 1.385355 0.816914
v -0.000518 1.376921 0.806083
v -0.156000 1.385355 0.816914
v -0.311482 1.411538 0.850449
v -0.466963 1.458639 0.910395
v 0.450796 1.581574 0.833198
v 0.300358 1.545491 0.771853
v 0.149920 1.525462 0.737357
v -0.000518 1.519015 0.726192
v -0.150956 1.525462 0.737357
v -0.301394 1.545491 0.771853
v -0.451831 1.581574 0.833198
v 0.424380 1.721870 0.773489
v 0.282748 1.700837 0.714806
v 0.141115 1.689157 0.681561
v -0.000518 1.685397 0.670767
v -0.142150 1.689157 0.681561
v -0.283783 1.700837 0.714806
v -0.425416 1.721870 0.773489
v 0.512658 2.607483 1.540314
v 0.384364 2.682938 1.540591
v 0.256070 2.732748 1.540773
v 0.127776 2.761281 1.540878
v -0.000518 2.770588 1.540912
v -0.128812 2.761281 1.540878
v -0.257105 2.732748 1.540773
v -0.385399 2.682938 1.540591
v -0.513693 2.607483 1.540314
v 0.566013 2.554023 1.668564
v 0.424380 2.644721 1.703129
v 0.282748 2.703249 1.724592
v 0.141115 2.736408 1.736516
v -0.000518 2.747173 1.740355
v -0.142150 2.736407 1.736516
v -0.283783 2.703249 1.724592
v -0.425416 2.644721 1.703129
v -0.567048 2.554023 1.668564
v 0.601234 2.487787 1.783945
v 0.450796 2.583986 1.842984
v 0.300358 2.645065 1.879516
v 0.149920 2.679413 1.899797
v -0.000518 2.690531 1.906326
v -0.150956 2.679413 1.899797
v -0.301394 2.645065 1.879516
v -0.451831 2.583986 1.842984
v -0.602269 2.487787 1.783945
v 0.621410 2.410952 1.888648
v 0.465928 2.505889 1.965350
v 0.310446 2.565489 2.012889
v 0.154964 2.598831 2.039317
v -0.000518 2.609601 2.047830
v -0.156000 2.598831 2.039317
v -0.311482 2.565489 2.012889
v -0.466963 2.505889 1.965350
v -0.622445 2.410952 1.888648
v 0.627991 2.324540 1.983703
v 0.470864 2.412637 2.072448
v 0.313737 2.467506 2.127722
v 0.156610 2.498088 2.158528
v -0.000518 2.507950 2.168463
v -0.157645 2.498088 2.158528
v -0.314772 2.467506 2.127722
v -0.471900 2.412637 2.072448
v -0.629027 2.324540 1.983703
v 0.621410 2.228854 2.069417
v 0.465928 2.304858 2.164914
v 0.310446 2.351959 2.224859
v 0.154964 2.378142 2.258394
v -0.000518 2.386575 2.269226
v -0.156000 2.378142 2.258394
v -0.311482 2.351959 2.224859
v -0.466963 2.304858 2.164914
v -0.622445 2.228854 2.069417
v 0.601234 2.123590 2.145482
v 0.450796 2.181923 2.242111
v 0.300358 2.218006 2.303456
v 0.149920 2.238035 2.337952
v -0.000518 2.244482 2.349117
v -0.150956 2.238035 2.337952
v -0.301394 2.218006 2.303456
v -0.451831 2.181923 2.242111
v -0.602269 2.123590 2.145482
v 0.566013 2.007727 2.210871
v 0.424380 2.041626 2.301819
v 0.282748 2.062660 2.360503
v 0.141115 2.074340 2.393748
v -0.000518 2.078100 2.404541
v -0.142150 2.074340 2.393748
v -0.283783 2.062660 2.360503
v -0.425416 2.041626 2.301819
v -0.567048 2.007727 2.210871
v 0.512658 1.879089 2.263389
v 0.384364 1.878812 2.338844
v 0.256070 1.878630 2.388654
v 0.127776 1.878525 2.417187
v -0.000518 1.878491 2.426495
v -0.128812 1.878525 2.417187
v -0.257105 1.878630 2.388654
v -0.385399 1.878812 2.338844
v -0.513693 1.879089 2.263389
v -0.000518 -2.278198 1.013486
v 0.120300 -2.269753 1.021869
v 0.236475 -2.244742 1.046697
v 0.343542 -2.204127 1.087015
v 0.437387 -2.149469 1.141274
v 0.514404 -2.082868 1.207390
v 0.571633 -2.006883 1.282819
v 0.606874 -1.924434 1.364666
v 0.618774 -1.838691 1.449783
v 0.606874 -1.752947 1.534900
v 0.571633 -1.670498 1.616747
v 0.514404 -1.594513 1.692177
v 0.437387 -1.527912 1.758292
v 0.343542 -1.473254 1.812551
v 0.236475 -1.432639 1.852870
v 0.120300 -1.407629 1.877697
v -0.000518 -1.399184 1.886081
v -0.121336 -1.407629 1.877697
v -0.237510 -1.432639 1.852870
v -0.344578 -1.473254 1.812551
v -0.438423 -1.527912 1.758292
v -0.515440 -1.594513 1.692177
v -0.572668 -1.670498 1.616747
v -0.607910 -1.752947 1.534900
v -0.619809 -1.838691 1.449783
v -0.607910 -1.924434 1.364666
v -0.572668 -2.006883 1.282819
v -0.515440 -2.082868 1.207390
v -0.438423 -2.149469 1.141274
v -0.344578 -2.204127 1.087015
v -0.237510 -2.244742 1.046697
v -0.121336 -2.269753 1.021869
v -0.000518 -5.039188 4.673827
v 0.512658 -1.884408 0.811920
v 0.384364 -1.884685 0.736465
v 0.256070 -1.884867 0.686655
v 0.127776 -1.884971 0.658122
v -0.000518 -1.885006 0.648815
v -0.128812 -1.884971 0.658122
v -0.257105 -1.884867 0.686655
v -0.385399 -1.884685 0.736465
v 0.566013 -2.012658 0.865380
v 0.424380 -2.047224 0.774682
v 0.282748 -2.068686 0.716155
v 0.141115 -2.080610 0.682996
v -0.000518 -2.084448 0.672230
v -0.142150 -2.080610 0.682996
v -0.283783 -2.068686 0.716155
v -0.425416 -2.047224 0.774682
v 0.601234 -2.128038 0.931615
v 0.450796 -2.187078 0.835417
v 0.300358 -2.223609 0.774338
v 0.149920 -2.243891 0.739990
v -0.000518 -2.250421 0.728872
v -0.150956 -2.243891 0.739990
v -0.301394 -2.223609 0.774338
v -0.451831 -2.187078 0.835417
v 0.621410 -2.232742 1.008450
v 0.465928 -2.309444 0.913513
v 0.310446 -2.356983 0.853914
v 0.154964 -2.383411 0.820572
v -0.000518 -2.391924 0.809803
v -0.156000 -2.383411 0.820572
v -0.311482 -2.356983 0.853914
v -0.466963 -2.309443 0.913513
v 0.627991 -2.327797 1.094863
v 0.470864 -2.416542 1.006767
v 0.313737 -2.471816 0.951896
v 0.156610 -2.502622 0.921315
v -0.000518 -2.512557 0.911453
v -0.157645 -2.502622 0.921315
v -0.314772 -2.471816 0.951896
v -0.471900 -2.416543 1.006767
v 0.621410 -2.413511 1.190549
v 0.465928 -2.509008 1.114545
v 0.310446 -2.568953 1.067444
v 0.154964 -2.602489 1.041261
v -0.000518 -2.613320 1.032827
v -0.156000 -2.602489 1.041261
v -0.311482 -2.568953 1.067444
v -0.466963 -2.509008 1.114545
v 0.601234 -2.489577 1.295813
v 0.450796 -2.586205 1.237480
v 0.300358 -2.647550 1.201397
v 0.149920 -2.682045 1.181368
v -0.000518 -2.693211 1.174921
v -0.150956 -2.682045 1.181368
v -0.301394 -2.647550 1.201397
v -0.451831 -2.586205 1.237480
v 0.566013 -2.554964 1.411676
v 0.424380 -2.645913 1.377776
v 0.282748 -2.704597 1.356743
v 0.141115 -2.737842 1.345062
v -0.000518 -2.748636 1.341303
v -0.142150 -2.737842 1.345062
v -0.283783 -2.704597 1.356743
v -0.425416 -2.645913 1.377776
v -0.513693 -1.884408 0.811920
v -0.567048 -1.755769 0.864439
v -0.602269 -1.639906 0.929826
v -0.622445 -1.534643 1.005892
v -0.629027 -1.438957 1.091606
v -0.622445 -1.352544 1.186661
v -0.602269 -1.275709 1.291364
v -0.567048 -1.209474 1.406745
v -0.567048 -2.012658 0.865380
v -0.655476 -1.883951 0.936762
v -0.711942 -1.764825 1.017797
v -0.743765 -1.653648 1.106839
v -0.754074 -1.549654 1.203118
v -0.743765 -1.452617 1.306403
v -0.711942 -1.362762 1.416924
v -0.655476 -1.280856 1.535453
v -0.602269 -2.128039 0.931615
v -0.711942 -2.002479 1.018668
v -0.780899 -1.883307 1.112155
v -0.819491 -1.769435 1.210981
v -0.831957 -1.660353 1.314630
v -0.819491 -1.555906 1.422951
v -0.780899 -1.456248 1.536095
v -0.711942 -1.361890 1.654579
v -0.622445 -2.232742 1.008450
v -0.743765 -2.113000 1.108523
v -0.819491 -1.996452 1.211812
v -0.861737 -1.882554 1.317771
v -0.875365 -1.771050 1.426143
v -0.861737 -1.661865 1.536849
v -0.819491 -1.555074 1.649967
v -0.743765 -1.450933 1.765755
v -0.629027 -2.327797 1.094863
v -0.754074 -2.216285 1.205561
v -0.831957 -2.104773 1.316259
v -0.875365 -1.993260 1.426957
v -0.889364 -1.881749 1.537654
v -0.875365 -1.770236 1.648352
v -0.831957 -1.658724 1.759050
v -0.754074 -1.547212 1.869748
v -0.622445 -2.413511 1.190549
v -0.743765 -2.312563 1.309554
v -0.819491 -2.208422 1.425342
v -0.861737 -2.101632 1.538460
v -0.875365 -1.992446 1.649167
v -0.861737 -1.880943 1.757538
v -0.819491 -1.767045 1.863497
v -0.743765 -1.650496 1.966786
v -0.602269 -2.489577 1.295813
v -0.711942 -2.401606 1.420731
v -0.780899 -2.307248 1.539214
v -0.819491 -2.207591 1.652359
v -0.831957 -2.103144 1.760679
v -0.819491 -1.994061 1.864329
v -0.780899 -1.880189 1.963154
v -0.711942 -1.761017 2.056642
v -0.567048 -2.554964 1.411676
v -0.655476 -2.482641 1.539857
v -0.711942 -2.400735 1.658386
v -0.743765 -2.310880 1.768906
v -0.754074 -2.213842 1.872191
v -0.743765 -2.109848 1.968469
v -0.711942 -1.998672 2.057513
v -0.655476 -1.879546 2.138547
v -0.513693 -1.156013 1.534995
v -0.385399 -1.080558 1.534718
v -0.257105 -1.030748 1.534536
v -0.128812 -1.002215 1.534431
v -0.000518 -0.992908 1.534397
v 0.127776 -1.002215 1.534431
v 0.256070 -1.030748 1.534536
v 0.384364 -1.080558 1.534718
v -0.567048 -1.208532 1.663633
v -0.425416 -1.117583 1.697533
v -0.283783 -1.058900 1.718566
v -0.142150 -1.025655 1.730246
v -0.000518 -1.014861 1.734006
v 0.141115 -1.025655 1.730246
v 0.282748 -1.058900 1.718566
v 0.424380 -1.117583 1.697533
v -0.602269 -1.273920 1.779496
v -0.451831 -1.177292 1.837829
v -0.301394 -1.115946 1.873912
v -0.150956 -1.081451 1.893941
v -0.000518 -1.070285 1.900388
v 0.149920 -1.081451 1.893941
v 0.300358 -1.115946 1.873912
v 0.450796 -1.177292 1.837829
v -0.622445 -1.349985 1.884760
v -0.466963 -1.254489 1.960764
v -0.311482 -1.194543 2.007865
v -0.156000 -1.161008 2.034048
v -0.000518 -1.150177 2.042482
v 0.154964 -1.161008 2.034048
v 0.310446 -1.194543 2.007865
v 0.465928 -1.254489 1.960764
v -0.629027 -1.435698 1.980446
v -0.471900 -1.346954 2.068543
v -0.314772 -1.291681 2.123413
v -0.157645 -1.260875 2.153994
v -0.000518 -1.250940 2.163856
v 0.156610 -1.260875 2.153994
v 0.313737 -1.291681 2.123414
v 0.470864 -1.346954 2.068543
v -0.622445 -1.530755 2.066859
v -0.466963 -1.454052 2.161796
v -0.311482 -1.406514 2.221395
v -0.156000 -1.380085 2.254737
v -0.000518 -1.371573 2.265506
v 0.154964 -1.380085 2.254737
v 0.310446 -1.406514 2.221395
v 0.465928 -1.454052 2.161796
v -0.602269 -1.635458 2.143694
v -0.451831 -1.576418 2.239892
v -0.301394 -1.539887 2.300971
v -0.150956 -1.519605 2.335319
v -0.000518 -1.513077 2.346437
v 0.149920 -1.519605 2.335319
v 0.300358 -1.539887 2.300971
v 0.450796 -1.576418 2.239892
v -0.567048 -1.750839 2.209929
v -0.425416 -1.716274 2.300627
v -0.283783 -1.694810 2.359155
v -0.142150 -1.682887 2.392313
v -0.000518 -1.679048 2.403080
v 0.141115 -1.682887 2.392313
v 0.282748 -1.694810 2.359155
v 0.424380 -1.716274 2.300627
v 0.512658 -1.156013 1.534995
v 0.566013 -1.209474 1.406745
v 0.601234 -1.275709 1.291364
v 0.621410 -1.352544 1.186661
v 0.627991 -1.438957 1.091606
v 0.621410 -1.534643 1.005892
v 0.601234 -1.639906 0.929826
v 0.566013 -1.755769 0.864439
v 0.566013 -1.208532 1.663633
v 0.654441 -1.280856 1.535453
v 0.710906 -1.362762 1.416924
v 0.742729 -1.452617 1.306403
v 0.753038 -1.549654 1.203118
v 0.742729 -1.653648 1.106839
v 0.710906 -1.764825 1.017797
v 0.654441 -1.883951 0.936762
v 0.601234 -1.273920 1.779496
v 0.710906 -1.361890 1.654579
v 0.779864 -1.456248 1.536095
v 0.818456 -1.555906 1.422951
v 0.830922 -1.660353 1.314630
v 0.818456 -1.769435 1.210981
v 0.779864 -1.883307 1.112155
v 0.710906 -2.002479 1.018668
v 0.621410 -1.349986 1.884760
v 0.742729 -1.450933 1.765755
v 0.818456 -1.555074 1.649967
v 0.860701 -1.661865 1.536849
v 0.874330 -1.771050 1.426143
v 0.860701 -1.882554 1.317771
v 0.818456 -1.996452 1.211812
v 0.742729 -2.113000 1.108523
v 0.627991 -1.435699 1.980446
v 0.753038 -1.547212 1.869748
v 0.830922 -1.658724 1.759050
v 0.874330 -1.770236 1.648352
v 0.888328 -1.881749 1.537654
v 0.874330 -1.993260 1.426957
v 0.830922 -2.104773 1.316259
v 0.753038 -2.216285 1.205561
v 0.621410 -1.530755 2.066859
v 0.742729 -1.650496 1.966786
v 0.818456 -1.767045 1.863497
v 0.860701 -1.880943 1.757538
v 0.874330 -1.992446 1.649167
v 0.860701 -2.101632 1.538460
v 0.818456 -2.208422 1.425342
v 0.742729 -2.312563 1.309554
v 0.601234 -1.635458 2.143694
v 0.710906 -1.761017 2.056641
v 0.779864 -1.880189 1.963154
v 0.818456 -1.994061 1.864329
v 0.830922 -2.103144 1.760679
v 0.818456 -2.207591 1.652359
v 0.779864 -2.307248 1.539214
v 0.710906 -2.401606 1.420731
v 0.566013 -1.750839 2.209929
v 0.654441 -1.879546 2.138547
v 0.710906 -1.998672 2.057513
v 0.742729 -2.109848 1.968469
v 0.753038 -2.213842 1.872191
v 0.742729 -2.310880 1.768906
v 0.710906 -2.400735 1.658386
v 0.654441 -2.482641 1.539857
v 0.424380 -1.118776 1.372180
v 0.282748 -1.060248 1.350717
v 0.141115 -1.027089 1.338793
v -0.000518 -1.016324 1.334954
v -0.142150 -1.027089 1.338793
v -0.283783 -1.060248 1.350717
v -0.425416 -1.118776 1.372180
v 0.450796 -1.179511 1.232325
v 0.300358 -1.118432 1.195793
v 0.149920 -1.084084 1.175512
v -0.000518 -1.072966 1.168983
v -0.150956 -1.084084 1.175512
v -0.301394 -1.118432 1.195793
v -0.451831 -1.179511 1.232325
v 0.465928 -1.257607 1.109959
v 0.310446 -1.198008 1.062420
v 0.154964 -1.164666 1.035992
v -0.000518 -1.153896 1.027479
v -0.156000 -1.164666 1.035992
v -0.311482 -1.198008 1.062420
v -0.466963 -1.257607 1.109959
v 0.470864 -1.350860 1.002861
v 0.313737 -1.295990 0.947587
v 0.156610 -1.265409 0.916781
v -0.000518 -1.255547 0.906847
v -0.157645 -1.265409 0.916781
v -0.314772 -1.295990 0.947587
v -0.471900 -1.350860 1.002861
v 0.465928 -1.458639 0.910395
v 0.310446 -1.411538 0.850450
v 0.154964 -1.385355 0.816914
v -0.000518 -1.376921 0.806083
v -0.156000 -1.385355 0.816914
v -0.311482 -1.411538 0.850450
v -0.466963 -1.458639 0.910395
v 0.450796 -1.581574 0.833199
v 0.300358 -1.545491 0.771853
v 0.149920 -1.525462 0.737357
v -0.000518 -1.519015 0.726192
v -0.150956 -1.525462 0.737357
v -0.301394 -1.545491 0.771853
v -0.451831 -1.581574 0.833199
v 0.424380 -1.721870 0.773489
v 0.282748 -1.700837 0.714806
v 0.141115 -1.689157 0.681561
v -0.000518 -1.685397 0.670767
v -0.142150 -1.689157 0.681561
v -0.283783 -1.700837 0.714806
v -0.425416 -1.721870 0.773489
v 0.512658 -2.607483 1.540314
v 0.384364 -2.682938 1.540591
v 0.256070 -2.732748 1.540773
v 0.127776 -2.761281 1.540878
v -0.000518 -2.770588 1.540912
v -0.128812 -2.761281 1.540878
v -0.257105 -2.732749 1.540773
v -0.385399 -2.682938 1.540591
v -0.513693 -2.607483 1.540314
v 0.566013 -2.554023 1.668565
v 0.424380 -2.644721 1.703130
v 0.282748 -2.703249 1.724592
v 0.141115 -2.736407 1.736516
v -0.000518 -2.747173 1.740355
v -0.142150 -2.736407 1.736516
v -0.283783 -2.703249 1.724592
v -0.425416 -2.644721 1.703130
v -0.567048 -2.554023 1.668565
v 0.601234 -2.487787 1.783945
v 0.450796 -2.583986 1.842984
v 0.300358 -2.645065 1.879516
v 0.149920 -2.679411 1.899797
v -0.000518 -2.690530 1.906326
v -0.150956 -2.679411 1.899797
v -0.301394 -2.645065 1.879516
v -0.451831 -2.583986 1.842984
v -0.602269 -2.487787 1.783945
v 0.621410 -2.410952 1.888648
v 0.465928 -2.505889 1.965351
v 0.310446 -2.565488 2.012889
v 0.154964 -2.598831 2.039319
v -0.000518 -2.609600 2.047831
v -0.156000 -2.598830 2.039319
v -0.311482 -2.565488 2.012889
v -0.466963 -2.505888 1.965351
v -0.622445 -2.410952 1.888648
v 0.627991 -2.324540 1.983704
v 0.470864 -2.412637 2.072448
v 0.313737 -2.467505 2.127723
v 0.156610 -2.498087 2.158528
v -0.000518 -2.507950 2.168463
v -0.157645 -2.498087 2.158528
v -0.314772 -2.467506 2.127722
v -0.471900 -2.412637 2.072448
v -0.629027 -2.324540 1.983704
v 0.621410 -2.228854 2.069417
v 0.465928 -2.304858 2.164914
v 0.310446 -2.351959 2.224860
v 0.154964 -2.378142 2.258395
v -0.000518 -2.386575 2.269227
v -0.156000 -2.378142 2.258395
v -0.311482 -2.351959 2.224860
v -0.466963 -2.304858 2.164914
v -0.622445 -2.228854 2.069417
v 0.601234 -2.123590 2.145483
v 0.450796 -2.181922 2.242111
v 0.300358 -2.218006 2.303456
v 0.149920 -2.238034 2.337952
v -0.000518 -2.244483 2.349117
v -0.150956 -2.238035 2.337952
v -0.301394 -2.218006 2.303456
v -0.451831 -2.181921 2.242111
v -0.602269 -2.123590 2.145483
v 0.566013 -2.007727 2.210871
v 0.424380 -2.041626 2.301820
v 0.282748 -2.062660 2.360503
v 0.141115 -2.074340 2.393748
v -0.000518 -2.078100 2.404542
v -0.142150 -2.074340 2.393748
v -0.283783 -2.062660 2.360503
v -0.425416 -2.041625 2.301820
v -0.567048 -2.007727 2.210871
v 0.512658 -1.879089 2.263390
v 0.384364 -1.878812 2.338844
v 0.256070 -1.878630 2.388654
v 0.127776 -1.878525 2.417187
v -0.000518 -1.878491 2.426496
v -0.128812 -1.878525 2.417187
v -0.257105 -1.878630 2.388654
v -0.385399 -1.878812 2.338844
v -0.513693 -1.879089 2.263390
v -0.000518 1.287609 -2.152463
v 0.120300 1.295882 -2.143911
v 0.236475 1.320385 -2.118581
v 0.343542 1.360174 -2.077449
v 0.437387 1.413722 -2.022093
v 0.514404 1.478970 -1.954642
v 0.571633 1.553411 -1.877688
v 0.606874 1.634185 -1.794188
v 0.618774 1.718186 -1.707351
v 0.606874 1.802188 -1.620514
v 0.571633 1.882961 -1.537014
v 0.514404 1.957402 -1.460060
v 0.437387 2.022650 -1.392609
v 0.343542 2.076198 -1.337254
v 0.236475 2.115988 -1.296121
v 0.120300 2.140490 -1.270791
v -0.000518 2.148764 -1.262239
v -0.121336 2.140490 -1.270791
v -0.237510 2.115988 -1.296121
v -0.344578 2.076198 -1.337254
v -0.438423 2.022650 -1.392609
v -0.515440 1.957402 -1.460060
v -0.572669 1.882961 -1.537014
v -0.607910 1.802188 -1.620514
v -0.619809 1.718186 -1.707351
v -0.607910 1.634185 -1.794188
v -0.572668 1.553411 -1.877688
v -0.515440 1.478970 -1.954642
v -0.438423 1.413722 -2.022093
v -0.344578 1.360174 -2.077449
v -0.237510 1.320385 -2.118581
v -0.121336 1.295882 -2.143911
v -0.000518 4.983346 -4.865889
v 0.512658 1.080967 -1.761313
v 0.384364 1.005522 -1.762567
v 0.256070 0.955719 -1.763392
v 0.127776 0.927190 -1.763865
v -0.000518 0.917883 -1.764019
v -0.128812 0.927190 -1.763865
v -0.257105 0.955719 -1.763392
v -0.385399 1.005522 -1.762566
v 0.566013 1.136081 -1.888861
v 0.424380 1.045838 -1.924597
v 0.282748 0.987593 -1.946814
v 0.141115 0.954591 -1.959166
v -0.000518 0.943876 -1.963144
v -0.142150 0.954591 -1.959166
v -0.283783 0.987593 -1.946814
v -0.425416 1.045838 -1.924597
v 0.601234 1.203804 -2.003376
v 0.450796 1.108377 -2.063653
v 0.300358 1.047775 -2.100972
v 0.149920 1.013692 -2.121696
v -0.000518 1.002660 -2.128369
v -0.150956 1.013692 -2.121696
v -0.301394 1.047775 -2.100972
v -0.451831 1.108377 -2.063654
v 0.621410 1.281986 -2.107077
v 0.465928 1.188049 -2.185000
v 0.310446 1.129070 -2.233306
v 0.154964 1.096072 -2.260163
v -0.000518 1.085414 -2.268815
v -0.156000 1.096072 -2.260163
v -0.311482 1.129070 -2.233306
v -0.466963 1.188049 -2.185000
v 0.627991 1.369621 -2.201005
v 0.470864 1.282679 -2.290883
v 0.313737 1.228529 -2.346862
v 0.156610 1.198348 -2.378061
v -0.000518 1.188615 -2.388122
v -0.157645 1.198348 -2.378061
v -0.314772 1.228529 -2.346862
v -0.471900 1.282679 -2.290883
v 0.621410 1.466407 -2.285475
v 0.465928 1.391644 -2.381947
v 0.310446 1.345323 -2.442497
v 0.154964 1.319576 -2.476368
v -0.000518 1.311282 -2.487308
v -0.156000 1.319576 -2.476368
v -0.311482 1.345323 -2.442497
v -0.466963 1.391644 -2.381947
v 0.601234 1.572646 -2.360174
v 0.450796 1.515568 -2.457548
v 0.300358 1.480281 -2.519355
v 0.149920 1.460700 -2.554107
v -0.000518 1.454398 -2.565355
v -0.150956 1.460700 -2.554107
v -0.301394 1.480281 -2.519355
v -0.451831 1.515568 -2.457548
v 0.566013 1.689345 -2.424058
v 0.424380 1.656624 -2.515438
v 0.282748 1.636352 -2.574388
v 0.141115 1.625102 -2.607781
v -0.000518 1.621482 -2.618623
v -0.142150 1.625102 -2.607780
v -0.283783 1.636352 -2.574388
v -0.425416 1.656624 -2.515438
v -0.513693 1.080967 -1.761313
v -0.567048 1.131818 -1.632007
v -0.602269 1.195703 -1.515308
v -0.622445 1.270401 -1.409069
v -0.629027 1.354869 -1.312283
v -0.622445 1.448799 -1.224648
v -0.602269 1.552500 -1.146465
v -0.567048 1.667015 -1.078743
v -0.567048 1.136081 -1.888861
v -0.655477 1.205794 -1.759241
v -0.711942 1.285281 -1.639078
v -0.743765 1.372878 -1.526759
v -0.754074 1.467804 -1.421529
v -0.743765 1.569825 -1.323164
v -0.711942 1.679175 -1.231887
v -0.655477 1.796634 -1.148455
v -0.602269 1.203804 -2.003376
v -0.711942 1.289225 -1.876701
v -0.780899 1.381163 -1.756330
v -0.819491 1.478508 -1.641190
v -0.831957 1.580738 -1.530776
v -0.819491 1.687699 -1.424937
v -0.780899 1.799545 -1.323825
v -0.711942 1.916798 -1.227942
v -0.622445 1.281986 -2.107077
v -0.743765 1.380502 -1.986051
v -0.819491 1.482275 -1.868177
v -0.861737 1.586753 -1.752918
v -0.875365 1.693673 -1.640022
v -0.861737 1.802958 -1.529414
v -0.819491 1.914686 -1.421170
v -0.743765 2.029117 -1.315540
v -0.629027 1.369621 -2.201006
v -0.754074 1.478868 -2.088072
v -0.831957 1.588114 -1.975138
v -0.875365 1.697361 -1.862203
v -0.889364 1.806607 -1.749269
v -0.875365 1.915854 -1.636334
v -0.831957 2.025100 -1.523400
v -0.754074 2.134347 -1.410466
v -0.622445 1.466407 -2.285475
v -0.743765 1.584097 -2.182998
v -0.819491 1.698529 -2.077368
v -0.861737 1.810256 -1.969123
v -0.875365 1.919541 -1.858515
v -0.861737 2.026462 -1.745620
v -0.819491 2.130939 -1.630361
v -0.743765 2.232713 -1.512487
v -0.602269 1.572646 -2.360174
v -0.711942 1.696416 -2.270595
v -0.780899 1.813669 -2.174713
v -0.819491 1.925515 -2.073601
v -0.831957 2.032476 -1.967762
v -0.819491 2.134706 -1.857347
v -0.780899 2.232050 -1.742207
v -0.711942 2.323989 -1.621836
v -0.567048 1.689345 -2.424058
v -0.655477 1.816580 -2.350082
v -0.711942 1.934040 -2.266651
v -0.743765 2.043389 -2.175374
v -0.754074 2.145410 -2.077008
v -0.743765 2.240336 -1.971779
v -0.711942 2.327934 -1.859460
v -0.655477 2.407421 -1.739296
v -0.513693 1.794563 -1.023629
v -0.385399 1.793310 -0.948184
v -0.257105 1.792484 -0.898381
v -0.128812 1.792010 -0.869851
v -0.000518 1.791856 -0.860545
v 0.127776 1.792010 -0.869851
v 0.256070 1.792484 -0.898381
v 0.384364 1.793310 -0.948184
v -0.567048 1.923869 -1.074480
v -0.425416 1.956590 -0.983100
v -0.283783 1.976863 -0.924150
v -0.142150 1.988112 -0.890756
v -0.000518 1.991732 -0.879915
v 0.141115 1.988112 -0.890756
v 0.282748 1.976863 -0.924150
v 0.424380 1.956590 -0.983100
v -0.602269 2.040568 -1.138364
v -0.451831 2.097646 -1.040990
v -0.301394 2.132933 -0.979183
v -0.150956 2.152514 -0.944431
v -0.000518 2.158817 -0.933183
v 0.149920 2.152514 -0.944431
v 0.300358 2.132933 -0.979183
v 0.450796 2.097646 -1.040990
v -0.622445 2.146807 -1.213062
v -0.466963 2.221570 -1.116590
v -0.311482 2.267892 -1.056041
v -0.156000 2.293639 -1.022170
v -0.000518 2.301932 -1.011230
v 0.154964 2.293639 -1.022170
v 0.310446 2.267891 -1.056041
v 0.465928 2.221570 -1.116590
v -0.629027 2.243593 -1.297531
v -0.471900 2.330535 -1.207654
v -0.314772 2.384686 -1.151676
v -0.157645 2.414866 -1.120477
v -0.000518 2.424599 -1.110415
v 0.156610 2.414866 -1.120477
v 0.313737 2.384686 -1.151676
v 0.470864 2.330535 -1.207654
v -0.622445 2.331228 -1.391461
v -0.466963 2.425165 -1.313538
v -0.311482 2.484145 -1.265232
v -0.156000 2.517142 -1.238375
v -0.000518 2.527801 -1.229723
v 0.154964 2.517142 -1.238375
v 0.310446 2.484145 -1.265232
v 0.465928 2.425165 -1.313538
v -0.602269 2.409411 -1.495162
v -0.451831 2.504837 -1.434884
v -0.301394 2.565439 -1.397565
v -0.150956 2.599522 -1.376841
v -0.000518 2.610554 -1.370169
v 0.149920 2.599522 -1.376841
v 0.300358 2.565439 -1.397565
v 0.450796 2.504837 -1.434884
v -0.567048 2.477133 -1.609676
v -0.425416 2.567376 -1.573941
v -0.283783 2.625621 -1.551723
v -0.142150 2.658623 -1.539372
v -0.000518 2.669338 -1.535394
v 0.141115 2.658623 -1.539372
v 0.282748 2.625621 -1.551723
v 0.424380 2.567376 -1.573941
v 0.512658 1.794563 -1.023629
v 0.566013 1.667015 -1.078743
v 0.601234 1.552500 -1.146465
v 0.621410 1.448799 -1.224648
v 0.627991 1.354869 -1.312283
v 0.621410 1.270401 -1.409069
v 0.601234 1.195703 -1.515308
v 0.566013 1.131818 -1.632007
v 0.566013 1.923869 -1.074480
v 0.654441 1.796634 -1.148455
v 0.710906 1.679175 -1.231887
v 0.742729 1.569825 -1.323164
v 0.753038 1.467804 -1.421529
v 0.742729 1.372878 -1.526759
v 0.710906 1.285281 -1.639078
v 0.654441 1.205794 -1.759241
v 0.601234 2.040568 -1.138364
v 0.710906 1.916798 -1.227942
v 0.779864 1.799545 -1.323825
v 0.818456 1.687699 -1.424937
v 0.830922 1.580738 -1.530776
v 0.818456 1.478508 -1.641190
v 0.779864 1.381163 -1.756330
v 0.710906 1.289225 -1.876701
v 0.621410 2.146807 -1.213062
v 0.742729 2.029117 -1.315540
v 0.818456 1.914686 -1.421170
v 0.860701 1.802958 -1.529414
v 0.874330 1.693673 -1.640022
v 0.860701 1.586753 -1.752918
v 0.818456 1.482275 -1.868177
v 0.742729 1.380502 -1.986051
v 0.627991 2.243593 -1.297531
v 0.753038 2.134347 -1.410466
v 0.830922 2.025100 -1.523400
v 0.874330 1.915854 -1.636334
v 0.888328 1.806607 -1.749269
v 0.874330 1.697361 -1.862203
v 0.830922 1.588114 -1.975138
v 0.753038 1.478868 -2.088072
v 0.621410 2.331228 -1.391461
v 0.742729 2.232713 -1.512487
v 0.818456 2.130939 -1.630361
v 0.860701 2.026462 -1.745620
v 0.874330 1.919541 -1.858515
v 0.860701 1.810256 -1.969122
v 0.818456 1.698529 -2.077368
v 0.742729 1.584097 -2.182998
v 0.601234 2.409411 -1.495162
v 0.710906 2.323989 -1.621836
v 0.779864 2.232051 -1.742207
v 0.818456 2.134706 -1.857347
v 0.830922 2.032476 -1.967762
v 0.818456 1.925515 -2.073601
v 0.779864 1.813669 -2.174713
v 0.710906 1.696416 -2.270595
v 0.566013 2.477133 -1.609676
v 0.654441 2.407421 -1.739296
v 0.710906 2.327934 -1.859460
v 0.742729 2.240336 -1.971779
v 0.753038 2.145410 -2.077009
v 0.742729 2.043389 -2.175374
v 0.710906 1.934040 -2.266651
v 0.654441 1.816580 -2.350082
v 0.424380 1.631279 -0.988500
v 0.282748 1.609062 -0.930255
v 0.141115 1.596710 -0.897253
v -0.000518 1.592732 -0.886538
v -0.142150 1.596710 -0.897253
v -0.283783 1.609062 -0.930255
v -0.425416 1.631279 -0.988500
v 0.450796 1.492222 -1.051039
v 0.300358 1.454904 -0.990437
v 0.149920 1.434180 -0.956354
v -0.000518 1.427508 -0.945322
v -0.150956 1.434180 -0.956354
v -0.301394 1.454904 -0.990437
v -0.451831 1.492222 -1.051039
v 0.465928 1.370876 -1.130711
v 0.310446 1.322570 -1.071731
v 0.154964 1.295713 -1.038733
v -0.000518 1.287062 -1.028075
v -0.156000 1.295713 -1.038733
v -0.311482 1.322570 -1.071731
v -0.466963 1.370876 -1.130711
v 0.470864 1.264993 -1.225341
v 0.313737 1.209014 -1.171191
v 0.156610 1.177815 -1.141010
v -0.000518 1.167753 -1.131277
v -0.157645 1.177815 -1.141010
v -0.314772 1.209014 -1.171191
v -0.471900 1.264993 -1.225341
v 0.465928 1.173929 -1.334306
v 0.310446 1.113379 -1.287984
v 0.154964 1.079508 -1.262237
v -0.000518 1.068568 -1.253944
v -0.156000 1.079508 -1.262237
v -0.311482 1.113379 -1.287984
v -0.466963 1.173929 -1.334306
v 0.450796 1.098328 -1.458229
v 0.300358 1.036521 -1.422943
v 0.149920 1.001769 -1.403361
v -0.000518 0.990521 -1.397059
v -0.150956 1.001769 -1.403361
v -0.301394 1.036521 -1.422943
v -0.451831 1.098328 -1.458229
v 0.424380 1.040438 -1.599286
v 0.282748 0.981488 -1.579013
v 0.141115 0.948095 -1.567764
v -0.000518 0.937253 -1.564144
v -0.142150 0.948095 -1.567764
v -0.283783 0.981488 -1.579013
v -0.425416 1.040438 -1.599286
v 0.512658 1.818652 -2.474909
v 0.384364 1.819904 -2.550354
v 0.256070 1.820731 -2.600157
v 0.127776 1.821204 -2.628686
v -0.000518 1.821359 -2.637993
v -0.128812 1.821204 -2.628685
v -0.257105 1.820731 -2.600157
v -0.385399 1.819904 -2.550354
v -0.513693 1.818652 -2.474909
v 0.566013 1.946200 -2.419795
v 0.424380 1.981935 -2.510038
v 0.282748 2.004153 -2.568283
v 0.141115 2.016504 -2.601285
v -0.000518 2.020482 -2.612000
v -0.142150 2.016504 -2.601285
v -0.283783 2.004153 -2.568284
v -0.425416 1.981935 -2.510038
v -0.567048 1.946200 -2.419795
v 0.601234 2.060714 -2.352072
v 0.450796 2.120992 -2.447499
v 0.300358 2.158311 -2.508101
v 0.149920 2.179035 -2.542183
v -0.000518 2.185707 -2.553216
v -0.150956 2.179035 -2.542183
v -0.301394 2.158311 -2.508101
v -0.451831 2.120992 -2.447499
v -0.602269 2.060714 -2.352072
v 0.621410 2.164415 -2.273890
v 0.465928 2.242338 -2.367827
v 0.310446 2.290644 -2.426806
v 0.154964 2.317501 -2.459804
v -0.000518 2.326153 -2.470462
v -0.156000 2.317501 -2.459805
v -0.311482 2.290644 -2.426806
v -0.466963 2.242338 -2.367827
v -0.622445 2.164415 -2.273890
v 0.627991 2.258345 -2.186255
v 0.470864 2.348221 -2.273197
v 0.313737 2.404200 -2.327347
v 0.156610 2.435399 -2.357528
v -0.000518 2.445461 -2.367260
v -0.157645 2.435399 -2.357528
v -0.314772 2.404200 -2.327347
v -0.471900 2.348221 -2.273197
v -0.629027 2.258345 -2.186255
v 0.621410 2.342814 -2.089468
v 0.465928 2.439286 -2.164232
v 0.310446 2.499835 -2.210553
v 0.154964 2.533706 -2.236300
v -0.000518 2.544646 -2.244593
v -0.156000 2.533706 -2.236300
v -0.311482 2.499835 -2.210553
v -0.466963 2.439286 -2.164232
v -0.622445 2.342813 -2.089468
v 0.601234 2.417512 -1.983230
v 0.450796 2.514886 -2.040308
v 0.300358 2.576693 -2.075595
v 0.149920 2.611445 -2.095176
v -0.000518 2.622693 -2.101479
v -0.150956 2.611445 -2.095176
v -0.301394 2.576693 -2.075595
v -0.451831 2.514885 -2.040308
v -0.602269 2.417512 -1.983230
v 0.566013 2.481396 -1.866531
v 0.424380 2.572776 -1.899252
v 0.282748 2.631726 -1.919524
v 0.141115 2.665120 -1.930774
v -0.000518 2.675961 -1.934394
v -0.142150 2.665120 -1.930774
v -0.283783 2.631726 -1.919524
v -0.425416 2.572776 -1.899252
v -0.567048 2.481396 -1.866531
v 0.512658 2.532247 -1.737225
v 0.384364 2.607692 -1.735972
v 0.256070 2.657495 -1.735145
v 0.127776 2.686025 -1.734672
v -0.000518 2.695331 -1.734517
v -0.128812 2.686025 -1.734672
v -0.257105 2.657495 -1.735145
v -0.385399 2.607692 -1.735972
v -0.513693 2.532247 -1.737224
v -0.000518 -1.287608 -2.152463
v 0.120300 -1.295882 -2.143910
v 0.236475 -1.320384 -2.118581
v 0.343542 -1.360174 -2.077448
v 0.437387 -1.413722 -2.022093
v 0.514404 -1.478970 -1.954642
v 0.571633 -1.553411 -1.877688
v 0.606874 -1.634185 -1.794188
v 0.618774 -1.718186 -1.707351
v 0.606874 -1.802187 -1.620514
v 0.571633 -1.882961 -1.537014
v 0.514404 -1.957402 -1.460060
v 0.437387 -2.022650 -1.392609
v 0.343542 -2.076198 -1.337254
v 0.236475 -2.115988 -1.296121
v 0.120300 -2.140491 -1.270791
v -0.000518 -2.148763 -1.262239
v -0.121336 -2.140490 -1.270791
v -0.237510 -2.115988 -1.296121
v -0.344578 -2.076198 -1.337254
v -0.438423 -2.022650 -1.392609
v -0.515440 -1.957402 -1.460059
v -0.572668 -1.882961 -1.537014
v -0.607910 -1.802187 -1.620514
v -0.619809 -1.718186 -1.707351
v -0.607910 -1.634185 -1.794188
v -0.572668 -1.553411 -1.877687
v -0.515440 -1.478970 -1.954642
v -0.438423 -1.413722 -2.022093
v -0.344578 -1.360174 -2.077448
v -0.237510 -1.320384 -2.118580
v -0.121336 -1.295882 -2.143911
v -0.000518 -4.983347 -4.865889
v 0.512658 -1.080967 -1.761312
v 0.384364 -1.005522 -1.762566
v 0.256070 -0.955719 -1.763391
v 0.127776 -0.927189 -1.763865
v -0.000518 -0.917883 -1.764019
v -0.128812 -0.927189 -1.763865
v -0.257105 -0.955719 -1.763391
v -0.385399 -1.005522 -1.762566
v 0.566013 -1.136081 -1.888861
v 0.424380 -1.045838 -1.924596
v 0.282748 -0.987593 -1.946814
v 0.141115 -0.954591 -1.959166
v -0.000518 -0.943876 -1.963142
v -0.142150 -0.954591 -1.959166
v -0.283783 -0.987593 -1.946814
v -0.425416 -1.045838 -1.924596
v 0.601234 -1.203803 -2.003376
v 0.450796 -1.108377 -2.063653
v 0.300358 -1.047775 -2.100973
v 0.149920 -1.013693 -2.121696
v -0.000518 -1.002660 -2.128368
v -0.150956 -1.013693 -2.121696
v -0.301394 -1.047775 -2.100973
v -0.451831 -1.108377 -2.063653
v 0.621410 -1.281986 -2.107077
v 0.465928 -1.188049 -2.184999
v 0.310446 -1.129069 -2.233305
v 0.154964 -1.096071 -2.260162
v -0.000518 -1.085413 -2.268815
v -0.156000 -1.096071 -2.260163
v -0.311482 -1.129069 -2.233306
v -0.466963 -1.188049 -2.184999
v 0.627991 -1.369621 -2.201005
v 0.470864 -1.282679 -2.290883
v 0.313737 -1.228529 -2.346860
v 0.156610 -1.198348 -2.378061
v -0.000518 -1.188615 -2.388122
v -0.157645 -1.198348 -2.378061
v -0.314772 -1.228529 -2.346860
v -0.471900 -1.282679 -2.290883
v 0.621410 -1.466407 -2.285475
v 0.465928 -1.391644 -2.381947
v 0.310446 -1.345322 -2.442496
v 0.154964 -1.319576 -2.476368
v -0.000518 -1.311282 -2.487307
v -0.156000 -1.319576 -2.476368
v -0.311482 -1.345322 -2.442497
v -0.466963 -1.391644 -2.381947
v 0.601234 -1.572645 -2.360172
v 0.450796 -1.515567 -2.457548
v 0.300358 -1.480281 -2.519355
v 0.149920 -1.460699 -2.554107
v -0.000518 -1.454397 -2.565355
v -0.150956 -1.460699 -2.554107
v -0.301394 -1.480281 -2.519355
v -0.451831 -1.515567 -2.457548
v 0.566013 -1.689345 -2.424057
v 0.424380 -1.656624 -2.515437
v 0.282748 -1.636352 -2.574388
v 0.141115 -1.625102 -2.607780
v -0.000518 -1.621482 -2.618623
v -0.142150 -1.625102 -2.607781
v -0.283783 -1.636352 -2.574388
v -0.425416 -1.656624 -2.515436
v -0.513693 -1.080967 -1.761312
v -0.567048 -1.131818 -1.632006
v -0.602269 -1.195702 -1.515307
v -0.622445 -1.270400 -1.409069
v -0.629027 -1.354869 -1.312282
v -0.622445 -1.448799 -1.224648
v -0.602269 -1.552500 -1.146465
v -0.567048 -1.667014 -1.078743
v -0.567048 -1.136081 -1.888861
v -0.655476 -1.205793 -1.759241
v -0.711942 -1.285280 -1.639077
v -0.743765 -1.372878 -1.526758
v -0.754074 -1.467804 -1.421529
v -0.743765 -1.569824 -1.323164
v -0.711942 -1.679175 -1.231886
v -0.655476 -1.796634 -1.148454
v -0.602269 -1.203803 -2.003376
v -0.711942 -1.289225 -1.876701
v -0.780899 -1.381163 -1.756330
v -0.819491 -1.478508 -1.641190
v -0.831957 -1.580738 -1.530776
v -0.819491 -1.687699 -1.424937
v -0.780899 -1.799545 -1.323825
v -0.711942 -1.916798 -1.227942
v -0.622445 -1.281986 -2.107077
v -0.743765 -1.380502 -1.986051
v -0.819491 -1.482275 -1.868176
v -0.861737 -1.586753 -1.752918
v -0.875365 -1.693672 -1.640022
v -0.861737 -1.802957 -1.529415
v -0.819491 -1.914685 -1.421169
v -0.743765 -2.029117 -1.315540
v -0.629027 -1.369621 -2.201006
v -0.754074 -1.478867 -2.088072
v -0.831957 -1.588114 -1.975137
v -0.875365 -1.697361 -1.862203
v -0.889364 -1.806607 -1.749268
v -0.875365 -1.915853 -1.636335
v -0.831957 -2.025100 -1.523400
v -0.754074 -2.134346 -1.410465
v -0.622445 -1.466407 -2.285475
v -0.743765 -1.584097 -2.182998
v -0.819491 -1.698528 -2.077368
v -0.861737 -1.810256 -1.969123
v -0.875365 -1.919541 -1.858515
v -0.861737 -2.026461 -1.745620
v -0.819491 -2.130939 -1.630361
v -0.743765 -2.232712 -1.512486
v -0.602269 -1.572645 -2.360173
v -0.711942 -1.696416 -2.270595
v -0.780899 -1.813668 -2.174713
v -0.819491 -1.925515 -2.073600
v -0.831957 -2.032476 -1.967762
v -0.819491 -2.134706 -1.857347
v -0.780899 -2.232051 -1.742207
v -0.711942 -2.323988 -1.621835
v -0.567048 -1.689345 -2.424057
v -0.655476 -1.816580 -2.350081
v -0.711942 -1.934039 -2.266651
v -0.743765 -2.043389 -2.175374
v -0.754074 -2.145411 -2.077008
v -0.743765 -2.240336 -1.971778
v -0.711942 -2.327933 -1.859460
v -0.655476 -2.407420 -1.739295
v -0.513693 -1.794563 -1.023628
v -0.385399 -1.793311 -0.948184
v -0.257105 -1.792483 -0.898380
v -0.128812 -1.792010 -0.869851
v -0.000518 -1.791855 -0.860545
v 0.127776 -1.792010 -0.869851
v 0.256070 -1.792483 -0.898380
v 0.384364 -1.793310 -0.948184
v -0.567048 -1.923869 -1.074480
v -0.425416 -1.956589 -0.983100
v -0.283783 -1.976862 -0.924150
v -0.142150 -1.988112 -0.890756
v -0.000518 -1.991732 -0.879915
v 0.141115 -1.988112 -0.890756
v 0.282748 -1.976862 -0.924150
v 0.424380 -1.956589 -0.983100
v -0.602269 -2.040568 -1.138364
v -0.451831 -2.097646 -1.040989
v -0.301394 -2.132933 -0.979183
v -0.150956 -2.152514 -0.944431
v -0.000518 -2.158817 -0.933183
v 0.149920 -2.152514 -0.944431
v 0.300358 -2.132933 -0.979183
v 0.450796 -2.097646 -1.040988
v -0.622445 -2.146806 -1.213062
v -0.466963 -2.221569 -1.116590
v -0.311482 -2.267891 -1.056041
v -0.156000 -2.293638 -1.022169
v -0.000518 -2.301931 -1.011230
v 0.154964 -2.293638 -1.022169
v 0.310446 -2.267891 -1.056041
v 0.465928 -2.221570 -1.116590
v -0.629027 -2.243593 -1.297531
v -0.471900 -2.330535 -1.207654
v -0.314772 -2.384685 -1.151676
v -0.157645 -2.414866 -1.120477
v -0.000518 -2.424598 -1.110415
v 0.156610 -2.414866 -1.120477
v 0.313737 -2.384685 -1.151676
v 0.470864 -2.330535 -1.207654
v -0.622445 -2.331228 -1.391461
v -0.466963 -2.425164 -1.313537
v -0.311482 -2.484144 -1.265232
v -0.156000 -2.517142 -1.238375
v -0.000518 -2.527800 -1.229722
v 0.154964 -2.517142 -1.238375
v 0.310446 -2.484144 -1.265232
v 0.465928 -2.425164 -1.313537
v -0.602269 -2.409411 -1.495162
v -0.451831 -2.504838 -1.434883
v -0.301394 -2.565439 -1.397564
v -0.150956 -2.599521 -1.376841
v -0.000518 -2.610554 -1.370169
v 0.149920 -2.599521 -1.376841
v 0.300358 -2.565439 -1.397565
v 0.450796 -2.504838 -1.434883
v -0.567048 -2.477133 -1.609675
v -0.425416 -2.567376 -1.573941
v -0.283783 -2.625621 -1.551723
v -0.142150 -2.658623 -1.539371
v -0.000518 -2.669338 -1.535394
v 0.141115 -2.658623 -1.539371
v 0.282748 -2.625621 -1.551723
v 0.424380 -2.567375 -1.573941
v 0.512658 -1.794563 -1.023628
v 0.566013 -1.667014 -1.078743
v 0.601234 -1.552500 -1.146465
v 0.621410 -1.448799 -1.224648
v 0.627991 -1.354869 -1.312281
v 0.621410 -1.270400 -1.409069
v 0.601234 -1.195702 -1.515306
v 0.566013 -1.131818 -1.632006
v 0.566013 -1.923869 -1.074480
v 0.654441 -1.796634 -1.148455
v 0.710906 -1.679175 -1.231887
v 0.742729 -1.569824 -1.323164
v 0.753038 -1.467804 -1.421529
v 0.742729 -1.372878 -1.526758
v 0.710906 -1.285280 -1.639077
v 0.654441 -1.205793 -1.759241
v 0.601234 -2.040568 -1.138364
v 0.710906 -1.916798 -1.227942
v 0.779864 -1.799545 -1.323825
v 0.818456 -1.687699 -1.424937
v 0.830922 -1.580738 -1.530776
v 0.818456 -1.478508 -1.641190
v 0.779864 -1.381163 -1.756330
v 0.710906 -1.289225 -1.876701
v 0.621410 -2.146806 -1.213062
v 0.742729 -2.029117 -1.315540
v 0.818456 -1.914685 -1.421169
v 0.860701 -1.802957 -1.529415
v 0.874330 -1.693672 -1.640022
v 0.860701 -1.586753 -1.752918
v 0.818456 -1.482275 -1.868177
v 0.742729 -1.380502 -1.986050
v 0.627991 -2.243593 -1.297531
v 0.753038 -2.134346 -1.410465
v 0.830922 -2.025100 -1.523399
v 0.874330 -1.915853 -1.636335
v 0.888328 -1.806607 -1.749268
v 0.874330 -1.697361 -1.862203
v 0.830922 -1.588114 -1.975137
v 0.753038 -1.478867 -2.088072
v 0.621410 -2.331228 -1.391461
v 0.742729 -2.232712 -1.512486
v 0.818456 -2.130938 -1.630361
v 0.860701 -2.026461 -1.745620
v 0.874330 -1.919542 -1.858515
v 0.860701 -1.810256 -1.969123
v 0.818456 -1.698528 -2.077368
v 0.742729 -1.584097 -2.182998
v 0.601234 -2.409411 -1.495162
v 0.710906 -2.323989 -1.621836
v 0.779864 -2.232051 -1.742207
v 0.818456 -2.134706 -1.857347
v 0.830922 -2.032476 -1.967762
v 0.818456 -1.925515 -2.073600
v 0.779864 -1.813668 -2.174713
v 0.710906 -1.696416 -2.270595
v 0.566013 -2.477133 -1.609676
v 0.654441 -2.407420 -1.739295
v 0.710906 -2.327933 -1.859459
v 0.742729 -2.240336 -1.971777
v 0.753038 -2.145411 -2.077008
v 0.742729 -2.043389 -2.175374
v 0.710906 -1.934039 -2.266651
v 0.654441 -1.816580 -2.350082
v 0.424380 -1.631279 -0.988499
v 0.282748 -1.609061 -0.930254
v 0.141115 -1.596709 -0.897253
v -0.000518 -1.592732 -0.886538
v -0.142150 -1.596709 -0.897253
v -0.283783 -1.609061 -0.930254
v -0.425416 -1.631279 -0.988499
v 0.450796 -1.492221 -1.051039
v 0.300358 -1.454903 -0.990437
v 0.149920 -1.434180 -0.956354
v -0.000518 -1.427507 -0.945322
v -0.150956 -1.434180 -0.956354
v -0.301394 -1.454903 -0.990437
v -0.451831 -1.492221 -1.051039
v 0.465928 -1.370875 -1.130711
v 0.310446 -1.322570 -1.071731
v 0.154964 -1.295713 -1.038733
v -0.000518 -1.287061 -1.028075
v -0.156000 -1.295713 -1.038733
v -0.311482 -1.322570 -1.071731
v -0.466963 -1.370875 -1.130711
v 0.470864 -1.264993 -1.225341
v 0.313737 -1.209014 -1.171190
v 0.156610 -1.177815 -1.141010
v -0.000518 -1.167753 -1.131277
v -0.157645 -1.177815 -1.141010
v -0.314772 -1.209014 -1.171190
v -0.471900 -1.264993 -1.225341
v 0.465928 -1.173928 -1.334306
v 0.310446 -1.113378 -1.287984
v 0.154964 -1.079508 -1.262237
v -0.000518 -1.068568 -1.253944
v -0.156000 -1.079508 -1.262237
v -0.311482 -1.113378 -1.287984
v -0.466963 -1.173928 -1.334306
v 0.450796 -1.098328 -1.458229
v 0.300358 -1.036521 -1.422943
v 0.149920 -1.001769 -1.403361
v -0.000518 -0.990521 -1.397059
v -0.150956 -1.001769 -1.403361
v -0.301394 -1.036521 -1.422943
v -0.451831 -1.098328 -1.458229
v 0.424380 -1.040438 -1.599286
v 0.282748 -0.981488 -1.579013
v 0.141115 -0.948094 -1.567764
v -0.000518 -0.937253 -1.564144
v -0.142150 -0.948094 -1.567764
v -0.283783 -0.981488 -1.579013
v -0.425416 -1.040438 -1.599286
v 0.512658 -1.818651 -2.474909
v 0.384364 -1.819904 -2.550354
v 0.256070 -1.820730 -2.600156
v 0.127776 -1.821203 -2.628686
v -0.000518 -1.821358 -2.637992
v -0.128812 -1.821203 -2.628686
v -0.257105 -1.820730 -2.600157
v -0.385399 -1.819904 -2.550354
v -0.513693 -1.818651 -2.474909
v 0.566013 -1.946200 -2.419795
v 0.424380 -1.981935 -2.510037
v 0.282748 -2.004153 -2.568283
v 0.141115 -2.016504 -2.601285
v -0.000518 -2.020482 -2.612000
v -0.142150 -2.016504 -2.601285
v -0.283783 -2.004153 -2.568283
v -0.425416 -1.981935 -2.510037
v -0.567048 -1.946200 -2.419795
v 0.601234 -2.060714 -2.352072
v 0.450796 -2.120992 -2.447499
v 0.300358 -2.158310 -2.508101
v 0.149920 -2.179035 -2.542182
v -0.000518 -2.185706 -2.553216
v -0.150956 -2.179034 -2.542182
v -0.301394 -2.158310 -2.508101
v -0.451831 -2.120992 -2.447499
v -0.602269 -2.060714 -2.352072
v 0.621410 -2.164415 -2.273890
v 0.465928 -2.242338 -2.367826
v 0.310446 -2.290645 -2.426805
v 0.154964 -2.317501 -2.459804
v -0.000518 -2.326152 -2.470461
v -0.156000 -2.317500 -2.459804
v -0.311482 -2.290644 -2.426805
v -0.466963 -2.242338 -2.367827
v -0.622445 -2.164415 -2.273889
v 0.627991 -2.258345 -2.186255
v 0.470864 -2.348221 -2.273196
v 0.313737 -2.404200 -2.327347
v 0.156610 -2.435400 -2.357527
v -0.000518 -2.445461 -2.367260
v -0.157645 -2.435400 -2.357527
v -0.314772 -2.404201 -2.327346
v -0.471900 -2.348221 -2.273196
v -0.629027 -2.258345 -2.186255
v 0.621410 -2.342814 -2.089468
v 0.465928 -2.439286 -2.164231
v 0.310446 -2.499835 -2.210553
v 0.154964 -2.533706 -2.236300
v -0.000518 -2.544646 -2.244593
v -0.156000 -2.533706 -2.236300
v -0.311482 -2.499835 -2.210553
v -0.466963 -2.439286 -2.164230
v -0.622445 -2.342814 -2.089468
v 0.601234 -2.417511 -1.983230
v 0.450796 -2.514886 -2.040307
v 0.300358 -2.576693 -2.075594
v 0.149920 -2.611445 -2.095176
v -0.000518 -2.622693 -2.101478
v -0.150956 -2.611445 -2.095176
v -0.301394 -2.576693 -2.075595
v -0.451831 -2.514886 -2.040308
v -0.602269 -2.417511 -1.983230
v 0.566013 -2.481396 -1.866531
v 0.424380 -2.572775 -1.899252
v 0.282748 -2.631726 -1.919524
v 0.141115 -2.665119 -1.930773
v -0.000518 -2.675961 -1.934393
v -0.142150 -2.665119 -1.930773
v -0.283783 -2.631726 -1.919524
v -0.425416 -2.572775 -1.899252
v -0.567048 -2.481396 -1.866530
v 0.512658 -2.532247 -1.737224
v 0.384364 -2.607692 -1.735972
v 0.256070 -2.657495 -1.735145
v 0.127776 -2.686024 -1.734672
v -0.000518 -2.695331 -1.734517
v -0.128812 -2.686024 -1.734672
v -0.257105 -2.657495 -1.735145
v -0.385399 -2.607692 -1.735971
v -0.513693 -2.532247 -1.737224
v -0.000518 -0.674328 -2.436537
v 0.120300 -0.662431 -2.436341
v 0.236475 -0.627194 -2.435756
v 0.343542 -0.569973 -2.434806
v 0.437387 -0.492967 -2.433528
v 0.514404 -0.399135 -2.431971
v 0.571633 -0.292082 -2.430193
v 0.606874 -0.175923 -2.428266
v 0.618774 -0.055122 -2.426260
v 0.606874 0.065679 -2.424254
v 0.571633 0.181838 -2.422328
v 0.514404 0.288890 -2.420549
v 0.437387 0.382723 -2.418993
v 0.343542 0.459729 -2.417715
v 0.236475 0.516950 -2.416765
v 0.120300 0.552186 -2.416180
v -0.000518 0.564084 -2.415982
v -0.121336 0.552186 -2.416180
v -0.237510 0.516950 -2.416765
v -0.344578 0.459729 -2.417715
v -0.438423 0.382723 -2.418993
v -0.515440 0.288890 -2.420550
v -0.572669 0.181838 -2.422327
v -0.607910 0.065679 -2.424255
v -0.619809 -0.055122 -2.426260
v -0.607910 -0.175923 -2.428266
v -0.572668 -0.292082 -2.430194
v -0.515440 -0.399135 -2.431971
v -0.438423 -0.492967 -2.433527
v -0.344578 -0.569973 -2.434806
v -0.237510 -0.627194 -2.435756
v -0.121336 -0.662431 -2.436341
v -0.000518 0.020271 -6.968503
v 0.512658 -0.543861 -2.013836
v 0.384364 -0.598094 -1.961374
v 0.256070 -0.633895 -1.926742
v 0.127776 -0.654403 -1.906904
v -0.000518 -0.661093 -1.900432
v -0.128812 -0.654403 -1.906904
v -0.257105 -0.633895 -1.926742
v -0.385399 -0.598094 -1.961374
v 0.566013 -0.595080 -2.142996
v 0.424380 -0.684160 -2.104454
v 0.282748 -0.741056 -2.078979
v 0.141115 -0.773125 -2.064378
v -0.000518 -0.783515 -2.059613
v -0.142150 -0.773125 -2.064378
v -0.283783 -0.741056 -2.078979
v -0.425416 -0.684160 -2.104454
v 0.601234 -0.628167 -2.271858
v 0.450796 -0.738267 -2.247005
v 0.300358 -0.807507 -2.230541
v 0.149920 -0.846261 -2.221094
v -0.000518 -0.858781 -2.218010
v -0.150956 -0.846261 -2.221093
v -0.301394 -0.807507 -2.230541
v -0.451831 -0.738267 -2.247005
v 0.621410 -0.646211 -2.400469
v 0.465928 -0.767735 -2.389146
v 0.310446 -0.843597 -2.381598
v 0.154964 -0.885920 -2.377256
v -0.000518 -0.899575 -2.375838
v -0.156000 -0.885920 -2.377256
v -0.311482 -0.843597 -2.381598
v -0.466963 -0.767735 -2.389146
v 0.627991 -0.650662 -2.528855
v 0.470864 -0.775692 -2.530930
v 0.313737 -0.853565 -2.532223
v 0.156610 -0.896967 -2.532943
v -0.000518 -0.910963 -2.533175
v -0.157645 -0.896968 -2.532943
v -0.314772 -0.853565 -2.532223
v -0.471900 -0.775692 -2.530930
v 0.621410 -0.641952 -2.657022
v 0.465928 -0.763034 -2.672372
v 0.310446 -0.838603 -2.682433
v 0.154964 -0.880760 -2.688177
v -0.000518 -0.894359 -2.690049
v -0.156000 -0.880761 -2.688177
v -0.311482 -0.838603 -2.682432
v -0.466963 -0.763034 -2.672372
v 0.601234 -0.619650 -2.784963
v 0.450796 -0.728865 -2.813457
v 0.300358 -0.797520 -2.832210
v 0.149920 -0.835939 -2.842937
v -0.000518 -0.848350 -2.846434
v -0.150956 -0.835939 -2.842937
v -0.301394 -0.797520 -2.832210
v -0.451831 -0.728865 -2.813457
v 0.566013 -0.582304 -2.912655
v 0.424380 -0.670057 -2.954133
v 0.282748 -0.726076 -2.981483
v 0.141115 -0.757643 -2.997139
v -0.000518 -0.767869 -3.002247
v -0.142150 -0.757643 -2.997139
v -0.283783 -0.726076 -2.981483
v -0.425416 -0.670057 -2.954133
v -0.513693 -0.543861 -2.013835
v -0.567048 -0.416471 -1.958359
v -0.602269 -0.288779 -1.921013
v -0.622445 -0.160837 -1.898711
v -0.629027 -0.032670 -1.890001
v -0.622445 0.095715 -1.894453
v -0.602269 0.224326 -1.912497
v -0.567048 0.353187 -1.945584
v -0.567048 -0.595080 -2.142997
v -0.655477 -0.454131 -2.100636
v -0.711942 -0.312956 -2.071873
v -0.743765 -0.171594 -2.054392
v -0.754074 -0.030063 -2.047107
v -0.743765 0.111632 -2.049692
v -0.711942 0.253496 -2.062471
v -0.655477 0.395548 -2.086533
v -0.602269 -0.628167 -2.271858
v -0.711942 -0.478192 -2.242688
v -0.780899 -0.328067 -2.222583
v -0.819491 -0.177818 -2.209999
v -0.831957 -0.027455 -2.204213
v -0.819491 0.123017 -2.205006
v -0.780899 0.273601 -2.212596
v -0.711942 0.424311 -2.227706
v -0.622445 -0.646211 -2.400469
v -0.743765 -0.490972 -2.384552
v -0.819491 -0.335657 -2.373167
v -0.861737 -0.180281 -2.365544
v -0.875365 -0.024847 -2.361318
v -0.861737 0.130641 -2.360383
v -0.819491 0.286185 -2.362846
v -0.743765 0.441791 -2.369070
v -0.629027 -0.650662 -2.528855
v -0.754074 -0.493556 -2.526247
v -0.831957 -0.336451 -2.523639
v -0.875365 -0.179345 -2.521031
v -0.889364 -0.022240 -2.518424
v -0.875365 0.134866 -2.515816
v -0.831957 0.291972 -2.513208
v -0.754074 0.449077 -2.510601
v -0.622445 -0.641952 -2.657022
v -0.743765 -0.486271 -2.667778
v -0.819491 -0.330664 -2.674002
v -0.861737 -0.175120 -2.676465
v -0.875365 -0.019632 -2.675529
v -0.861737 0.135801 -2.671304
v -0.819491 0.291178 -2.663680
v -0.743765 0.446492 -2.652296
v -0.602269 -0.619650 -2.784962
v -0.711942 -0.468790 -2.809140
v -0.780899 -0.318081 -2.824252
v -0.819491 -0.167496 -2.831841
v -0.831957 -0.017024 -2.832635
v -0.819491 0.133338 -2.826848
v -0.780899 0.283588 -2.814265
v -0.711942 0.433713 -2.794159
v -0.567048 -0.582304 -2.912655
v -0.655477 -0.440027 -2.950315
v -0.711942 -0.297976 -2.974377
v -0.743765 -0.156111 -2.987156
v -0.754074 -0.014416 -2.989740
v -0.743765 0.127115 -2.982455
v -0.711942 0.268477 -2.964974
v -0.655477 0.409651 -2.936213
v -0.513693 0.482349 -1.996802
v -0.385399 0.534811 -1.942569
v -0.257105 0.569442 -1.906768
v -0.128812 0.589281 -1.886260
v -0.000518 0.595752 -1.879570
v 0.127776 0.589281 -1.886260
v 0.256070 0.569442 -1.906768
v 0.384364 0.534811 -1.942569
v -0.567048 0.537825 -2.124193
v -0.425416 0.625577 -2.082715
v -0.283783 0.681596 -2.055365
v -0.142150 0.713164 -2.039707
v -0.000518 0.723389 -2.034600
v 0.141115 0.713164 -2.039707
v 0.282748 0.681596 -2.055365
v 0.424380 0.625577 -2.082715
v -0.602269 0.575171 -2.251884
v -0.451831 0.684385 -2.223392
v -0.301394 0.753041 -2.204638
v -0.150956 0.791460 -2.193911
v -0.000518 0.803870 -2.190414
v 0.149920 0.791460 -2.193911
v 0.300358 0.753041 -2.204638
v 0.450796 0.684385 -2.223391
v -0.622445 0.597473 -2.379826
v -0.466963 0.718554 -2.364476
v -0.311482 0.794124 -2.354414
v -0.156000 0.836280 -2.348670
v -0.000518 0.849880 -2.346798
v 0.154964 0.836280 -2.348670
v 0.310446 0.794124 -2.354414
v 0.465928 0.718554 -2.364476
v -0.629027 0.606183 -2.507993
v -0.471900 0.731213 -2.505918
v -0.314772 0.809085 -2.504625
v -0.157645 0.852488 -2.503905
v -0.000518 0.866484 -2.503672
v 0.156610 0.852488 -2.503905
v 0.313737 0.809085 -2.504625
v 0.470864 0.731213 -2.505918
v -0.622445 0.601732 -2.636379
v -0.466963 0.723256 -2.647702
v -0.311482 0.799118 -2.655249
v -0.156000 0.841441 -2.659591
v -0.000518 0.855095 -2.661010
v 0.154964 0.841441 -2.659591
v 0.310446 0.799118 -2.655249
v 0.465928 0.723256 -2.647702
v -0.602269 0.583688 -2.764989
v -0.451831 0.693788 -2.789843
v -0.301394 0.763028 -2.806307
v -0.150956 0.801782 -2.815753
v -0.000518 0.814301 -2.818836
v 0.149920 0.801782 -2.815753
v 0.300358 0.763028 -2.806307
v 0.450796 0.693788 -2.789843
v -0.567048 0.550600 -2.893850
v -0.425416 0.639681 -2.932393
v -0.283783 0.696577 -2.957869
v -0.142150 0.728646 -2.972470
v -0.000518 0.739036 -2.977234
v 0.141115 0.728646 -2.972470
v 0.282748 0.696577 -2.957869
v 0.424380 0.639681 -2.932393
v 0.512658 0.482349 -1.996802
v 0.566013 0.353187 -1.945584
v 0.601234 0.224326 -1.912497
v 0.621410 0.095715 -1.894453
v 0.627991 -0.032670 -1.890001
v 0.621410 -0.160837 -1.898711
v 0.601234 -0.288779 -1.921013
v 0.566013 -0.416471 -1.958359
v 0.566013 0.537825 -2.124193
v 0.654441 0.395548 -2.086533
v 0.710906 0.253496 -2.062471
v 0.742729 0.111632 -2.049692
v 0.753038 -0.030063 -2.047107
v 0.742729 -0.171594 -2.054393
v 0.710906 -0.312956 -2.071873
v 0.654441 -0.454131 -2.100636
v 0.601234 0.575171 -2.251884
v 0.710906 0.424311 -2.227707
v 0.779864 0.273601 -2.212595
v 0.818456 0.123017 -2.205006
v 0.830922 -0.027455 -2.204213
v 0.818456 -0.177818 -2.209999
v 0.779864 -0.328067 -2.222583
v 0.710906 -0.478192 -2.242688
v 0.621410 0.597473 -2.379827
v 0.742729 0.441791 -2.369070
v 0.818456 0.286185 -2.362845
v 0.860701 0.130641 -2.360383
v 0.874330 -0.024847 -2.361318
v 0.860701 -0.180281 -2.365544
v 0.818456 -0.335657 -2.373167
v 0.742729 -0.490972 -2.384552
v 0.627991 0.606183 -2.507993
v 0.753038 0.449077 -2.510601
v 0.830922 0.291972 -2.513208
v 0.874330 0.134866 -2.515816
v 0.888328 -0.022240 -2.518424
v 0.874330 -0.179345 -2.521031
v 0.830922 -0.336451 -2.523639
v 0.753038 -0.493556 -2.526247
v 0.621410 0.601732 -2.636379
v 0.742729 0.446492 -2.652296
v 0.818456 0.291178 -2.663680
v 0.860701 0.135801 -2.671303
v 0.874330 -0.019632 -2.675529
v 0.860701 -0.175120 -2.676465
v 0.818456 -0.330664 -2.674002
v 0.742729 -0.486271 -2.667778
v 0.601234 0.583688 -2.764989
v 0.710906 0.433713 -2.794160
v 0.779864 0.283588 -2.814265
v 0.818456 0.133338 -2.826848
v 0.830922 -0.017024 -2.832634
v 0.818456 -0.167496 -2.831841
v 0.779864 -0.318081 -2.824252
v 0.710906 -0.468790 -2.809140
v 0.566013 0.550600 -2.893850
v 0.654441 0.409651 -2.936213
v 0.710906 0.268477 -2.964973
v 0.742729 0.127115 -2.982455
v 0.753038 -0.014416 -2.989741
v 0.742729 -0.156111 -2.987156
v 0.710906 -0.297976 -2.974377
v 0.654441 -0.440027 -2.950314
v 0.424380 0.391730 -1.856503
v 0.282748 0.417205 -1.799608
v 0.141115 0.431807 -1.767538
v -0.000518 0.436571 -1.757149
v -0.142150 0.431807 -1.767538
v -0.283783 0.417205 -1.799608
v -0.425416 0.391730 -1.856503
v 0.450796 0.249180 -1.802397
v 0.300358 0.265643 -1.733157
v 0.149920 0.275090 -1.694402
v -0.000518 0.278173 -1.681883
v -0.150956 0.275090 -1.694402
v -0.301394 0.265643 -1.733157
v -0.451831 0.249180 -1.802397
v 0.465928 0.107038 -1.772929
v 0.310446 0.114586 -1.697067
v 0.154964 0.118928 -1.654743
v -0.000518 0.120347 -1.641089
v -0.156000 0.118928 -1.654743
v -0.311482 0.114586 -1.697067
v -0.466963 0.107038 -1.772929
v 0.470864 -0.034746 -1.764972
v 0.313737 -0.036038 -1.687099
v 0.156610 -0.036759 -1.643697
v -0.000518 -0.036991 -1.629700
v -0.157645 -0.036759 -1.643697
v -0.314772 -0.036038 -1.687099
v -0.471900 -0.034746 -1.764972
v 0.465928 -0.176188 -1.777630
v 0.310446 -0.186249 -1.702060
v 0.154964 -0.191993 -1.659904
v -0.000518 -0.193864 -1.646304
v -0.156000 -0.191993 -1.659904
v -0.311482 -0.186249 -1.702060
v -0.466963 -0.176188 -1.777630
v 0.450796 -0.317273 -1.811799
v 0.300358 -0.336025 -1.743144
v 0.149920 -0.346752 -1.704724
v -0.000518 -0.350250 -1.692314
v -0.150956 -0.346752 -1.704724
v -0.301394 -0.336025 -1.743144
v -0.451831 -0.317273 -1.811799
v 0.424380 -0.457949 -1.870607
v 0.282748 -0.485298 -1.814588
v 0.141115 -0.500956 -1.783020
v -0.000518 -0.506063 -1.772795
v -0.142150 -0.500956 -1.783020
v -0.283783 -0.485298 -1.814588
v -0.425416 -0.457949 -1.870607
v 0.512658 -0.526828 -3.040044
v 0.384364 -0.579290 -3.094279
v 0.256070 -0.613922 -3.130079
v 0.127776 -0.633760 -3.150588
v -0.000518 -0.640231 -3.157277
v -0.128812 -0.633760 -3.150587
v -0.257105 -0.613922 -3.130079
v -0.385399 -0.579290 -3.094279
v -0.513693 -0.526828 -3.040045
v 0.566013 -0.397666 -3.091263
v 0.424380 -0.436209 -3.180344
v 0.282748 -0.461684 -3.237240
v 0.141115 -0.476286 -3.269310
v -0.000518 -0.481050 -3.279699
v -0.142150 -0.476286 -3.269310
v -0.283783 -0.461684 -3.237240
v -0.425416 -0.436209 -3.180344
v -0.567048 -0.397666 -3.091264
v 0.601234 -0.268805 -3.124351
v 0.450796 -0.293659 -3.234451
v 0.300358 -0.310123 -3.303691
v 0.149920 -0.319569 -3.342444
v -0.000518 -0.322652 -3.354964
v -0.150956 -0.319569 -3.342445
v -0.301394 -0.310123 -3.303691
v -0.451831 -0.293659 -3.234451
v -0.602269 -0.268805 -3.124351
v 0.621410 -0.140194 -3.142395
v 0.465928 -0.151518 -3.263919
v 0.310446 -0.159065 -3.339781
v 0.154964 -0.163407 -3.382105
v -0.000518 -0.164826 -3.395759
v -0.156000 -0.163407 -3.382104
v -0.311482 -0.159065 -3.339781
v -0.466963 -0.151518 -3.263919
v -0.622445 -0.140194 -3.142395
v 0.627991 -0.011809 -3.146846
v 0.470864 -0.009733 -3.271876
v 0.313737 -0.008441 -3.349749
v 0.156610 -0.007720 -3.393151
v -0.000518 -0.007488 -3.407147
v -0.157645 -0.007720 -3.393151
v -0.314772 -0.008441 -3.349749
v -0.471900 -0.009733 -3.271876
v -0.629027 -0.011809 -3.146846
v 0.621410 0.116358 -3.138137
v 0.465928 0.131709 -3.259218
v 0.310446 0.141769 -3.334788
v 0.154964 0.147514 -3.376944
v -0.000518 0.149385 -3.390543
v -0.156000 0.147514 -3.376944
v -0.311482 0.141769 -3.334787
v -0.466963 0.131709 -3.259218
v -0.622445 0.116358 -3.138137
v 0.601234 0.244300 -3.115834
v 0.450796 0.272794 -3.225049
v 0.300358 0.291546 -3.293704
v 0.149920 0.302273 -3.332123
v -0.000518 0.305770 -3.344533
v -0.150956 0.302273 -3.332124
v -0.301394 0.291546 -3.293704
v -0.451831 0.272794 -3.225049
v -0.602269 0.244300 -3.115834
v 0.566013 0.371991 -3.078489
v 0.424380 0.413470 -3.166241
v 0.282748 0.440819 -3.222260
v 0.141115 0.456477 -3.253827
v -0.000518 0.461583 -3.264053
v -0.142150 0.456477 -3.253827
v -0.283783 0.440819 -3.222260
v -0.425416 0.413470 -3.166241
v -0.567048 0.371991 -3.078489
v 0.512658 0.499382 -3.023012
v 0.384364 0.553615 -3.075474
v 0.256070 0.589416 -3.110106
v 0.127776 0.609924 -3.129944
v -0.000518 0.616614 -3.136415
v -0.128812 0.609924 -3.129944
v -0.257105 0.589416 -3.110106
v -0.385399 0.553615 -3.075474
v -0.513693 0.499382 -3.023012
v -0.000518 -0.674328 2.436538
v 0.120300 -0.662431 2.436340
v 0.236475 -0.627194 2.435755
v 0.343542 -0.569973 2.434805
v 0.437387 -0.492967 2.433527
v 0.514404 -0.399135 2.431970
v 0.571633 -0.292082 2.430192
v 0.606874 -0.175923 2.428265
v 0.618774 -0.055122 2.426260
v 0.606874 0.065679 2.424254
v 0.571633 0.181838 2.422327
v 0.514404 0.288890 2.420549
v 0.437387 0.382723 2.418992
v 0.343542 0.459729 2.417714
v 0.236475 0.516950 2.416764
v 0.120300 0.552186 2.416179
v -0.000518 0.564084 2.415982
v -0.121336 0.552186 2.416179
v -0.237510 0.516950 2.416764
v -0.344578 0.459729 2.417714
v -0.438423 0.382723 2.418992
v -0.515440 0.288890 2.420549
v -0.572668 0.181838 2.422327
v -0.607910 0.065679 2.424254
v -0.619809 -0.055122 2.426260
v -0.607910 -0.175923 2.428265
v -0.572668 -0.292082 2.430192
v -0.515440 -0.399135 2.431970
v -0.438423 -0.492967 2.433527
v -0.344578 -0.569973 2.434805
v -0.237510 -0.627194 2.435755
v -0.121336 -0.662431 2.436340
v -0.000518 0.020272 6.968501
v 0.512658 -0.543861 2.013835
v 0.384364 -0.598094 1.961373
v 0.256070 -0.633895 1.926741
v 0.127776 -0.654403 1.906903
v -0.000518 -0.661093 1.900431
v -0.128812 -0.654403 1.906903
v -0.257105 -0.633895 1.926741
v -0.385399 -0.598094 1.961373
v 0.566013 -0.595080 2.142997
v 0.424380 -0.684160 2.104454
v 0.282748 -0.741056 2.078979
v 0.141115 -0.773125 2.064376
v -0.000518 -0.783515 2.059612
v -0.142150 -0.773125 2.064376
v -0.283783 -0.741056 2.078979
v -0.425416 -0.684160 2.104454
v 0.601234 -0.628167 2.271857
v 0.450796 -0.738267 2.247004
v 0.300358 -0.807507 2.230540
v 0.149920 -0.846261 2.221094
v -0.000518 -0.858780 2.218010
v -0.150956 -0.846261 2.221094
v -0.301394 -0.807507 2.230540
v -0.451831 -0.738267 2.247004
v 0.621410 -0.646211 2.400468
v 0.465928 -0.767735 2.389145
v 0.310446 -0.843597 2.381598
v 0.154964 -0.885920 2.377255
v -0.000518 -0.899575 2.375837
v -0.156000 -0.885920 2.377255
v -0.311482 -0.843597 2.381598
v -0.466963 -0.767735 2.389145
v 0.627991 -0.650662 2.528853
v 0.470864 -0.775692 2.530930
v 0.313737 -0.853565 2.532221
v 0.156610 -0.896967 2.532942
v -0.000518 -0.910963 2.533174
v -0.157645 -0.896967 2.532942
v -0.314772 -0.853565 2.532221
v -0.471900 -0.775692 2.530930
v 0.621410 -0.641952 2.657021
v 0.465928 -0.763034 2.672371
v 0.310446 -0.838603 2.682432
v 0.154964 -0.880760 2.688177
v -0.000518 -0.894359 2.690048
v -0.156000 -0.880760 2.688177
v -0.311482 -0.838603 2.682432
v -0.466963 -0.763034 2.672371
v 0.601234 -0.619650 2.784962
v 0.450796 -0.728865 2.813456
v 0.300358 -0.797520 2.832209
v 0.149920 -0.835939 2.842936
v -0.000518 -0.848349 2.846433
v -0.150956 -0.835939 2.842936
v -0.301394 -0.797520 2.832209
v -0.451831 -0.728865 2.813456
v 0.566013 -0.582304 2.912654
v 0.424380 -0.670057 2.954132
v 0.282748 -0.726075 2.981482
v 0.141115 -0.757643 2.997139
v -0.000518 -0.767869 3.002246
v -0.142150 -0.757643 2.997139
v -0.283783 -0.726075 2.981482
v -0.425416 -0.670057 2.954132
v -0.513693 -0.543861 2.013835
v -0.567048 -0.416471 1.958358
v -0.602269 -0.288779 1.921012
v -0.622445 -0.160837 1.898710
v -0.629027 -0.032670 1.890000
v -0.622445 0.095715 1.894452
v -0.602269 0.224326 1.912496
v -0.567048 0.353187 1.945583
v -0.567048 -0.595080 2.142997
v -0.655476 -0.454131 2.100636
v -0.711942 -0.312956 2.071872
v -0.743765 -0.171594 2.054392
v -0.754074 -0.030063 2.047106
v -0.743765 0.111632 2.049691
v -0.711942 0.253497 2.062470
v -0.655476 0.395548 2.086532
v -0.602269 -0.628167 2.271857
v -0.711942 -0.478192 2.242687
v -0.780899 -0.328067 2.222582
v -0.819491 -0.177818 2.209999
v -0.831957 -0.027455 2.204212
v -0.819491 0.123017 2.205005
v -0.780899 0.273601 2.212595
v -0.711942 0.424311 2.227707
v -0.622445 -0.646211 2.400468
v -0.743765 -0.490972 2.384551
v -0.819491 -0.335657 2.373167
v -0.861737 -0.180281 2.365543
v -0.875365 -0.024847 2.361318
v -0.861737 0.130641 2.360382
v -0.819491 0.286185 2.362845
v -0.743765 0.441791 2.369069
v -0.629027 -0.650662 2.528853
v -0.754074 -0.493557 2.526246
v -0.831957 -0.336451 2.523639
v -0.875365 -0.179345 2.521030
v -0.889364 -0.022240 2.518423
v -0.875365 0.134866 2.515815
v -0.831957 0.291972 2.513207
v -0.754074 0.449077 2.510600
v -0.622445 -0.641952 2.657021
v -0.743765 -0.486271 2.667777
v -0.819491 -0.330664 2.674001
v -0.861737 -0.175120 2.676464
v -0.875365 -0.019632 2.675529
v -0.861737 0.135801 2.671303
v -0.819491 0.291178 2.663679
v -0.743765 0.446492 2.652295
v -0.602269 -0.619650 2.784962
v -0.711942 -0.468790 2.809139
v -0.780899 -0.318081 2.824251
v -0.819491 -0.167496 2.831841
v -0.831957 -0.017024 2.832634
v -0.819491 0.133338 2.826847
v -0.780899 0.283588 2.814264
v -0.711942 0.433713 2.794159
v -0.567048 -0.582304 2.912654
v -0.655476 -0.440027 2.950314
v -0.711942 -0.297976 2.974376
v -0.743765 -0.156111 2.987155
v -0.754074 -0.014416 2.989740
v -0.743765 0.127115 2.982454
v -0.711942 0.268477 2.964973
v -0.655476 0.409651 2.936211
v -0.513693 0.482349 1.996801
v -0.385399 0.534811 1.942568
v -0.257105 0.569442 1.906768
v -0.128812 0.589281 1.886259
v -0.000518 0.595752 1.879570
v 0.127776 0.589281 1.886259
v 0.256070 0.569442 1.906768
v 0.384364 0.534811 1.942568
v -0.567048 0.537825 2.124192
v -0.425416 0.625577 2.082714
v -0.283783 0.681596 2.055365
v -0.142150 0.713164 2.039706
v -0.000518 0.723389 2.034600
v 0.141115 0.713164 2.039706
v 0.282748 0.681596 2.055365
v 0.424380 0.625577 2.082714
v -0.602269 0.575171 2.251884
v -0.451831 0.684385 2.223390
v -0.301394 0.753041 2.204637
v -0.150956 0.791460 2.193910
v -0.000518 0.803870 2.190413
v 0.149920 0.791460 2.193910
v 0.300358 0.753041 2.204637
v 0.450796 0.684385 2.223390
v -0.622445 0.597473 2.379825
v -0.466963 0.718554 2.364475
v -0.311482 0.794124 2.354414
v -0.156000 0.836281 2.348670
v -0.000518 0.849880 2.346798
v 0.154964 0.836281 2.348670
v 0.310446 0.794124 2.354414
v 0.465928 0.718554 2.364475
v -0.629027 0.606183 2.507992
v -0.471900 0.731213 2.505917
v -0.314772 0.809085 2.504624
v -0.157645 0.852488 2.503904
v -0.000518 0.866484 2.503672
v 0.156610 0.852488 2.503904
v 0.313737 0.809085 2.504624
v 0.470864 0.731213 2.505917
v -0.622445 0.601732 2.636378
v -0.466963 0.723256 2.647701
v -0.311482 0.799118 2.655249
v -0.156000 0.841441 2.659591
v -0.000518 0.855095 2.661009
v 0.154964 0.841441 2.659591
v 0.310446 0.799118 2.655249
v 0.465928 0.723256 2.647701
v -0.602269 0.583688 2.764988
v -0.451831 0.693788 2.789842
v -0.301394 0.763028 2.806306
v -0.150956 0.801782 2.815752
v -0.000518 0.814301 2.818836
v 0.149920 0.801782 2.815752
v 0.300358 0.763028 2.806306
v 0.450796 0.693788 2.789842
v -0.567048 0.550601 2.893849
v -0.425416 0.639681 2.932392
v -0.283783 0.696577 2.957868
v -0.142150 0.728646 2.972470
v -0.000518 0.739036 2.977234
v 0.141115 0.728646 2.972470
v 0.282748 0.696577 2.957868
v 0.424380 0.639681 2.932392
v 0.512658 0.482349 1.996801
v 0.566013 0.353187 1.945583
v 0.601234 0.224326 1.912496
v 0.621410 0.095715 1.894452
v 0.627991 -0.032670 1.890000
v 0.621410 -0.160837 1.898710
v 0.601234 -0.288779 1.921012
v 0.566013 -0.416471 1.958358
v 0.566013 0.537825 2.124192
v 0.654441 0.395548 2.086532
v 0.710906 0.253497 2.062470
v 0.742729 0.111632 2.049691
v 0.753038 -0.030063 2.047106
v 0.742729 -0.171594 2.054392
v 0.710906 -0.312956 2.071872
v 0.654441 -0.454131 2.100636
v 0.601234 0.575171 2.251884
v 0.710906 0.424311 2.227707
v 0.779864 0.273601 2.212595
v 0.818456 0.123017 2.205005
v 0.830922 -0.027455 2.204212
v 0.818456 -0.177818 2.209999
v 0.779864 -0.328067 2.222582
v 0.710906 -0.478192 2.242687
v 0.621410 0.597473 2.379825
v 0.742729 0.441791 2.369069
v 0.818456 0.286185 2.362845
v 0.860701 0.130641 2.360382
v 0.874330 -0.024847 2.361318
v 0.860701 -0.180281 2.365543
v 0.818456 -0.335657 2.373167
v 0.742729 -0.490972 2.384551
v 0.627991 0.606183 2.507992
v 0.753038 0.449077 2.510600
v 0.830922 0.291972 2.513207
v 0.874330 0.134866 2.515815
v 0.888328 -0.022240 2.518423
v 0.874330 -0.179345 2.521030
v 0.830922 -0.336451 2.523639
v 0.753038 -0.493557 2.526246
v 0.621410 0.601732 2.636378
v 0.742729 0.446492 2.652295
v 0.818456 0.291178 2.663679
v 0.860701 0.135801 2.671303
v 0.874330 -0.019632 2.675529
v 0.860701 -0.175120 2.676464
v 0.818456 -0.330664 2.674001
v 0.742729 -0.486271 2.667777
v 0.601234 0.583688 2.764988
v 0.710906 0.433713 2.794159
v 0.779864 0.283588 2.814264
v 0.818456 0.133338 2.826847
v 0.830922 -0.017024 2.832634
v 0.818456 -0.167496 2.831841
v 0.779864 -0.318081 2.824251
v 0.710906 -0.468790 2.809139
v 0.566013 0.550601 2.893849
v 0.654441 0.409651 2.936211
v 0.710906 0.268477 2.964973
v 0.742729 0.127115 2.982454
v 0.753038 -0.014416 2.989740
v 0.742729 -0.156111 2.987155
v 0.710906 -0.297976 2.974376
v 0.654441 -0.440027 2.950314
v 0.424380 0.391730 1.856503
v 0.282748 0.417205 1.799606
v 0.141115 0.431807 1.767537
v -0.000518 0.436571 1.757147
v -0.142150 0.431807 1.767537
v -0.283783 0.417205 1.799606
v -0.425416 0.391730 1.856503
v 0.450796 0.249180 1.802395
v 0.300358 0.265643 1.733156
v 0.149920 0.275090 1.694402
v -0.000518 0.278173 1.681882
v -0.150956 0.275090 1.694402
v -0.301394 0.265643 1.733156
v -0.451831 0.249180 1.802395
v 0.465928 0.107038 1.772927
v 0.310446 0.114586 1.697066
v 0.154964 0.118928 1.654742
v -0.000518 0.120347 1.641088
v -0.156000 0.118928 1.654742
v -0.311482 0.114586 1.697066
v -0.466963 0.107038 1.772927
v 0.470864 -0.034746 1.764971
v 0.313737 -0.036038 1.687098
v 0.156610 -0.036759 1.643696
v -0.000518 -0.036991 1.629699
v -0.157645 -0.036759 1.643696
v -0.314772 -0.036038 1.687098
v -0.471900 -0.034746 1.764971
v 0.465928 -0.176188 1.777629
v 0.310446 -0.186249 1.702059
v 0.154964 -0.191993 1.659903
v -0.000518 -0.193864 1.646304
v -0.156000 -0.191993 1.659903
v -0.311482 -0.186249 1.702059
v -0.466963 -0.176188 1.777629
v 0.450796 -0.317273 1.811798
v 0.300358 -0.336025 1.743143
v 0.149920 -0.346752 1.704723
v -0.000518 -0.350250 1.692314
v -0.150956 -0.346752 1.704723
v -0.301394 -0.336025 1.743143
v -0.451831 -0.317273 1.811798
v 0.424380 -0.457949 1.870606
v 0.282748 -0.485298 1.814587
v 0.141115 -0.500956 1.783020
v -0.000518 -0.506063 1.772794
v -0.142150 -0.500956 1.783020
v -0.283783 -0.485298 1.814587
v -0.425416 -0.457949 1.870606
v 0.512658 -0.526828 3.040045
v 0.384364 -0.579290 3.094278
v 0.256070 -0.613922 3.130078
v 0.127776 -0.633760 3.150587
v -0.000518 -0.640231 3.157276
v -0.128812 -0.633760 3.150587
v -0.257105 -0.613922 3.130078
v -0.385399 -0.579290 3.094278
v -0.513693 -0.526828 3.040045
v 0.566013 -0.397666 3.091263
v 0.424380 -0.436209 3.180344
v 0.282748 -0.461684 3.237239
v 0.141115 -0.476286 3.269309
v -0.000518 -0.481050 3.279698
v -0.142150 -0.476286 3.269309
v -0.283783 -0.461684 3.237239
v -0.425416 -0.436209 3.180344
v -0.567048 -0.397666 3.091263
v 0.601234 -0.268805 3.124350
v 0.450796 -0.293659 3.234450
v 0.300358 -0.310123 3.303690
v 0.149920 -0.319569 3.342444
v -0.000518 -0.322652 3.354963
v -0.150956 -0.319569 3.342444
v -0.301394 -0.310123 3.303690
v -0.451831 -0.293659 3.234450
v -0.602269 -0.268805 3.124350
v 0.621410 -0.140194 3.142394
v 0.465928 -0.151518 3.263918
v 0.310446 -0.159065 3.339780
v 0.154964 -0.163407 3.382103
v -0.000518 -0.164826 3.395758
v -0.156000 -0.163407 3.382103
v -0.311482 -0.159065 3.339780
v -0.466963 -0.151518 3.263918
v -0.622445 -0.140194 3.142394
v 0.627991 -0.011809 3.146845
v 0.470864 -0.009733 3.271875
v 0.313737 -0.008441 3.349748
v 0.156610 -0.007720 3.393150
v -0.000518 -0.007488 3.407147
v -0.157645 -0.007720 3.393150
v -0.314772 -0.008441 3.349748
v -0.471900 -0.009733 3.271875
v -0.629027 -0.011809 3.146845
v 0.621410 0.116358 3.138136
v 0.465928 0.131709 3.259217
v 0.310446 0.141769 3.334787
v 0.154964 0.147514 3.376943
v -0.000518 0.149385 3.390542
v -0.156000 0.147514 3.376943
v -0.311482 0.141769 3.334787
v -0.466963 0.131709 3.259217
v -0.622445 0.116358 3.138136
v 0.601234 0.244300 3.115833
v 0.450796 0.272794 3.225048
v 0.300358 0.291546 3.293703
v 0.149920 0.302273 3.332123
v -0.000518 0.305770 3.344533
v -0.150956 0.302273 3.332123
v -0.301394 0.291546 3.293703
v -0.451831 0.272794 3.225048
v -0.602269 0.244300 3.115833
v 0.566013 0.371991 3.078487
v 0.424380 0.413470 3.166240
v 0.282748 0.440819 3.222259
v 0.141115 0.456477 3.253827
v -0.000518 0.461583 3.264052
v -0.142150 0.456477 3.253827
v -0.283783 0.440819 3.222259
v -0.425416 0.413470 3.166240
v -0.567048 0.371991 3.078487
v 0.512658 0.499382 3.023011
v 0.384364 0.553615 3.075473
v 0.256070 0.589416 3.110105
v 0.127776 0.609924 3.129943
v -0.000518 0.616614 3.136415
v -0.128812 0.609924 3.129943
v -0.257105 0.589416 3.110105
v -0.385399 0.553615 3.075473
v -0.513693 0.499382 3.023011
v -1.138864 -0.074847 -1.142874
v -1.216071 -0.117808 -1.185834
v -1.293279 -0.146167 -1.214194
v -1.370486 -0.162412 -1.230438
v -1.447694 -0.167711 -1.235738
v -1.524902 -0.162412 -1.230439
v -1.602109 -0.146167 -1.214194
v -1.679316 -0.117808 -1.185833
v -1.106755 0.028452 -1.185834
v -1.191989 -0.003768 -1.257035
v -1.277224 -0.025038 -1.302499
v -1.362459 -0.037222 -1.328122
v -1.447694 -0.041196 -1.336423
v -1.532929 -0.037222 -1.328122
v -1.618163 -0.025038 -1.302499
v -1.703398 -0.003768 -1.257035
v -1.085558 0.131751 -1.214194
v -1.176092 0.110271 -1.302499
v -1.266626 0.096091 -1.358022
v -1.357159 0.087969 -1.389096
v -1.447694 0.085319 -1.399133
v -1.538228 0.087969 -1.389096
v -1.628762 0.096091 -1.358022
v -1.719296 0.110271 -1.302499
v -1.073416 0.235050 -1.230439
v -1.166986 0.224310 -1.328122
v -1.260555 0.217220 -1.389096
v -1.354124 0.213159 -1.423110
v -1.447694 0.211834 -1.434083
v -1.541263 0.213159 -1.423110
v -1.634832 0.217220 -1.389096
v -1.728402 0.224310 -1.328122
v -1.069456 0.338349 -1.235738
v -1.164015 0.338349 -1.336423
v -1.258575 0.338349 -1.399133
v -1.353134 0.338349 -1.434084
v -1.447694 0.338349 -1.445355
v -1.542253 0.338349 -1.434084
v -1.636813 0.338349 -1.399133
v -1.731372 0.338349 -1.336423
v -1.073416 0.441648 -1.230439
v -1.166986 0.452388 -1.328122
v -1.260555 0.459478 -1.389096
v -1.354124 0.463540 -1.423110
v -1.447694 0.464864 -1.434084
v -1.541263 0.463540 -1.423111
v -1.634833 0.459478 -1.389096
v -1.728402 0.452388 -1.328122
v -1.085558 0.544948 -1.214194
v -1.176092 0.566428 -1.302499
v -1.266626 0.580607 -1.358022
v -1.357159 0.588730 -1.389096
v -1.447694 0.591380 -1.399133
v -1.538228 0.588730 -1.389096
v -1.628762 0.580607 -1.358022
v -1.719296 0.566428 -1.302499
v -1.106755 0.648247 -1.185833
v -1.191990 0.680467 -1.257035
v -1.277224 0.701736 -1.302499
v -1.362459 0.713920 -1.328122
v -1.447694 0.717895 -1.336423
v -1.532929 0.713920 -1.328122
v -1.618163 0.701736 -1.302499
v -1.703398 0.680467 -1.257035
v -1.756524 -0.074847 -1.142874
v -1.788633 -0.117808 -1.039575
v -1.809829 -0.146167 -0.936276
v -1.821971 -0.162412 -0.832977
v -1.825932 -0.167711 -0.729678
v -1.821971 -0.162412 -0.626379
v -1.809829 -0.146167 -0.523079
v -1.788633 -0.117808 -0.419780
v -1.788633 0.028452 -1.185834
v -1.841850 -0.003768 -1.071795
v -1.875830 -0.025038 -0.957756
v -1.894981 -0.037222 -0.843717
v -1.901185 -0.041196 -0.729678
v -1.894981 -0.037222 -0.615639
v -1.875830 -0.025038 -0.501599
v -1.841850 -0.003768 -0.387560
v -1.809829 0.131751 -1.214194
v -1.875830 0.110271 -1.093065
v -1.917329 0.096091 -0.971936
v -1.940553 0.087969 -0.850806
v -1.948056 0.085319 -0.729678
v -1.940553 0.087969 -0.608549
v -1.917329 0.096091 -0.487420
v -1.875830 0.110271 -0.366291
v -1.821971 0.235050 -1.230439
v -1.894981 0.224310 -1.105249
v -1.940553 0.217220 -0.980058
v -1.965978 0.213159 -0.854868
v -1.974179 0.211834 -0.729678
v -1.965978 0.213159 -0.604487
v -1.940553 0.217220 -0.479297
v -1.894981 0.224310 -0.354107
v -1.825932 0.338349 -1.235738
v -1.901185 0.338349 -1.109223
v -1.948056 0.338349 -0.982708
v -1.974179 0.338349 -0.856193
v -1.982603 0.338349 -0.729678
v -1.974179 0.338349 -0.603163
v -1.948056 0.338349 -0.476647
v -1.901186 0.338349 -0.350132
v -1.821972 0.441648 -1.230439
v -1.894981 0.452388 -1.105249
v -1.940553 0.459478 -0.980058
v -1.965978 0.463540 -0.854868
v -1.974179 0.464864 -0.729678
v -1.965977 0.463540 -0.604487
v -1.940553 0.459478 -0.479297
v -1.894981 0.452388 -0.354107
v -1.809829 0.544948 -1.214194
v -1.875830 0.566428 -1.093065
v -1.917329 0.580607 -0.971936
v -1.940553 0.588730 -0.850807
v -1.948056 0.591380 -0.729678
v -1.940553 0.588730 -0.608549
v -1.917329 0.580607 -0.487420
v -1.875830 0.566428 -0.366291
v -1.788633 0.648247 -1.185834
v -1.841850 0.680467 -1.071795
v -1.875830 0.701736 -0.957756
v -1.894981 0.713920 -0.843717
v -1.901186 0.717895 -0.729678
v -1.894981 0.713920 -0.615639
v -1.875830 0.701736 -0.501599
v -1.841850 0.680467 -0.387560
v -1.756524 -0.074847 -0.316481
v -1.679316 -0.117808 -0.273521
v -1.602109 -0.146167 -0.245162
v -1.524902 -0.162412 -0.228916
v -1.447694 -0.167711 -0.223617
v -1.370486 -0.162412 -0.228916
v -1.293279 -0.146167 -0.245162
v -1.216071 -0.117808 -0.273521
v -1.788633 0.028452 -0.273521
v -1.703398 -0.003768 -0.202320
v -1.618163 -0.025038 -0.156856
v -1.532929 -0.037222 -0.131233
v -1.447694 -0.041196 -0.122932
v -1.362459 -0.037222 -0.131233
v -1.277224 -0.025038 -0.156856
v -1.191990 -0.003768 -0.202320
v -1.809829 0.131751 -0.245162
v -1.719296 0.110271 -0.156856
v -1.628762 0.096091 -0.101333
v -1.538228 0.087969 -0.070260
v -1.447694 0.085319 -0.060223
v -1.357160 0.087969 -0.070260
v -1.266626 0.096091 -0.101333
v -1.176092 0.110271 -0.156856
v -1.821971 0.235050 -0.228916
v -1.728402 0.224310 -0.131233
v -1.634832 0.217220 -0.070260
v -1.541263 0.213159 -0.036245
v -1.447694 0.211834 -0.025271
v -1.354124 0.213159 -0.036245
v -1.260556 0.217220 -0.070260
v -1.166986 0.224310 -0.131233
v -1.825932 0.338349 -0.223617
v -1.731372 0.338349 -0.122932
v -1.636813 0.338349 -0.060223
v -1.542254 0.338349 -0.025271
v -1.447694 0.338349 -0.014000
v -1.353134 0.338349 -0.025271
v -1.258575 0.338349 -0.060223
v -1.164015 0.338349 -0.122932
v -1.821971 0.441648 -0.228916
v -1.728402 0.452388 -0.131233
v -1.634832 0.459478 -0.070260
v -1.541263 0.463540 -0.036245
v -1.447694 0.464864 -0.025271
v -1.354124 0.463540 -0.036245
v -1.260555 0.459478 -0.070260
v -1.166986 0.452388 -0.131233
v -1.809829 0.544948 -0.245162
v -1.719296 0.566428 -0.156856
v -1.628762 0.580607 -0.101333
v -1.538228 0.588730 -0.070260
v -1.447694 0.591380 -0.060223
v -1.357160 0.588730 -0.070260
v -1.266626 0.580607 -0.101333
v -1.176092 0.566428 -0.156856
v -1.788633 0.648247 -0.273521
v -1.703398 0.680467 -0.202320
v -1.618163 0.701736 -0.156856
v -1.532929 0.713920 -0.131233
v -1.447694 0.717895 -0.122932
v -1.362459 0.713920 -0.131233
v -1.277224 0.701736 -0.156856
v -1.191990 0.680467 -0.202320
v -1.138864 -0.074847 -0.316481
v -1.106755 -0.117808 -0.419780
v -1.085558 -0.146167 -0.523079
v -1.073416 -0.162412 -0.626379
v -1.069456 -0.167711 -0.729678
v -1.073416 -0.162412 -0.832977
v -1.085558 -0.146167 -0.936276
v -1.106755 -0.117808 -1.039575
v -1.106755 0.028452 -0.273521
v -1.053538 -0.003768 -0.387560
v -1.019557 -0.025038 -0.501599
v -1.000406 -0.037222 -0.615639
v -0.994202 -0.041196 -0.729678
v -1.000406 -0.037222 -0.843717
v -1.019557 -0.025038 -0.957756
v -1.053538 -0.003768 -1.071795
v -1.085558 0.131751 -0.245162
v -1.019557 0.110271 -0.366291
v -0.978059 0.096091 -0.487420
v -0.954834 0.087969 -0.608549
v -0.947332 0.085319 -0.729678
v -0.954834 0.087969 -0.850807
v -0.978059 0.096091 -0.971936
v -1.019558 0.110271 -1.093065
v -1.073416 0.235050 -0.228916
v -1.000406 0.224310 -0.354107
v -0.954834 0.217220 -0.479297
v -0.929411 0.213159 -0.604487
v -0.921209 0.211834 -0.729678
v -0.929411 0.213159 -0.854868
v -0.954834 0.217220 -0.980058
v -1.000406 0.224310 -1.105249
v -1.069456 0.338349 -0.223617
v -0.994202 0.338349 -0.350132
v -0.947332 0.338349 -0.476647
v -0.921209 0.338349 -0.603163
v -0.912785 0.338349 -0.729678
v -0.921209 0.338349 -0.856193
v -0.947332 0.338349 -0.982708
v -0.994202 0.338349 -1.109223
v -1.073416 0.441648 -0.228916
v -1.000406 0.452388 -0.354107
v -0.954834 0.459478 -0.479297
v -0.929411 0.463540 -0.604487
v -0.921209 0.464864 -0.729678
v -0.929411 0.463540 -0.854868
v -0.954834 0.459478 -0.980058
v -1.000407 0.452388 -1.105249
v -1.085558 0.544948 -0.245162
v -1.019557 0.566428 -0.366291
v -0.978059 0.580607 -0.487420
v -0.954834 0.588730 -0.608549
v -0.947332 0.591380 -0.729678
v -0.954834 0.588730 -0.850807
v -0.978059 0.580607 -0.971936
v -1.019558 0.566428 -1.093065
v -1.106755 0.648247 -0.273521
v -1.053538 0.680467 -0.387560
v -1.019558 0.701736 -0.501599
v -1.000406 0.713920 -0.615639
v -0.994202 0.717895 -0.729678
v -1.000406 0.713920 -0.843717
v -1.019558 0.701736 -0.957756
v -1.053538 0.680467 -1.071795
v -1.191990 -0.189008 -0.387560
v -1.277224 -0.234472 -0.366291
v -1.362459 -0.260095 -0.354107
v -1.447694 -0.268396 -0.350132
v -1.532929 -0.260095 -0.354107
v -1.618163 -0.234472 -0.366291
v -1.703398 -0.189008 -0.387560
v -1.176092 -0.234472 -0.501599
v -1.266626 -0.289995 -0.487420
v -1.357160 -0.321069 -0.479297
v -1.447694 -0.331106 -0.476647
v -1.538228 -0.321069 -0.479297
v -1.628762 -0.289995 -0.487420
v -1.719296 -0.234472 -0.501599
v -1.166986 -0.260095 -0.615639
v -1.260555 -0.321069 -0.608549
v -1.354124 -0.355084 -0.604487
v -1.447694 -0.366057 -0.603163
v -1.541263 -0.355084 -0.604487
v -1.634832 -0.321069 -0.608549
v -1.728402 -0.260095 -0.615639
v -1.164015 -0.268396 -0.729678
v -1.258575 -0.331106 -0.729678
v -1.353134 -0.366057 -0.729678
v -1.447694 -0.377328 -0.729678
v -1.542254 -0.366057 -0.729678
v -1.636813 -0.331106 -0.729678
v -1.731372 -0.268396 -0.729678
v -1.166986 -0.260095 -0.843717
v -1.260555 -0.321069 -0.850807
v -1.354124 -0.355084 -0.854868
v -1.447694 -0.366057 -0.856193
v -1.541263 -0.355084 -0.854868
v -1.634832 -0.321069 -0.850806
v -1.728402 -0.260095 -0.843717
v -1.176092 -0.234472 -0.957756
v -1.266626 -0.289995 -0.971936
v -1.357160 -0.321069 -0.980058
v -1.447694 -0.331106 -0.982708
v -1.538228 -0.321069 -0.980058
v -1.628762 -0.289995 -0.971936
v -1.719296 -0.234472 -0.957756
v -1.191990 -0.189008 -1.071795
v -1.277224 -0.234472 -1.093065
v -1.362459 -0.260095 -1.105249
v -1.447694 -0.268396 -1.109223
v -1.532929 -0.260095 -1.105249
v -1.618163 -0.234472 -1.093065
v -1.703398 -0.189008 -1.071795
v -1.138864 0.751546 -1.142874
v -1.216071 0.794506 -1.185834
v -1.293278 0.822865 -1.214194
v -1.370486 0.839111 -1.230439
v -1.447694 0.844410 -1.235738
v -1.524902 0.839111 -1.230439
v -1.602109 0.822865 -1.214194
v -1.679316 0.794506 -1.185833
v -1.756524 0.751546 -1.142874
v -1.106755 0.794506 -1.039575
v -1.191989 0.865706 -1.071795
v -1.277224 0.911171 -1.093065
v -1.362459 0.936794 -1.105249
v -1.447694 0.945095 -1.109223
v -1.532929 0.936794 -1.105249
v -1.618163 0.911171 -1.093065
v -1.703398 0.865706 -1.071795
v -1.788633 0.794506 -1.039575
v -1.085558 0.822865 -0.936276
v -1.176092 0.911171 -0.957756
v -1.266626 0.966694 -0.971936
v -1.357159 0.997767 -0.980058
v -1.447694 1.007804 -0.982708
v -1.538228 0.997767 -0.980058
v -1.628762 0.966694 -0.971936
v -1.719296 0.911171 -0.957756
v -1.809829 0.822865 -0.936276
v -1.073416 0.839111 -0.832977
v -1.166986 0.936794 -0.843717
v -1.260555 0.997767 -0.850807
v -1.354124 1.031782 -0.854868
v -1.447694 1.042756 -0.856193
v -1.541263 1.031782 -0.854868
v -1.634832 0.997767 -0.850807
v -1.728402 0.936794 -0.843717
v -1.821971 0.839111 -0.832977
v -1.069456 0.844410 -0.729678
v -1.164015 0.945095 -0.729678
v -1.258575 1.007804 -0.729678
v -1.353134 1.042756 -0.729678
v -1.447694 1.054027 -0.729678
v -1.542254 1.042756 -0.729678
v -1.636813 1.007804 -0.729678
v -1.731372 0.945095 -0.729678
v -1.825932 0.844410 -0.729678
v -1.073416 0.839111 -0.626379
v -1.166986 0.936794 -0.615639
v -1.260555 0.997767 -0.608549
v -1.354124 1.031782 -0.604487
v -1.447694 1.042756 -0.603163
v -1.541263 1.031782 -0.604487
v -1.634832 0.997767 -0.608549
v -1.728402 0.936794 -0.615639
v -1.821971 0.839111 -0.626379
v -1.085558 0.822865 -0.523079
v -1.176092 0.911171 -0.501599
v -1.266626 0.966694 -0.487420
v -1.357160 0.997767 -0.479297
v -1.447694 1.007804 -0.476647
v -1.538228 0.997767 -0.479297
v -1.628762 0.966694 -0.487420
v -1.719296 0.911171 -0.501599
v -1.809829 0.822865 -0.523079
v -1.106755 0.794506 -0.419780
v -1.191990 0.865706 -0.387560
v -1.277224 0.911171 -0.366291
v -1.362459 0.936794 -0.354107
v -1.447694 0.945095 -0.350132
v -1.532929 0.936794 -0.354107
v -1.618164 0.911171 -0.366291
v -1.703398 0.865706 -0.387560
v -1.788633 0.794506 -0.419780
v -1.138864 0.751546 -0.316481
v -1.216071 0.794506 -0.273521
v -1.293279 0.822865 -0.245162
v -1.370486 0.839111 -0.228916
v -1.447694 0.844410 -0.223617
v -1.524902 0.839111 -0.228916
v -1.602109 0.822865 -0.245162
v -1.679316 0.794506 -0.273521
v -1.756524 0.751546 -0.316481
v -1.235590 2.318061 -0.064223
v -1.377054 2.257552 -0.064223
v -1.480613 2.092236 -0.064223
v -1.518519 1.866410 -0.064223
v -1.480613 1.640585 -0.064223
v -1.377054 1.475268 -0.064223
v -1.235590 1.414758 -0.064223
v -1.094125 1.475268 -0.064223
v -0.990567 1.640584 -0.064223
v -0.952661 1.866410 -0.064223
v -0.990566 2.092236 -0.064223
v -1.094125 2.257552 -0.064223
v -1.235590 2.298742 -0.358984
v -1.377054 2.238750 -0.351086
v -1.480613 2.074847 -0.329509
v -1.518519 1.850954 -0.300032
v -1.480613 1.627060 -0.270555
v -1.377054 1.463159 -0.248978
v -1.235590 1.403167 -0.241080
v -1.094125 1.463160 -0.248978
v -0.990566 1.627060 -0.270556
v -0.952661 1.850954 -0.300032
v -0.990566 2.074847 -0.329509
v -1.094125 2.238750 -0.351086
v -1.235590 2.241113 -0.648703
v -1.377054 2.182665 -0.633041
v -1.480613 2.022982 -0.590255
v -1.518519 1.804851 -0.531806
v -1.480613 1.586721 -0.473359
v -1.377054 1.427038 -0.430572
v -1.235590 1.368589 -0.414911
v -1.094125 1.427038 -0.430572
v -0.990566 1.586721 -0.473359
v -0.952661 1.804851 -0.531806
v -0.990566 2.022982 -0.590255
v -1.094125 2.182665 -0.633041
v -1.235590 2.146162 -0.928421
v -1.377054 2.090258 -0.905264
v -1.480613 1.937526 -0.842000
v -1.518519 1.728890 -0.755580
v -1.480613 1.520255 -0.669161
v -1.377054 1.367523 -0.605897
v -1.235590 1.311619 -0.582741
v -1.094125 1.367523 -0.605897
v -0.990566 1.520255 -0.669161
v -0.952661 1.728890 -0.755580
v -0.990566 1.937526 -0.842000
v -1.094126 2.090258 -0.905264
v -1.235590 2.015512 -1.193351
v -1.377054 1.963109 -1.163096
v -1.480613 1.819942 -1.080438
v -1.518518 1.624371 -0.967526
v -1.480613 1.428800 -0.854613
v -1.377055 1.285632 -0.771955
v -1.235590 1.233230 -0.741699
v -1.094126 1.285632 -0.771955
v -0.990566 1.428800 -0.854613
v -0.952661 1.624370 -0.967526
v -0.990566 1.819942 -1.080438
v -1.094125 1.963109 -1.163096
v -1.235590 1.851400 -1.438962
v -1.377054 1.803394 -1.402125
v -1.480613 1.672241 -1.301488
v -1.518519 1.493082 -1.164015
v -1.480613 1.313921 -1.026540
v -1.377054 1.182768 -0.925902
v -1.235590 1.134762 -0.889066
v -1.094125 1.182768 -0.925903
v -0.990566 1.313922 -1.026540
v -0.952661 1.493081 -1.164013
v -0.990566 1.672241 -1.301488
v -1.094125 1.803394 -1.402126
v -1.235590 1.656633 -1.661051
v -1.377054 1.613846 -1.618264
v -1.480613 1.496951 -1.501369
v -1.518519 1.337268 -1.341686
v -1.480613 1.177585 -1.182002
v -1.377055 1.060689 -1.065107
v -1.235590 1.017902 -1.022319
v -1.094125 1.060689 -1.065107
v -0.990566 1.177585 -1.182002
v -0.952661 1.337268 -1.341686
v -0.990566 1.496950 -1.501369
v -1.094126 1.613846 -1.618265
v -1.235590 1.434544 -1.855817
v -1.377054 1.397709 -1.807812
v -1.480613 1.297071 -1.676658
v -1.518519 1.159597 -1.497499
v -1.480613 1.022123 -1.318339
v -1.377054 0.921484 -1.187185
v -1.235590 0.884649 -1.139180
v -1.094125 0.921484 -1.187185
v -0.990566 1.022122 -1.318339
v -0.952661 1.159597 -1.497499
v -0.990566 1.297071 -1.676658
v -1.094126 1.397709 -1.807812
v -1.235590 1.188933 -2.019929
v -1.377054 1.158678 -1.967528
v -1.480613 1.076020 -1.824359
v -1.518519 0.963108 -1.628789
v -1.480613 0.850195 -1.433218
v -1.377055 0.767537 -1.290051
v -1.235590 0.737282 -1.237648
v -1.094126 0.767537 -1.290051
v -0.990567 0.850195 -1.433218
v -0.952661 0.963107 -1.628788
v -0.990566 1.076020 -1.824359
v -1.094125 1.158678 -1.967527
v -1.235590 0.924002 -2.150579
v -1.377054 0.900847 -2.094676
v -1.480613 0.837583 -1.941944
v -1.518518 0.751163 -1.733308
v -1.480613 0.664744 -1.524673
v -1.377054 0.601479 -1.371941
v -1.235590 0.578324 -1.316037
v -1.094125 0.601479 -1.371940
v -0.990566 0.664744 -1.524673
v -0.952661 0.751163 -1.733308
v -0.990566 0.837583 -1.941944
v -1.094125 0.900846 -2.094676
v -1.235590 0.644285 -2.245530
v -1.377054 0.628624 -2.187083
v -1.480613 0.585837 -2.027400
v -1.518519 0.527389 -1.809269
v -1.480613 0.468941 -1.591138
v -1.377054 0.426154 -1.431456
v -1.235590 0.410493 -1.373007
v -1.094125 0.426153 -1.431456
v -0.990567 0.468941 -1.591139
v -0.952661 0.527389 -1.809269
v -0.990566 0.585837 -2.027400
v -1.094126 0.628624 -2.187083
v -1.235590 0.354566 -2.303159
v -1.377054 0.346668 -2.243167
v -1.480613 0.325091 -2.079265
v -1.518519 0.295614 -1.855372
v -1.480613 0.266138 -1.631478
v -1.377054 0.244560 -1.467577
v -1.235590 0.236661 -1.407585
v -1.094125 0.244560 -1.467577
v -0.990567 0.266138 -1.631478
v -0.952661 0.295614 -1.855372
v -0.990567 0.325090 -2.079265
v -1.094126 0.346668 -2.243167
v -1.235590 0.059806 -2.322479
v -1.377054 0.059806 -2.261970
v -1.480613 0.059805 -2.096653
v -1.518519 0.059806 -1.870828
v -1.480613 0.059806 -1.645002
v -1.377055 0.059806 -1.479686
v -1.235590 0.059806 -1.419176
v -1.094126 0.059806 -1.479686
v -0.990566 0.059805 -1.645002
v -0.952661 0.059805 -1.870828
v -0.990567 0.059806 -2.096653
v -1.094125 0.059805 -2.261970
v -1.235590 -0.234957 -2.303159
v -1.377055 -0.227059 -2.243167
v -1.480613 -0.205480 -2.079265
v -1.518519 -0.176004 -1.855372
v -1.480613 -0.146528 -1.631478
v -1.377054 -0.124950 -1.467577
v -1.235590 -0.117052 -1.407585
v -1.094125 -0.124950 -1.467577
v -0.990566 -0.146528 -1.631478
v -0.952661 -0.176005 -1.855372
v -0.990566 -0.205481 -2.079265
v -1.094126 -0.227059 -2.243166
v -1.235590 -0.524675 -2.245531
v -1.377055 -0.509013 -2.187083
v -1.480613 -0.466226 -2.027400
v -1.518519 -0.407778 -1.809269
v -1.480613 -0.349331 -1.591139
v -1.377054 -0.306543 -1.431455
v -1.235590 -0.290882 -1.373007
v -1.094125 -0.306544 -1.431455
v -0.990567 -0.349331 -1.591139
v -0.952661 -0.407779 -1.809269
v -0.990567 -0.466226 -2.027400
v -1.094125 -0.509013 -2.187083
v -1.235590 -0.804392 -2.150579
v -1.377054 -0.781236 -2.094676
v -1.480613 -0.717973 -1.941944
v -1.518519 -0.631553 -1.733308
v -1.480613 -0.545133 -1.524673
v -1.377054 -0.481869 -1.371941
v -1.235590 -0.458713 -1.316037
v -1.094126 -0.481869 -1.371940
v -0.990566 -0.545133 -1.524673
v -0.952661 -0.631553 -1.733308
v -0.990567 -0.717973 -1.941944
v -1.094125 -0.781236 -2.094676
v -1.235590 -1.069323 -2.019931
v -1.377054 -1.039068 -1.967527
v -1.480613 -0.956410 -1.824359
v -1.518519 -0.843497 -1.628789
v -1.480613 -0.730585 -1.433218
v -1.377054 -0.647926 -1.290051
v -1.235590 -0.617671 -1.237648
v -1.094125 -0.647926 -1.290051
v -0.990566 -0.730584 -1.433218
v -0.952661 -0.843498 -1.628789
v -0.990567 -0.956410 -1.824359
v -1.094125 -1.039068 -1.967527
v -1.235590 -1.314934 -1.855818
v -1.377055 -1.278098 -1.807812
v -1.480613 -1.177460 -1.676658
v -1.518519 -1.039986 -1.497499
v -1.480613 -0.902512 -1.318339
v -1.377054 -0.801874 -1.187185
v -1.235590 -0.765038 -1.139180
v -1.094125 -0.801874 -1.187185
v -0.990567 -0.902513 -1.318339
v -0.952661 -1.039986 -1.497499
v -0.990567 -1.177460 -1.676658
v -1.094126 -1.278097 -1.807812
v -1.235590 -1.537024 -1.661051
v -1.377055 -1.494236 -1.618263
v -1.480613 -1.377341 -1.501368
v -1.518519 -1.217658 -1.341686
v -1.480613 -1.057974 -1.182002
v -1.377054 -0.941079 -1.065106
v -1.235590 -0.898292 -1.022319
v -1.094125 -0.941079 -1.065106
v -0.990566 -1.057975 -1.182002
v -0.952661 -1.217657 -1.341684
v -0.990567 -1.377341 -1.501368
v -1.094126 -1.494237 -1.618263
v -1.235590 -1.731790 -1.438962
v -1.377054 -1.683784 -1.402125
v -1.480614 -1.552630 -1.301488
v -1.518519 -1.373471 -1.164014
v -1.480614 -1.194311 -1.026540
v -1.377054 -1.063158 -0.925902
v -1.235590 -1.015152 -0.889066
v -1.094125 -1.063158 -0.925902
v -0.990567 -1.194311 -1.026540
v -0.952661 -1.373470 -1.164014
v -0.990566 -1.552631 -1.301488
v -1.094126 -1.683784 -1.402125
v -1.235590 -1.895902 -1.193351
v -1.377054 -1.843498 -1.163097
v -1.480614 -1.700331 -1.080439
v -1.518519 -1.504759 -0.967525
v -1.480614 -1.309189 -0.854612
v -1.377054 -1.166021 -0.771955
v -1.235590 -1.113619 -0.741700
v -1.094126 -1.166021 -0.771954
v -0.990566 -1.309190 -0.854613
v -0.952661 -1.504760 -0.967526
v -0.990566 -1.700331 -1.080439
v -1.094126 -1.843498 -1.163097
v -1.235590 -2.026551 -0.928420
v -1.377054 -1.970647 -0.905264
v -1.480614 -1.817916 -0.842000
v -1.518519 -1.609280 -0.755581
v -1.480614 -1.400644 -0.669161
v -1.377054 -1.247912 -0.605897
v -1.235590 -1.192008 -0.582741
v -1.094126 -1.247912 -0.605897
v -0.990567 -1.400644 -0.669160
v -0.952661 -1.609280 -0.755580
v -0.990566 -1.817916 -0.842001
v -1.094126 -1.970648 -0.905264
v -1.235590 -2.121503 -0.648702
v -1.377054 -2.063055 -0.633041
v -1.480614 -1.903373 -0.590254
v -1.518519 -1.685241 -0.531806
v -1.480614 -1.467111 -0.473359
v -1.377054 -1.307428 -0.430571
v -1.235590 -1.248980 -0.414910
v -1.094126 -1.307428 -0.430571
v -0.990567 -1.467111 -0.473359
v -0.952661 -1.685241 -0.531806
v -0.990566 -1.903372 -0.590254
v -1.094126 -2.063055 -0.633041
v -1.235590 -2.179131 -0.358984
v -1.377054 -2.119139 -0.351087
v -1.480614 -1.955237 -0.329508
v -1.518519 -1.731344 -0.300032
v -1.480614 -1.507450 -0.270556
v -1.377054 -1.343549 -0.248978
v -1.235590 -1.283556 -0.241080
v -1.094126 -1.343548 -0.248978
v -0.990567 -1.507451 -0.270555
v -0.952661 -1.731344 -0.300032
v -0.990566 -1.955237 -0.329508
v -1.094126 -2.119139 -0.351087
v -1.235590 -2.198450 -0.064223
v -1.377054 -2.137941 -0.064223
v -1.480614 -1.972625 -0.064223
v -1.518519 -1.746800 -0.064223
v -1.480614 -1.520974 -0.064223
v -1.377054 -1.355658 -0.064224
v -1.235590 -1.295148 -0.064222
v -1.094126 -1.355658 -0.064222
v -0.990566 -1.520974 -0.064222
v -0.952661 -1.746800 -0.064222
v -0.990566 -1.972625 -0.064222
v -1.094126 -2.137941 -0.064223
v -1.235590 -2.179131 0.230539
v -1.377055 -2.119139 0.222641
v -1.480614 -1.955237 0.201063
v -1.518519 -1.731344 0.171587
v -1.480614 -1.507450 0.142111
v -1.377054 -1.343549 0.120532
v -1.235590 -1.283557 0.112634
v -1.094126 -1.343549 0.120532
v -0.990567 -1.507451 0.142111
v -0.952662 -1.731344 0.171587
v -0.990566 -1.955237 0.201063
v -1.094126 -2.119139 0.222641
v -1.235590 -2.121503 0.520257
v -1.377055 -2.063055 0.504595
v -1.480614 -1.903373 0.461809
v -1.518519 -1.685241 0.403360
v -1.480614 -1.467111 0.344913
v -1.377054 -1.307427 0.302126
v -1.235590 -1.248980 0.286464
v -1.094126 -1.307428 0.302126
v -0.990567 -1.467110 0.344913
v -0.952662 -1.685241 0.403361
v -0.990566 -1.903372 0.461808
v -1.094126 -2.063055 0.504596
v -1.235590 -2.026551 0.799973
v -1.377055 -1.970648 0.776817
v -1.480614 -1.817916 0.713554
v -1.518519 -1.609280 0.627134
v -1.480614 -1.400644 0.540715
v -1.377054 -1.247912 0.477451
v -1.235590 -1.192008 0.454295
v -1.094126 -1.247912 0.477451
v -0.990566 -1.400645 0.540715
v -0.952662 -1.609281 0.627134
v -0.990566 -1.817917 0.713554
v -1.094126 -1.970648 0.776817
v -1.235590 -1.895902 1.064905
v -1.377055 -1.843499 1.034650
v -1.480614 -1.700331 0.951992
v -1.518519 -1.504761 0.839079
v -1.480614 -1.309190 0.726167
v -1.377054 -1.166022 0.643508
v -1.235590 -1.113619 0.613254
v -1.094126 -1.166022 0.643508
v -0.990566 -1.309190 0.726167
v -0.952662 -1.504761 0.839080
v -0.990566 -1.700331 0.951992
v -1.094126 -1.843499 1.034650
v -1.235590 -1.731790 1.310516
v -1.377055 -1.683784 1.273681
v -1.480614 -1.552630 1.173042
v -1.518519 -1.373470 1.035568
v -1.480614 -1.194311 0.898095
v -1.377054 -1.063157 0.797456
v -1.235590 -1.015152 0.760621
v -1.094126 -1.063157 0.797456
v -0.990566 -1.194311 0.898095
v -0.952662 -1.373470 1.035568
v -0.990566 -1.552630 1.173042
v -1.094126 -1.683784 1.273680
v -1.235590 -1.537024 1.532605
v -1.377055 -1.494236 1.489819
v -1.480614 -1.377340 1.372922
v -1.518519 -1.217657 1.213240
v -1.480614 -1.057974 1.053557
v -1.377054 -0.941078 0.936661
v -1.235590 -0.898292 0.893873
v -1.094126 -0.941079 0.936661
v -0.990566 -1.057975 1.053557
v -0.952662 -1.217657 1.213240
v -0.990566 -1.377340 1.372922
v -1.094126 -1.494236 1.489818
v -1.235590 -1.314935 1.727371
v -1.377055 -1.278099 1.679366
v -1.480614 -1.177460 1.548212
v -1.518519 -1.039987 1.369053
v -1.480614 -0.902513 1.189893
v -1.377054 -0.801875 1.058739
v -1.235590 -0.765039 1.010734
v -1.094126 -0.801875 1.058739
v -0.990567 -0.902513 1.189893
v -0.952662 -1.039987 1.369053
v -0.990567 -1.177461 1.548212
v -1.094126 -1.278099 1.679366
v -1.235590 -1.069322 1.891485
v -1.377055 -1.039068 1.839082
v -1.480614 -0.956410 1.695913
v -1.518519 -0.843496 1.500343
v -1.480614 -0.730584 1.304773
v -1.377054 -0.647926 1.161605
v -1.235590 -0.617671 1.109201
v -1.094126 -0.647926 1.161605
v -0.990566 -0.730584 1.304773
v -0.952662 -0.843497 1.500343
v -0.990566 -0.956410 1.695913
v -1.094126 -1.039068 1.839082
v -1.235590 -0.804392 2.022134
v -1.377054 -0.781236 1.966230
v -1.480614 -0.717972 1.813498
v -1.518519 -0.631553 1.604862
v -1.480614 -0.545133 1.396226
v -1.377054 -0.481869 1.243495
v -1.235590 -0.458713 1.187591
v -1.094126 -0.481869 1.243495
v -0.990566 -0.545133 1.396226
v -0.952661 -0.631553 1.604862
v -0.990566 -0.717972 1.813498
v -1.094126 -0.781235 1.966230
v -1.235590 -0.524675 2.117085
v -1.377054 -0.509014 2.058637
v -1.480614 -0.466227 1.898954
v -1.518519 -0.407779 1.680823
v -1.480614 -0.349330 1.462693
v -1.377054 -0.306544 1.303010
v -1.235590 -0.290883 1.244562
v -1.094126 -0.306544 1.303010
v -0.990567 -0.349331 1.462693
v -0.952661 -0.407779 1.680823
v -0.990566 -0.466227 1.898954
v -1.094126 -0.509014 2.058637
v -1.235590 -0.234957 2.174713
v -1.377054 -0.227059 2.114721
v -1.480614 -0.205481 1.950819
v -1.518519 -0.176005 1.726926
v -1.480614 -0.146528 1.503032
v -1.377054 -0.124951 1.339131
v -1.235590 -0.117053 1.279139
v -1.094126 -0.124951 1.339131
v -0.990566 -0.146529 1.503032
v -0.952661 -0.176006 1.726926
v -0.990566 -0.205481 1.950819
v -1.094126 -0.227059 2.114721
v -1.235590 0.059806 2.194032
v -1.377054 0.059806 2.133523
v -1.480614 0.059806 1.968207
v -1.518519 0.059806 1.742382
v -1.480614 0.059806 1.516557
v -1.377054 0.059806 1.351240
v -1.235590 0.059806 1.290730
v -1.094126 0.059806 1.351240
v -0.990566 0.059805 1.516557
v -0.952661 0.059805 1.742382
v -0.990567 0.059806 1.968207
v -1.094126 0.059806 2.133523
v -1.235590 0.354566 2.174713
v -1.377054 0.346668 2.114721
v -1.480614 0.325091 1.950820
v -1.518519 0.295614 1.726926
v -1.480614 0.266138 1.503033
v -1.377054 0.244560 1.339131
v -1.235590 0.236661 1.279139
v -1.094126 0.244560 1.339131
v -0.990566 0.266138 1.503033
v -0.952661 0.295614 1.726926
v -0.990566 0.325090 1.950820
v -1.094126 0.346668 2.114721
v -1.235590 0.644284 2.117085
v -1.377054 0.628623 2.058637
v -1.480614 0.585836 1.898954
v -1.518519 0.527389 1.680823
v -1.480614 0.468940 1.462692
v -1.377054 0.426154 1.303009
v -1.235590 0.410493 1.244562
v -1.094126 0.426154 1.303010
v -0.990566 0.468940 1.462692
v -0.952661 0.527388 1.680824
v -0.990566 0.585836 1.898954
v -1.094126 0.628623 2.058636
v -1.235590 0.924003 2.022133
v -1.377054 0.900847 1.966229
v -1.480614 0.837583 1.813498
v -1.518519 0.751164 1.604862
v -1.480613 0.664744 1.396226
v -1.377054 0.601480 1.243494
v -1.235590 0.578324 1.187591
v -1.094125 0.601480 1.243495
v -0.990566 0.664744 1.396226
v -0.952661 0.751163 1.604862
v -0.990566 0.837583 1.813498
v -1.094126 0.900846 1.966229
v -1.235590 1.188933 1.891484
v -1.377054 1.158678 1.839081
v -1.480613 1.076020 1.695913
v -1.518518 0.963108 1.500343
v -1.480613 0.850195 1.304772
v -1.377054 0.767537 1.161604
v -1.235590 0.737282 1.109201
v -1.094125 0.767537 1.161604
v -0.990566 0.850195 1.304772
v -0.952661 0.963107 1.500343
v -0.990566 1.076020 1.695913
v -1.094125 1.158678 1.839081
v -1.235590 1.434544 1.727372
v -1.377054 1.397708 1.679367
v -1.480613 1.297070 1.548213
v -1.518519 1.159597 1.369053
v -1.480613 1.022122 1.189894
v -1.377054 0.921485 1.058740
v -1.235590 0.884649 1.010734
v -1.094125 0.921485 1.058740
v -0.990566 1.022122 1.189894
v -0.952661 1.159596 1.369053
v -0.990566 1.297070 1.548213
v -1.094125 1.397708 1.679367
v -1.235590 1.656632 1.532606
v -1.377054 1.613846 1.489819
v -1.480613 1.496950 1.372924
v -1.518519 1.337267 1.213240
v -1.480613 1.177585 1.053557
v -1.377054 1.060688 0.936662
v -1.235590 1.017902 0.893874
v -1.094125 1.060688 0.936662
v -0.990566 1.177584 1.053557
v -0.952661 1.337267 1.213240
v -0.990566 1.496950 1.372923
v -1.094125 1.613846 1.489819
v -1.235590 1.851400 1.310516
v -1.377054 1.803395 1.273679
v -1.480613 1.672241 1.173042
v -1.518519 1.493082 1.035568
v -1.480613 1.313922 0.898094
v -1.377054 1.182768 0.797456
v -1.235590 1.134762 0.760620
v -1.094125 1.182768 0.797456
v -0.990566 1.313922 0.898094
v -0.952661 1.493081 1.035568
v -0.990566 1.672241 1.173042
v -1.094125 1.803395 1.273679
v -1.235590 2.015512 1.064905
v -1.377054 1.963109 1.034650
v -1.480613 1.819942 0.951993
v -1.518519 1.624371 0.839079
v -1.480613 1.428800 0.726166
v -1.377054 1.285632 0.643509
v -1.235590 1.233230 0.613254
v -1.094125 1.285632 0.643509
v -0.990566 1.428800 0.726166
v -0.952661 1.624370 0.839080
v -0.990566 1.819942 0.951993
v -1.094125 1.963109 1.034650
v -1.235590 2.146162 0.799975
v -1.377054 2.090258 0.776819
v -1.480613 1.937526 0.713556
v -1.518519 1.728890 0.627135
v -1.480613 1.520255 0.540715
v -1.377054 1.367523 0.477452
v -1.235590 1.311619 0.454296
v -1.094125 1.367523 0.477452
v -0.990566 1.520255 0.540716
v -0.952661 1.728890 0.627135
v -0.990566 1.937526 0.713556
v -1.094125 2.090258 0.776819
v -1.235590 2.241114 0.520256
v -1.377054 2.182665 0.504595
v -1.480613 2.022982 0.461808
v -1.518519 1.804851 0.403360
v -1.480613 1.586721 0.344913
v -1.377054 1.427038 0.302125
v -1.235590 1.368590 0.286464
v -1.094125 1.427038 0.302125
v -0.990566 1.586721 0.344913
v -0.952661 1.804851 0.403360
v -0.990567 2.022982 0.461808
v -1.094125 2.182665 0.504595
v -1.235590 2.298742 0.230539
v -1.377054 2.238750 0.222641
v -1.480613 2.074847 0.201062
v -1.518519 1.850955 0.171586
v -1.480613 1.627060 0.142110
v -1.377054 1.463159 0.120532
v -1.235590 1.403167 0.112634
v -1.094125 1.463159 0.120532
v -0.990566 1.627060 0.142111
v -0.952661 1.850955 0.171586
v -0.990566 2.074847 0.201062
v -1.094125 2.238749 0.222641
v 1.320183 -1.320183 -1.320183
v 0.990137 -1.457443 -1.457443
v 0.660091 -1.548052 -1.548052
v 0.330045 -1.599956 -1.599956
v -0.000000 -1.616887 -1.616888
v -0.330046 -1.599956 -1.599956
v -0.660092 -1.548052 -1.548052
v -0.990137 -1.457443 -1.457442
v 1.457443 -0.990137 -1.457443
v 1.093082 -1.093082 -1.684931
v 0.728721 -1.161039 -1.830193
v 0.364361 -1.199967 -1.912059
v -0.000000 -1.212665 -1.938580
v -0.364361 -1.199967 -1.912059
v -0.728721 -1.161039 -1.830193
v -1.093082 -1.093082 -1.684931
v 1.548052 -0.660092 -1.548052
v 1.161039 -0.728721 -1.830193
v 0.774026 -0.774026 -2.007590
v 0.387013 -0.799978 -2.106871
v -0.000000 -0.808444 -2.138941
v -0.387013 -0.799978 -2.106871
v -0.774026 -0.774026 -2.007590
v -1.161039 -0.728721 -1.830193
v 1.599956 -0.330046 -1.599957
v 1.199967 -0.364361 -1.912059
v 0.799978 -0.387013 -2.106871
v 0.399989 -0.399989 -2.215551
v -0.000000 -0.404222 -2.250612
v -0.399989 -0.399989 -2.215551
v -0.799978 -0.387013 -2.106871
v -1.199967 -0.364361 -1.912059
v 1.616887 -0.000000 -1.616888
v 1.212666 0.000000 -1.938580
v 0.808443 -0.000000 -2.138941
v 0.404222 -0.000000 -2.250612
v 0.000000 0.000000 -2.286624
v -0.404222 0.000000 -2.250612
v -0.808444 0.000000 -2.138941
v -1.212666 -0.000000 -1.938580
v 1.599956 0.330046 -1.599957
v 1.199967 0.364361 -1.912059
v 0.799978 0.387013 -2.106872
v 0.399989 0.399989 -2.215551
v -0.000000 0.404222 -2.250612
v -0.399989 0.399989 -2.215551
v -0.799978 0.387013 -2.106871
v -1.199968 0.364361 -1.912059
v 1.548052 0.660092 -1.548052
v 1.161039 0.728721 -1.830193
v 0.774026 0.774026 -2.007590
v 0.387013 0.799978 -2.106871
v 0.000000 0.808444 -2.138941
v -0.387013 0.799978 -2.106871
v -0.774026 0.774026 -2.007590
v -1.161039 0.728721 -1.830192
v 1.457443 0.990137 -1.457443
v 1.093082 1.093082 -1.684931
v 0.728721 1.161039 -1.830192
v 0.364361 1.199967 -1.912059
v 0.000000 1.212666 -1.938580
v -0.364361 1.199967 -1.912059
v -0.728721 1.161039 -1.830193
v -1.093082 1.093082 -1.684931
v -1.320183 -1.320183 -1.320183
v -1.457443 -1.457443 -0.990137
v -1.548052 -1.548052 -0.660091
v -1.599956 -1.599956 -0.330045
v -1.616888 -1.616887 0.000000
v -1.599957 -1.599956 0.330046
v -1.548052 -1.548052 0.660092
v -1.457443 -1.457443 0.990137
v -1.457443 -0.990137 -1.457442
v -1.684932 -1.093082 -1.093082
v -1.830192 -1.161039 -0.728721
v -1.912059 -1.199967 -0.364360
v -1.938580 -1.212666 0.000000
v -1.912059 -1.199967 0.364361
v -1.830193 -1.161039 0.728722
v -1.684932 -1.093082 1.093082
v -1.548052 -0.660091 -1.548052
v -1.830192 -0.728721 -1.161039
v -2.007590 -0.774026 -0.774026
v -2.106871 -0.799978 -0.387012
v -2.138941 -0.808444 0.000000
v -2.106871 -0.799978 0.387013
v -2.007590 -0.774026 0.774026
v -1.830193 -0.728721 1.161039
v -1.599956 -0.330046 -1.599956
v -1.912059 -0.364361 -1.199967
v -2.106871 -0.387013 -0.799978
v -2.215551 -0.399989 -0.399989
v -2.250612 -0.404222 0.000000
v -2.215551 -0.399989 0.399989
v -2.106871 -0.387013 0.799978
v -1.912059 -0.364361 1.199967
v -1.616888 0.000000 -1.616887
v -1.938580 0.000000 -1.212666
v -2.138941 0.000000 -0.808444
v -2.250612 -0.000000 -0.404222
v -2.286624 0.000000 0.000000
v -2.250612 0.000000 0.404222
v -2.138941 0.000000 0.808444
v -1.938580 -0.000000 1.212666
v -1.599956 0.330046 -1.599956
v -1.912059 0.364361 -1.199967
v -2.106871 0.387013 -0.799978
v -2.215551 0.399989 -0.399989
v -2.250612 0.404222 0.000000
v -2.215551 0.399989 0.399989
v -2.106871 0.387013 0.799978
v -1.912059 0.364361 1.199968
v -1.548052 0.660092 -1.548052
v -1.830192 0.728721 -1.161039
v -2.007590 0.774026 -0.774026
v -2.106871 0.799978 -0.387013
v -2.138941 0.808444 0.000000
v -2.106871 0.799978 0.387013
v -2.007590 0.774026 0.774026
v -1.830193 0.728721 1.161039
v -1.457443 0.990137 -1.457443
v -1.684931 1.093082 -1.093082
v -1.830192 1.161039 -0.728721
v -1.912059 1.199967 -0.364360
v -1.938580 1.212665 0.000000
v -1.912059 1.199967 0.364361
v -1.830192 1.161039 0.728721
v -1.684932 1.093082 1.093082
v -1.320183 -1.320183 1.320183
v -0.990137 -1.457443 1.457443
v -0.660092 -1.548052 1.548052
v -0.330046 -1.599956 1.599956
v -0.000000 -1.616887 1.616888
v 0.330046 -1.599956 1.599956
v 0.660091 -1.548051 1.548052
v 0.990137 -1.457443 1.457443
v -1.457443 -0.990137 1.457443
v -1.093082 -1.093082 1.684932
v -0.728721 -1.161039 1.830193
v -0.364361 -1.199967 1.912059
v -0.000000 -1.212666 1.938580
v 0.364361 -1.199967 1.912060
v 0.728721 -1.161039 1.830192
v 1.093082 -1.093082 1.684931
v -1.548052 -0.660092 1.548052
v -1.161039 -0.728721 1.830193
v -0.774026 -0.774026 2.007590
v -0.387013 -0.799978 2.106871
v -0.000000 -0.808444 2.138941
v 0.387013 -0.799978 2.106871
v 0.774026 -0.774026 2.007590
v 1.161039 -0.728721 1.830192
v -1.599956 -0.330046 1.599957
v -1.199967 -0.364361 1.912060
v -0.799978 -0.387013 2.106871
v -0.399989 -0.399989 2.215551
v -0.000000 -0.404222 2.250612
v 0.399989 -0.399989 2.215551
v 0.799978 -0.387013 2.106871
v 1.199967 -0.364361 1.912059
v -1.616888 0.000000 1.616888
v -1.212666 0.000000 1.938580
v -0.808444 0.000000 2.138941
v -0.404222 0.000000 2.250612
v -0.000000 0.000000 2.286624
v 0.404222 0.000000 2.250612
v 0.808444 0.000000 2.138941
v 1.212665 0.000000 1.938580
v -1.599956 0.330046 1.599957
v -1.199967 0.364361 1.912059
v -0.799978 0.387013 2.106871
v -0.399989 0.399989 2.215551
v -0.000000 0.404222 2.250612
v 0.399989 0.399989 2.215552
v 0.799978 0.387013 2.106871
v 1.199967 0.364361 1.912059
v -1.548052 0.660092 1.548052
v -1.161039 0.728721 1.830193
v -0.774026 0.774026 2.007590
v -0.387013 0.799978 2.106871
v -0.000000 0.808444 2.138941
v 0.387013 0.799978 2.106871
v 0.774026 0.774026 2.007590
v 1.161039 0.728721 1.830193
v -1.457443 0.990137 1.457443
v -1.093082 1.093082 1.684931
v -0.728721 1.161039 1.830193
v -0.364361 1.199967 1.912059
v -0.000000 1.212665 1.938580
v 0.364360 1.199967 1.912059
v 0.728721 1.161039 1.830193
v 1.093082 1.093082 1.684932
v 1.320183 -1.320183 1.320183
v 1.457443 -1.457442 0.990137
v 1.548052 -1.548052 0.660092
v 1.599956 -1.599956 0.330046
v 1.616887 -1.616887 0.000000
v 1.599956 -1.599956 -0.330046
v 1.548052 -1.548052 -0.660091
v 1.457443 -1.457443 -0.990137
v 1.457443 -0.990137 1.457443
v 1.684931 -1.093082 1.093082
v 1.830192 -1.161039 0.728721
v 1.912059 -1.199967 0.364361
v 1.938580 -1.212666 -0.000000
v 1.912059 -1.199967 -0.364361
v 1.830192 -1.161039 -0.728722
v 1.684931 -1.093082 -1.093082
v 1.548052 -0.660092 1.548052
v 1.830192 -0.728721 1.161039
v 2.007590 -0.774026 0.774026
v 2.106871 -0.799978 0.387013
v 2.138941 -0.808444 0.000000
v 2.106871 -0.799978 -0.387013
v 2.007590 -0.774026 -0.774026
v 1.830192 -0.728721 -1.161039
v 1.599956 -0.330046 1.599956
v 1.912059 -0.364361 1.199967
v 2.106871 -0.387013 0.799978
v 2.215551 -0.399989 0.399989
v 2.250612 -0.404222 0.000000
v 2.215551 -0.399989 -0.399989
v 2.106871 -0.387013 -0.799978
v 1.912059 -0.364361 -1.199967
v 1.616887 0.000000 1.616887
v 1.938580 0.000000 1.212666
v 2.138941 -0.000000 0.808444
v 2.250612 0.000000 0.404222
v 2.286624 0.000000 0.000000
v 2.250612 0.000000 -0.404222
v 2.138941 -0.000000 -0.808444
v 1.938580 -0.000000 -1.212666
v 1.599956 0.330046 1.599956
v 1.912059 0.364361 1.199967
v 2.106871 0.387013 0.799978
v 2.215551 0.399989 0.399989
v 2.250612 0.404222 0.000000
v 2.215551 0.399989 -0.399989
v 2.106871 0.387013 -0.799978
v 1.912059 0.364361 -1.199967
v 1.548052 0.660092 1.548052
v 1.830192 0.728721 1.161039
v 2.007590 0.774026 0.774026
v 2.106871 0.799978 0.387013
v 2.138941 0.808444 0.000000
v 2.106871 0.799978 -0.387013
v 2.007590 0.774026 -0.774025
v 1.830192 0.728721 -1.161039
v 1.457443 0.990137 1.457443
v 1.684931 1.093082 1.093082
v 1.830192 1.161039 0.728722
v 1.912059 1.199967 0.364361
v 1.938580 1.212665 0.000000
v 1.912059 1.199967 -0.364360
v 1.830192 1.161039 -0.728721
v 1.684931 1.093082 -1.093082
v 1.093082 -1.684931 1.093082
v 0.728721 -1.830193 1.161039
v 0.364361 -1.912059 1.199967
v -0.000000 -1.938580 1.212666
v -0.364361 -1.912059 1.199967
v -0.728721 -1.830192 1.161039
v -1.093082 -1.684931 1.093082
v 1.161039 -1.830193 0.728722
v 0.774026 -2.007590 0.774026
v 0.387013 -2.106871 0.799978
v -0.000000 -2.138941 0.808444
v -0.387013 -2.106871 0.799978
v -0.774026 -2.007590 0.774026
v -1.161039 -1.830192 0.728721
v 1.199967 -1.912059 0.364361
v 0.799978 -2.106871 0.387013
v 0.399989 -2.215551 0.399989
v -0.000000 -2.250612 0.404222
v -0.399989 -2.215551 0.399989
v -0.799978 -2.106871 0.387013
v -1.199967 -1.912059 0.364361
v 1.212665 -1.938580 0.000000
v 0.808444 -2.138941 0.000000
v 0.404222 -2.250612 0.000000
v -0.000000 -2.286624 0.000000
v -0.404222 -2.250612 0.000000
v -0.808444 -2.138941 0.000000
v -1.212666 -1.938580 0.000000
v 1.199967 -1.912059 -0.364361
v 0.799978 -2.106871 -0.387013
v 0.399989 -2.215552 -0.399989
v -0.000000 -2.250612 -0.404222
v -0.399989 -2.215551 -0.399989
v -0.799978 -2.106871 -0.387013
v -1.199967 -1.912059 -0.364360
v 1.161039 -1.830192 -0.728721
v 0.774026 -2.007590 -0.774026
v 0.387013 -2.106871 -0.799978
v -0.000000 -2.138941 -0.808444
v -0.387013 -2.106871 -0.799978
v -0.774026 -2.007590 -0.774026
v -1.161039 -1.830193 -0.728721
v 1.093082 -1.684931 -1.093082
v 0.728721 -1.830192 -1.161039
v 0.364360 -1.912059 -1.199967
v -0.000000 -1.938580 -1.212666
v -0.364361 -1.912059 -1.199967
v -0.728721 -1.830192 -1.161039
v -1.093082 -1.684931 -1.093082
v 1.320183 1.320183 -1.320183
v 0.990137 1.457443 -1.457442
v 0.660092 1.548052 -1.548052
v 0.330046 1.599956 -1.599957
v -0.000000 1.616887 -1.616887
v -0.330046 1.599956 -1.599956
v -0.660092 1.548052 -1.548052
v -0.990137 1.457443 -1.457443
v -1.320183 1.320183 -1.320183
v 1.457443 1.457443 -0.990137
v 1.093082 1.684931 -1.093081
v 0.728721 1.830192 -1.161039
v 0.364360 1.912059 -1.199967
v -0.000000 1.938580 -1.212666
v -0.364361 1.912059 -1.199967
v -0.728721 1.830192 -1.161039
v -1.093082 1.684931 -1.093082
v -1.457443 1.457443 -0.990137
v 1.548052 1.548052 -0.660092
v 1.161039 1.830192 -0.728721
v 0.774026 2.007590 -0.774026
v 0.387013 2.106871 -0.799978
v -0.000000 2.138941 -0.808444
v -0.387013 2.106871 -0.799978
v -0.774026 2.007590 -0.774026
v -1.161039 1.830192 -0.728721
v -1.548052 1.548052 -0.660091
v 1.599956 1.599956 -0.330046
v 1.199967 1.912059 -0.364360
v 0.799978 2.106871 -0.387013
v 0.399989 2.215551 -0.399989
v -0.000000 2.250612 -0.404222
v -0.399989 2.215551 -0.399989
v -0.799978 2.106871 -0.387013
v -1.199967 1.912059 -0.364360
v -1.599956 1.599956 -0.330045
v 1.616887 1.616887 0.000000
v 1.212665 1.938580 0.000000
v 0.808444 2.138941 0.000000
v 0.404222 2.250612 0.000000
v -0.000000 2.286624 0.000000
v -0.404222 2.250612 0.000000
v -0.808444 2.138941 0.000000
v -1.212666 1.938580 0.000000
v -1.616887 1.616887 0.000000
v 1.599956 1.599956 0.330046
v 1.199967 1.912059 0.364361
v 0.799978 2.106871 0.387013
v 0.399989 2.215551 0.399989
v -0.000000 2.250612 0.404222
v -0.399989 2.215551 0.399989
v -0.799978 2.106871 0.387013
v -1.199967 1.912059 0.364361
v -1.599956 1.599956 0.330046
v 1.548052 1.548052 0.660091
v 1.161039 1.830192 0.728722
v 0.774026 2.007590 0.774026
v 0.387013 2.106871 0.799978
v 0.000000 2.138941 0.808444
v -0.387013 2.106871 0.799978
v -0.774026 2.007590 0.774026
v -1.161039 1.830192 0.728721
v -1.548052 1.548052 0.660092
v 1.457443 1.457443 0.990137
v 1.093082 1.684931 1.093082
v 0.728721 1.830192 1.161039
v 0.364361 1.912059 1.199967
v -0.000000 1.938580 1.212666
v -0.364361 1.912059 1.199967
v -0.728721 1.830192 1.161039
v -1.093082 1.684931 1.093082
v -1.457443 1.457443 0.990137
v 1.320183 1.320183 1.320183
v 0.990137 1.457443 1.457443
v 0.660091 1.548052 1.548052
v 0.330046 1.599956 1.599956
v -0.000000 1.616887 1.616888
v -0.330046 1.599956 1.599956
v -0.660092 1.548052 1.548052
v -0.990137 1.457443 1.457443
v -1.320183 1.320183 1.320183
vn 0.9211 -0.3892 -0.0104
vn 0.8645 -0.4795 -0.1509
vn 0.9197 -0.3423 -0.1923
vn 0.9603 -0.2787 -0.0078
vn 0.7546 -0.5720 -0.3215
vn 0.8206 -0.4148 -0.3932
vn 0.5801 -0.6436 -0.4993
vn 0.6485 -0.4715 -0.5977
vn 0.3445 -0.6723 -0.6552
vn 0.4029 -0.4948 -0.7700
vn 0.0811 -0.6468 -0.7583
vn 0.1205 -0.4749 -0.8718
vn -0.1653 -0.5779 -0.7992
vn -0.1463 -0.4210 -0.8952
vn -0.3690 -0.4874 -0.7914
vn -0.3684 -0.3506 -0.8610
vn -0.5175 -0.3984 -0.7573
vn -0.5433 -0.2884 -0.7885
vn 0.9558 -0.2123 -0.2035
vn 0.9850 -0.1727 -0.0053
vn 0.8666 -0.2603 -0.4258
vn 0.6958 -0.2992 -0.6529
vn 0.4388 -0.3159 -0.8412
vn 0.1368 -0.3028 -0.9432
vn -0.1476 -0.2668 -0.9524
vn -0.3813 -0.2209 -0.8977
vn -0.5606 -0.1827 -0.8077
vn 0.9737 -0.0922 -0.2083
vn 0.9972 -0.0750 -0.0029
vn 0.8898 -0.1143 -0.4418
vn 0.7200 -0.1330 -0.6811
vn 0.4569 -0.1418 -0.8782
vn 0.1442 -0.1367 -0.9801
vn -0.1494 -0.1210 -0.9813
vn -0.3889 -0.1009 -0.9157
vn -0.5705 -0.0851 -0.8169
vn 0.9779 0.0234 -0.2080
vn 0.9998 0.0189 -0.0007
vn 0.8953 0.0275 -0.4445
vn 0.7257 0.0301 -0.6874
vn 0.4604 0.0299 -0.8872
vn 0.1444 0.0264 -0.9892
vn -0.1518 0.0208 -0.9882
vn -0.3927 0.0146 -0.9196
vn -0.5748 0.0087 -0.8182
vn 0.9694 0.1386 -0.2028
vn 0.9936 0.1126 0.0015
vn 0.8845 0.1687 -0.4350
vn 0.7139 0.1924 -0.6733
vn 0.4504 0.2007 -0.8700
vn 0.1380 0.1887 -0.9723
vn -0.1547 0.1621 -0.9746
vn -0.3932 0.1299 -0.9102
vn -0.5740 0.1025 -0.8124
vn 0.9469 0.2576 -0.1922
vn 0.9777 0.2098 0.0039
vn 0.8558 0.3128 -0.4121
vn 0.6835 0.3560 -0.6373
vn 0.4258 0.3721 -0.8248
vn 0.1244 0.3524 -0.9275
vn -0.1584 0.3062 -0.9387
vn -0.3902 0.2490 -0.8864
vn -0.5678 0.1998 -0.7986
vn 0.9060 0.3855 -0.1749
vn 0.9492 0.3147 0.0064
vn 0.8040 0.4637 -0.3722
vn 0.6297 0.5236 -0.5739
vn 0.3833 0.5458 -0.7451
vn 0.1018 0.5202 -0.8480
vn -0.1629 0.4575 -0.8742
vn -0.3821 0.3772 -0.8436
vn -0.5545 0.3051 -0.7743
vn 0.8457 0.5184 -0.1271
vn 0.9058 0.4237 0.0091
vn 0.7322 0.6147 -0.2932
vn 0.5550 0.6881 -0.4674
vn 0.3184 0.7153 -0.6220
vn 0.0560 0.6849 -0.7265
vn -0.1877 0.6088 -0.7708
vn -0.3878 0.5104 -0.7675
vn -0.5328 0.4144 -0.7378
vn -0.6042 -0.4219 -0.6760
vn -0.6581 -0.2898 -0.6949
vn -0.6771 -0.4382 -0.5911
vn -0.7349 -0.2986 -0.6089
vn -0.7359 -0.4482 -0.5075
vn -0.7932 -0.3041 -0.5276
vn -0.7848 -0.4533 -0.4226
vn -0.8403 -0.3076 -0.4464
vn -0.8262 -0.4541 -0.3336
vn -0.8796 -0.3097 -0.3612
vn -0.8609 -0.4502 -0.2370
vn -0.9126 -0.3101 -0.2666
vn -0.8887 -0.4404 -0.1278
vn -0.9388 -0.3081 -0.1540
vn -0.9058 -0.4236 -0.0091
vn -0.9492 -0.3147 -0.0064
vn -0.6816 -0.1816 -0.7088
vn -0.7621 -0.1864 -0.6201
vn -0.8212 -0.1899 -0.5381
vn -0.8683 -0.1929 -0.4571
vn -0.9074 -0.1955 -0.3720
vn -0.9404 -0.1980 -0.2764
vn -0.9667 -0.2001 -0.1595
vn -0.9777 -0.2098 -0.0039
vn -0.6942 -0.0862 -0.7146
vn -0.7760 -0.0899 -0.6244
vn -0.8353 -0.0929 -0.5420
vn -0.8822 -0.0957 -0.4611
vn -0.9213 -0.0985 -0.3761
vn -0.9546 -0.1015 -0.2802
vn -0.9813 -0.1048 -0.1614
vn -0.9936 -0.1126 -0.0015
vn -0.6992 0.0039 -0.7149
vn -0.7813 0.0002 -0.6242
vn -0.8406 -0.0029 -0.5416
vn -0.8875 -0.0057 -0.4608
vn -0.9266 -0.0085 -0.3759
vn -0.9600 -0.0114 -0.2799
vn -0.9869 -0.0148 -0.1605
vn -0.9998 -0.0189 0.0007
vn -0.6976 0.0940 -0.7103
vn -0.7794 0.0903 -0.6200
vn -0.8386 0.0872 -0.5376
vn -0.8856 0.0844 -0.4568
vn -0.9247 0.0816 -0.3718
vn -0.9580 0.0787 -0.2759
vn -0.9847 0.0754 -0.1571
vn -0.9972 0.0750 0.0029
vn -0.6886 0.1895 -0.6999
vn -0.7691 0.1870 -0.6112
vn -0.8283 0.1843 -0.5291
vn -0.8753 0.1816 -0.4482
vn -0.9145 0.1787 -0.3631
vn -0.9475 0.1754 -0.2675
vn -0.9737 0.1710 -0.1506
vn -0.9850 0.1727 0.0053
vn -0.6692 0.2977 -0.6808
vn -0.7462 0.2994 -0.5946
vn -0.8046 0.2988 -0.5132
vn -0.8517 0.2968 -0.4320
vn -0.8909 0.2932 -0.3468
vn -0.9238 0.2879 -0.2523
vn -0.9499 0.2795 -0.1400
vn -0.9603 0.2787 0.0078
vn -0.6202 0.4307 -0.6556
vn -0.6937 0.4402 -0.5701
vn -0.7527 0.4439 -0.4862
vn -0.8017 0.4431 -0.4011
vn -0.8430 0.4381 -0.3123
vn -0.8775 0.4282 -0.2160
vn -0.9047 0.4122 -0.1074
vn -0.9211 0.3892 0.0104
vn -0.8457 -0.5183 0.1271
vn -0.9060 -0.3855 0.1749
vn -0.7322 -0.6147 0.2932
vn -0.8040 -0.4637 0.3722
vn -0.5550 -0.6881 0.4674
vn -0.6297 -0.5236 0.5739
vn -0.3184 -0.7153 0.6220
vn -0.3833 -0.5458 0.7451
vn -0.0560 -0.6849 0.7265
vn -0.1018 -0.5202 0.8480
vn 0.1877 -0.6088 0.7708
vn 0.1629 -0.4575 0.8742
vn 0.3878 -0.5104 0.7675
vn 0.3821 -0.3772 0.8436
vn 0.5328 -0.4144 0.7378
vn 0.5545 -0.3051 0.7743
vn -0.9469 -0.2576 0.1922
vn -0.8558 -0.3128 0.4122
vn -0.6835 -0.3560 0.6373
vn -0.4258 -0.3721 0.8248
vn -0.1244 -0.3524 0.9275
vn 0.1584 -0.3062 0.9387
vn 0.3901 -0.2490 0.8864
vn 0.5678 -0.1998 0.7986
vn -0.9694 -0.1386 0.2028
vn -0.8845 -0.1687 0.4350
vn -0.7139 -0.1924 0.6733
vn -0.4504 -0.2007 0.8700
vn -0.1380 -0.1887 0.9723
vn 0.1547 -0.1621 0.9746
vn 0.3932 -0.1299 0.9102
vn 0.5740 -0.1025 0.8124
vn -0.9779 -0.0234 0.2080
vn -0.8953 -0.0275 0.4445
vn -0.7257 -0.0301 0.6874
vn -0.4604 -0.0299 0.8872
vn -0.1444 -0.0264 0.9892
vn 0.1518 -0.0208 0.9882
vn 0.3927 -0.0146 0.9196
vn 0.5748 -0.0087 0.8183
vn -0.9737 0.0922 0.2083
vn -0.8898 0.1143 0.4418
vn -0.7200 0.1330 0.6811
vn -0.4569 0.1418 0.8782
vn -0.1442 0.1367 0.9801
vn 0.1494 0.1210 0.9813
vn 0.3889 0.1009 0.9157
vn 0.5705 0.0851 0.8169
vn -0.9558 0.2123 0.2035
vn -0.8666 0.2603 0.4259
vn -0.6958 0.2992 0.6529
vn -0.4388 0.3159 0.8412
vn -0.1368 0.3028 0.9432
vn 0.1476 0.2668 0.9524
vn 0.3813 0.2209 0.8977
vn 0.5606 0.1827 0.8077
vn -0.9197 0.3423 0.1923
vn -0.8206 0.4148 0.3932
vn -0.6485 0.4715 0.5977
vn -0.4029 0.4948 0.7700
vn -0.1206 0.4749 0.8718
vn 0.1463 0.4210 0.8952
vn 0.3684 0.3506 0.8610
vn 0.5433 0.2884 0.7885
vn -0.8645 0.4795 0.1510
vn -0.7546 0.5720 0.3215
vn -0.5801 0.6436 0.4993
vn -0.3445 0.6723 0.6552
vn -0.0811 0.6468 0.7583
vn 0.1653 0.5779 0.7992
vn 0.3690 0.4874 0.7914
vn 0.5175 0.3984 0.7573
vn 0.6202 -0.4307 0.6556
vn 0.6692 -0.2977 0.6808
vn 0.6937 -0.4402 0.5701
vn 0.7462 -0.2994 0.5946
vn 0.7527 -0.4439 0.4861
vn 0.8046 -0.2988 0.5132
vn 0.8017 -0.4431 0.4011
vn 0.8517 -0.2968 0.4320
vn 0.8430 -0.4381 0.3123
vn 0.8909 -0.2932 0.3468
vn 0.8775 -0.4282 0.2160
vn 0.9238 -0.2879 0.2523
vn 0.9047 -0.4122 0.1074
vn 0.9499 -0.2795 0.1400
vn 0.6886 -0.1895 0.6999
vn 0.7691 -0.1870 0.6112
vn 0.8283 -0.1843 0.5291
vn 0.8753 -0.1816 0.4482
vn 0.9145 -0.1787 0.3631
vn 0.9475 -0.1754 0.2675
vn 0.9737 -0.1710 0.1506
vn 0.6976 -0.0940 0.7103
vn 0.7794 -0.0903 0.6200
vn 0.8386 -0.0872 0.5376
vn 0.8856 -0.0844 0.4568
vn 0.9247 -0.0816 0.3718
vn 0.9580 -0.0787 0.2759
vn 0.9847 -0.0754 0.1571
vn 0.6992 -0.0039 0.7149
vn 0.7813 -0.0002 0.6242
vn 0.8406 0.0029 0.5416
vn 0.8875 0.0057 0.4608
vn 0.9266 0.0085 0.3759
vn 0.9600 0.0114 0.2799
vn 0.9869 0.0148 0.1605
vn 0.6942 0.0862 0.7146
vn 0.7760 0.0899 0.6243
vn 0.8353 0.0929 0.5420
vn 0.8822 0.0957 0.4611
vn 0.9213 0.0985 0.3761
vn 0.9546 0.1015 0.2802
vn 0.9813 0.1048 0.1614
vn 0.6816 0.1816 0.7088
vn 0.7621 0.1864 0.6201
vn 0.8212 0.1899 0.5381
vn 0.8683 0.1929 0.4571
vn 0.9074 0.1955 0.3720
vn 0.9404 0.1980 0.2764
vn 0.9667 0.2001 0.1595
vn 0.6581 0.2898 0.6949
vn 0.7349 0.2986 0.6089
vn 0.7932 0.3041 0.5276
vn 0.8403 0.3076 0.4464
vn 0.8796 0.3097 0.3612
vn 0.9126 0.3101 0.2666
vn 0.9388 0.3081 0.1540
vn 0.6042 0.4219 0.6760
vn 0.6771 0.4382 0.5911
vn 0.7359 0.4482 0.5075
vn 0.7848 0.4533 0.4226
vn 0.8262 0.4541 0.3336
vn 0.8609 0.4502 0.2370
vn 0.8887 0.4404 0.1278
vn 0.4842 -0.5739 0.6605
vn 0.2897 -0.7065 0.6457
vn 0.0417 -0.8104 0.5844
vn -0.2367 -0.8523 0.4665
vn -0.4938 -0.8138 0.3064
vn -0.6876 -0.7128 0.1383
vn -0.8129 -0.5822 -0.0130
vn 0.5739 -0.6018 0.5554
vn 0.3911 -0.7604 0.5185
vn 0.1426 -0.8882 0.4367
vn -0.1513 -0.9409 0.3031
vn -0.4302 -0.8919 0.1393
vn -0.6414 -0.7670 -0.0176
vn -0.7783 -0.6105 -0.1467
vn 0.6464 -0.6151 0.4515
vn 0.4769 -0.7876 0.3902
vn 0.2341 -0.9291 0.2863
vn -0.0661 -0.9880 0.1396
vn -0.3595 -0.9329 -0.0219
vn -0.5855 -0.7944 -0.1614
vn -0.7349 -0.6240 -0.2656
vn 0.7069 -0.6168 0.3461
vn 0.5510 -0.7932 0.2592
vn 0.3179 -0.9387 0.1334
vn 0.0188 -0.9995 -0.0239
vn -0.2825 -0.9426 -0.1783
vn -0.5210 -0.8001 -0.2973
vn -0.6835 -0.6258 -0.3758
vn 0.7581 -0.6078 0.2362
vn 0.6151 -0.7786 0.1238
vn 0.3944 -0.9187 -0.0224
vn 0.1032 -0.9770 -0.1866
vn -0.1993 -0.9225 -0.3306
vn -0.4473 -0.7855 -0.4278
vn -0.6231 -0.6167 -0.4810
vn 0.8009 -0.5870 0.1180
vn 0.6698 -0.7423 -0.0185
vn 0.4634 -0.8674 -0.1813
vn 0.1864 -0.9189 -0.3476
vn -0.1095 -0.8711 -0.4787
vn -0.3627 -0.7489 -0.5546
vn -0.5513 -0.5957 -0.5841
vn 0.8343 -0.5511 -0.0141
vn 0.7139 -0.6789 -0.1716
vn 0.5238 -0.7791 -0.3445
vn 0.2682 -0.8195 -0.5064
vn -0.0116 -0.7825 -0.6225
vn -0.2635 -0.6852 -0.6790
vn -0.4628 -0.5595 -0.6876
vn 0.8129 0.5822 0.0130
vn 0.6876 0.7127 -0.1383
vn 0.4938 0.8138 -0.3064
vn 0.2367 0.8523 -0.4665
vn -0.0417 0.8104 -0.5844
vn -0.2897 0.7065 -0.6458
vn -0.4842 0.5739 -0.6605
vn 0.7783 0.6105 0.1467
vn 0.6414 0.7670 0.0176
vn 0.4302 0.8919 -0.1393
vn 0.1513 0.9409 -0.3031
vn -0.1426 0.8882 -0.4367
vn -0.3911 0.7604 -0.5185
vn -0.5739 0.6018 -0.5554
vn 0.7349 0.6240 0.2656
vn 0.5855 0.7944 0.1614
vn 0.3595 0.9329 0.0219
vn 0.0661 0.9880 -0.1396
vn -0.2341 0.9291 -0.2863
vn -0.4769 0.7876 -0.3902
vn -0.6464 0.6151 -0.4515
vn 0.6835 0.6258 0.3758
vn 0.5210 0.8001 0.2973
vn 0.2825 0.9426 0.1783
vn -0.0188 0.9995 0.0239
vn -0.3179 0.9387 -0.1334
vn -0.5510 0.7932 -0.2592
vn -0.7069 0.6169 -0.3461
vn 0.6231 0.6167 0.4810
vn 0.4473 0.7855 0.4278
vn 0.1993 0.9225 0.3306
vn -0.1031 0.9770 0.1866
vn -0.3944 0.9187 0.0224
vn -0.6151 0.7786 -0.1238
vn -0.7581 0.6078 -0.2362
vn 0.5513 0.5957 0.5841
vn 0.3627 0.7489 0.5546
vn 0.1095 0.8711 0.4787
vn -0.1864 0.9189 0.3476
vn -0.4633 0.8674 0.1813
vn -0.6698 0.7423 0.0185
vn -0.8009 0.5870 -0.1180
vn 0.4628 0.5595 0.6876
vn 0.2635 0.6852 0.6790
vn 0.0116 0.7825 0.6225
vn -0.2682 0.8195 0.5064
vn -0.5238 0.7791 0.3445
vn -0.7139 0.6789 0.1716
vn -0.8343 0.5511 0.0141
vn 0.9224 -0.3861 0.0076
vn 0.9594 -0.2814 0.0194
vn 0.9178 -0.3414 0.2027
vn 0.8681 -0.4717 0.1547
vn 0.8211 -0.4065 0.4006
vn 0.7599 -0.5620 0.3267
vn 0.6547 -0.4615 0.5986
vn 0.5879 -0.6345 0.5018
vn 0.4154 -0.4902 0.7663
vn 0.3540 -0.6680 0.6546
vn 0.1355 -0.4770 0.8684
vn 0.0894 -0.6476 0.7567
vn -0.1330 -0.4271 0.8944
vn -0.1604 -0.5814 0.7977
vn -0.3583 -0.3579 0.8623
vn -0.3672 -0.4911 0.7899
vn -0.5359 -0.2962 0.7906
vn -0.5202 -0.4061 0.7514
vn 0.9843 -0.1752 0.0201
vn 0.9522 -0.2131 0.2189
vn 0.8640 -0.2546 0.4343
vn 0.7028 -0.2912 0.6491
vn 0.4570 -0.3127 0.8327
vn 0.1583 -0.3050 0.9391
vn -0.1297 -0.2715 0.9537
vn -0.3688 -0.2259 0.9016
vn -0.5534 -0.1870 0.8117
vn 0.9969 -0.0763 0.0198
vn 0.9693 -0.0930 0.2275
vn 0.8852 -0.1118 0.4516
vn 0.7276 -0.1288 0.6738
vn 0.4794 -0.1402 0.8663
vn 0.1701 -0.1379 0.9757
vn -0.1289 -0.1233 0.9840
vn -0.3752 -0.1032 0.9212
vn -0.5633 -0.0869 0.8217
vn 0.9997 0.0192 0.0181
vn 0.9733 0.0235 0.2283
vn 0.8901 0.0270 0.4549
vn 0.7335 0.0294 0.6791
vn 0.4843 0.0297 0.8744
vn 0.1716 0.0268 0.9848
vn -0.1306 0.0213 0.9912
vn -0.3788 0.0151 0.9254
vn -0.5676 0.0090 0.8232
vn 0.9933 0.1144 0.0149
vn 0.9652 0.1396 0.2213
vn 0.8803 0.1653 0.4447
vn 0.7214 0.1870 0.6668
vn 0.4721 0.1988 0.8588
vn 0.1631 0.1905 0.9680
vn -0.1349 0.1653 0.9770
vn -0.3799 0.1331 0.9154
vn -0.5670 0.1049 0.8170
vn 0.9771 0.2126 0.0102
vn 0.9437 0.2584 0.2068
vn 0.8538 0.3066 0.4206
vn 0.6903 0.3475 0.6346
vn 0.4429 0.3687 0.8173
vn 0.1446 0.3550 0.9236
vn -0.1416 0.3116 0.9396
vn -0.3784 0.2547 0.8899
vn -0.5610 0.2047 0.8021
vn 0.9483 0.3174 0.0044
vn 0.9045 0.3844 0.1847
vn 0.8051 0.4555 0.3798
vn 0.6358 0.5138 0.5759
vn 0.3947 0.5414 0.7424
vn 0.1154 0.5224 0.8448
vn -0.1508 0.4638 0.8730
vn -0.3730 0.3848 0.8443
vn -0.5477 0.3132 0.7758
vn 0.9076 0.4197 -0.0121
vn 0.8499 0.5106 0.1307
vn 0.7380 0.6053 0.2984
vn 0.5627 0.6798 0.4704
vn 0.3271 0.7115 0.6219
vn 0.0632 0.6858 0.7251
vn -0.1839 0.6120 0.7692
vn -0.3872 0.5136 0.7657
vn -0.5369 0.4212 0.7310
vn -0.6555 -0.2923 0.6963
vn -0.6062 -0.4283 0.6701
vn -0.7337 -0.3017 0.6089
vn -0.6773 -0.4444 0.5863
vn -0.7927 -0.3075 0.5264
vn -0.7351 -0.4542 0.5033
vn -0.8402 -0.3111 0.4441
vn -0.7835 -0.4591 0.4187
vn -0.8798 -0.3129 0.3578
vn -0.8247 -0.4595 0.3299
vn -0.9130 -0.3130 0.2618
vn -0.8593 -0.4550 0.2334
vn -0.9392 -0.3101 0.1474
vn -0.8871 -0.4445 0.1244
vn -0.9483 -0.3174 -0.0044
vn -0.9076 -0.4197 0.0121
vn -0.6791 -0.1831 0.7108
vn -0.7613 -0.1880 0.6205
vn -0.8213 -0.1916 0.5373
vn -0.8689 -0.1946 0.4552
vn -0.9083 -0.1973 0.3688
vn -0.9415 -0.1998 0.2713
vn -0.9677 -0.2018 0.1511
vn -0.9771 -0.2126 -0.0102
vn -0.6918 -0.0868 0.7169
vn -0.7754 -0.0906 0.6249
vn -0.8356 -0.0937 0.5413
vn -0.8830 -0.0965 0.4593
vn -0.9225 -0.0994 0.3730
vn -0.9560 -0.1024 0.2750
vn -0.9827 -0.1058 0.1520
vn -0.9933 -0.1144 -0.0149
vn -0.6968 0.0040 0.7173
vn -0.7809 0.0002 0.6247
vn -0.8410 -0.0029 0.5410
vn -0.8884 -0.0058 0.4590
vn -0.9279 -0.0086 0.3728
vn -0.9615 -0.0115 0.2746
vn -0.9885 -0.0150 0.1508
vn -0.9997 -0.0192 -0.0181
vn -0.6952 0.0948 0.7125
vn -0.7789 0.0911 0.6205
vn -0.8390 0.0879 0.5369
vn -0.8865 0.0851 0.4549
vn -0.9259 0.0823 0.3686
vn -0.9594 0.0794 0.2705
vn -0.9861 0.0760 0.1475
vn -0.9969 0.0763 -0.0198
vn -0.6863 0.1911 0.7018
vn -0.7685 0.1886 0.6114
vn -0.8285 0.1860 0.5282
vn -0.8760 0.1833 0.4461
vn -0.9155 0.1804 0.3597
vn -0.9487 0.1770 0.2621
vn -0.9748 0.1724 0.1418
vn -0.9843 0.1752 -0.0201
vn -0.6669 0.3002 0.6820
vn -0.7451 0.3025 0.5944
vn -0.8043 0.3022 0.5117
vn -0.8518 0.3001 0.4294
vn -0.8913 0.2964 0.3430
vn -0.9244 0.2906 0.2471
vn -0.9504 0.2814 0.1328
vn -0.9594 0.2814 -0.0194
vn -0.6231 0.4367 0.6489
vn -0.6944 0.4460 0.5646
vn -0.7523 0.4497 0.4814
vn -0.8007 0.4488 0.3968
vn -0.8416 0.4435 0.3082
vn -0.8760 0.4332 0.2121
vn -0.9032 0.4165 0.1038
vn -0.9224 0.3861 -0.0076
vn -0.9045 -0.3844 -0.1847
vn -0.8499 -0.5106 -0.1307
vn -0.8051 -0.4555 -0.3799
vn -0.7380 -0.6053 -0.2984
vn -0.6358 -0.5138 -0.5760
vn -0.5627 -0.6798 -0.4704
vn -0.3947 -0.5414 -0.7424
vn -0.3271 -0.7115 -0.6219
vn -0.1154 -0.5224 -0.8448
vn -0.0632 -0.6858 -0.7251
vn 0.1507 -0.4638 -0.8730
vn 0.1839 -0.6120 -0.7692
vn 0.3730 -0.3848 -0.8443
vn 0.3872 -0.5136 -0.7657
vn 0.5477 -0.3132 -0.7758
vn 0.5369 -0.4212 -0.7310
vn -0.9437 -0.2584 -0.2068
vn -0.8538 -0.3066 -0.4206
vn -0.6903 -0.3475 -0.6346
vn -0.4429 -0.3687 -0.8173
vn -0.1446 -0.3550 -0.9236
vn 0.1416 -0.3116 -0.9396
vn 0.3784 -0.2547 -0.8899
vn 0.5610 -0.2047 -0.8021
vn -0.9652 -0.1396 -0.2213
vn -0.8803 -0.1653 -0.4447
vn -0.7214 -0.1870 -0.6668
vn -0.4721 -0.1988 -0.8588
vn -0.1630 -0.1905 -0.9680
vn 0.1349 -0.1653 -0.9770
vn 0.3799 -0.1331 -0.9154
vn 0.5670 -0.1049 -0.8170
vn -0.9733 -0.0235 -0.2283
vn -0.8901 -0.0270 -0.4549
vn -0.7335 -0.0294 -0.6791
vn -0.4843 -0.0297 -0.8744
vn -0.1716 -0.0268 -0.9848
vn 0.1306 -0.0213 -0.9912
vn 0.3788 -0.0151 -0.9254
vn 0.5676 -0.0090 -0.8232
vn -0.9693 0.0930 -0.2275
vn -0.8852 0.1117 -0.4516
vn -0.7276 0.1289 -0.6738
vn -0.4794 0.1402 -0.8663
vn -0.1700 0.1379 -0.9757
vn 0.1289 0.1233 -0.9840
vn 0.3752 0.1032 -0.9212
vn 0.5633 0.0869 -0.8217
vn -0.9522 0.2131 -0.2189
vn -0.8640 0.2546 -0.4343
vn -0.7028 0.2912 -0.6491
vn -0.4570 0.3127 -0.8327
vn -0.1583 0.3050 -0.9391
vn 0.1297 0.2715 -0.9537
vn 0.3688 0.2258 -0.9017
vn 0.5534 0.1870 -0.8117
vn -0.9178 0.3414 -0.2027
vn -0.8211 0.4065 -0.4006
vn -0.6547 0.4615 -0.5987
vn -0.4154 0.4902 -0.7663
vn -0.1355 0.4770 -0.8684
vn 0.1330 0.4271 -0.8944
vn 0.3583 0.3579 -0.8623
vn 0.5359 0.2962 -0.7906
vn -0.8681 0.4717 -0.1547
vn -0.7599 0.5620 -0.3267
vn -0.5879 0.6345 -0.5018
vn -0.3540 0.6680 -0.6546
vn -0.0894 0.6476 -0.7567
vn 0.1604 0.5814 -0.7977
vn 0.3672 0.4911 -0.7899
vn 0.5202 0.4061 -0.7514
vn 0.6669 -0.3002 -0.6820
vn 0.6231 -0.4367 -0.6489
vn 0.7451 -0.3025 -0.5944
vn 0.6944 -0.4460 -0.5646
vn 0.8043 -0.3022 -0.5117
vn 0.7523 -0.4497 -0.4814
vn 0.8518 -0.3001 -0.4294
vn 0.8007 -0.4488 -0.3968
vn 0.8913 -0.2964 -0.3430
vn 0.8416 -0.4435 -0.3082
vn 0.9244 -0.2906 -0.2471
vn 0.8760 -0.4332 -0.2121
vn 0.9504 -0.2814 -0.1328
vn 0.9032 -0.4165 -0.1038
vn 0.6863 -0.1911 -0.7018
vn 0.7685 -0.1886 -0.6114
vn 0.8285 -0.1860 -0.5282
vn 0.8760 -0.1833 -0.4461
vn 0.9155 -0.1804 -0.3597
vn 0.9487 -0.1770 -0.2621
vn 0.9748 -0.1724 -0.1418
vn 0.6952 -0.0948 -0.7125
vn 0.7789 -0.0911 -0.6205
vn 0.8390 -0.0879 -0.5369
vn 0.8865 -0.0851 -0.4549
vn 0.9259 -0.0823 -0.3686
vn 0.9594 -0.0794 -0.2705
vn 0.9861 -0.0760 -0.1475
vn 0.6968 -0.0040 -0.7173
vn 0.7809 -0.0002 -0.6247
vn 0.8410 0.0029 -0.5410
vn 0.8884 0.0058 -0.4590
vn 0.9279 0.0086 -0.3728
vn 0.9615 0.0115 -0.2746
vn 0.9885 0.0150 -0.1508
vn 0.6918 0.0868 -0.7169
vn 0.7754 0.0906 -0.6249
vn 0.8356 0.0937 -0.5413
vn 0.8830 0.0965 -0.4593
vn 0.9225 0.0994 -0.3730
vn 0.9560 0.1024 -0.2750
vn 0.9827 0.1058 -0.1520
vn 0.6791 0.1831 -0.7108
vn 0.7613 0.1880 -0.6205
vn 0.8213 0.1916 -0.5373
vn 0.8689 0.1946 -0.4552
vn 0.9083 0.1973 -0.3688
vn 0.9415 0.1998 -0.2713
vn 0.9677 0.2018 -0.1511
vn 0.6555 0.2923 -0.6963
vn 0.7337 0.3017 -0.6089
vn 0.7927 0.3075 -0.5264
vn 0.8402 0.3111 -0.4441
vn 0.8798 0.3129 -0.3578
vn 0.9130 0.3130 -0.2618
vn 0.9392 0.3101 -0.1474
vn 0.6062 0.4283 -0.6701
vn 0.6773 0.4444 -0.5863
vn 0.7351 0.4542 -0.5033
vn 0.7835 0.4591 -0.4187
vn 0.8247 0.4595 -0.3299
vn 0.8593 0.4550 -0.2334
vn 0.8871 0.4445 -0.1244
vn 0.4788 -0.5805 -0.6586
vn 0.2817 -0.7123 -0.6429
vn 0.0320 -0.8131 -0.5813
vn -0.2446 -0.8504 -0.4658
vn -0.4972 -0.8097 -0.3118
vn -0.6877 -0.7105 -0.1492
vn -0.8122 -0.5834 0.0005
vn 0.5699 -0.6086 -0.5521
vn 0.3850 -0.7664 -0.5142
vn 0.1354 -0.8913 -0.4326
vn -0.1563 -0.9402 -0.3026
vn -0.4311 -0.8906 -0.1446
vn -0.6402 -0.7682 0.0081
vn -0.7772 -0.6143 0.1367
vn 0.6434 -0.6218 -0.4466
vn 0.4723 -0.7932 -0.3844
vn 0.2291 -0.9318 -0.2816
vn -0.0684 -0.9879 -0.1392
vn -0.3582 -0.9335 0.0167
vn -0.5830 -0.7978 0.1533
vn -0.7331 -0.6293 0.2577
vn 0.7047 -0.6230 -0.3395
vn 0.5476 -0.7979 -0.2520
vn 0.3150 -0.9404 -0.1281
vn 0.0191 -0.9995 0.0240
vn -0.2790 -0.9445 0.1735
vn -0.5172 -0.8050 0.2906
vn -0.6810 -0.6321 0.3697
vn 0.7566 -0.6129 -0.2278
vn 0.6130 -0.7817 -0.1152
vn 0.3935 -0.9189 0.0280
vn 0.1060 -0.9767 0.1864
vn -0.1936 -0.9253 0.3262
vn -0.4421 -0.7912 0.4225
vn -0.6198 -0.6235 0.4766
vn 0.7998 -0.5905 -0.1076
vn 0.6688 -0.7429 0.0285
vn 0.4646 -0.8656 0.1869
vn 0.1919 -0.9180 0.3472
vn -0.1016 -0.8741 0.4750
vn -0.3559 -0.7550 0.5507
vn -0.5469 -0.6027 0.5812
vn 0.8335 -0.5519 0.0271
vn 0.7139 -0.6760 0.1829
vn 0.5274 -0.7742 0.3500
vn 0.2767 -0.8171 0.5057
vn -0.0012 -0.7850 0.6195
vn -0.2548 -0.6909 0.6765
vn -0.4569 -0.5661 0.6861
vn 0.8122 0.5834 -0.0005
vn 0.6877 0.7105 0.1492
vn 0.4972 0.8097 0.3118
vn 0.2446 0.8504 0.4658
vn -0.0320 0.8131 0.5813
vn -0.2817 0.7123 0.6429
vn -0.4788 0.5805 0.6586
vn 0.7772 0.6143 -0.1367
vn 0.6402 0.7682 -0.0081
vn 0.4311 0.8906 0.1446
vn 0.1563 0.9402 0.3026
vn -0.1354 0.8913 0.4326
vn -0.3850 0.7664 0.5142
vn -0.5699 0.6086 0.5521
vn 0.7331 0.6293 -0.2577
vn 0.5830 0.7978 -0.1533
vn 0.3582 0.9335 -0.0167
vn 0.0684 0.9879 0.1392
vn -0.2291 0.9318 0.2816
vn -0.4723 0.7932 0.3844
vn -0.6434 0.6218 0.4466
vn 0.6810 0.6321 -0.3697
vn 0.5172 0.8050 -0.2906
vn 0.2790 0.9445 -0.1735
vn -0.0191 0.9995 -0.0240
vn -0.3150 0.9404 0.1281
vn -0.5476 0.7979 0.2520
vn -0.7047 0.6230 0.3395
vn 0.6198 0.6235 -0.4766
vn 0.4421 0.7912 -0.4225
vn 0.1936 0.9253 -0.3262
vn -0.1060 0.9767 -0.1864
vn -0.3935 0.9189 -0.0280
vn -0.6130 0.7817 0.1152
vn -0.7566 0.6129 0.2278
vn 0.5469 0.6027 -0.5812
vn 0.3559 0.7550 -0.5507
vn 0.1016 0.8741 -0.4750
vn -0.1919 0.9180 -0.3472
vn -0.4646 0.8656 -0.1869
vn -0.6688 0.7429 -0.0285
vn -0.7998 0.5905 0.1076
vn 0.4569 0.5661 -0.6861
vn 0.2548 0.6909 -0.6765
vn 0.0012 0.7850 -0.6195
vn -0.2767 0.8171 -0.5057
vn -0.5274 0.7742 -0.3500
vn -0.7139 0.6760 -0.1829
vn -0.8335 0.5519 -0.0271
vn -0.0075 -0.5896 -0.8077
vn 0.0149 0.9999 0.0053
vn 0.1491 -0.6161 -0.7734
vn 0.2960 -0.6287 -0.7191
vn 0.4335 -0.6278 -0.6465
vn 0.5614 -0.6135 -0.5555
vn 0.6782 -0.5851 -0.4447
vn 0.7800 -0.5422 -0.3125
vn 0.8594 -0.4859 -0.1589
vn 0.9066 -0.4219 0.0124
vn 0.9119 -0.3631 0.1916
vn 0.8713 -0.3280 0.3650
vn 0.7872 -0.3306 0.5206
vn 0.6643 -0.3697 0.6497
vn 0.5117 -0.4302 0.7437
vn 0.3433 -0.4938 0.7989
vn 0.1723 -0.5486 0.8181
vn 0.0066 -0.5897 0.8076
vn -0.1499 -0.6163 0.7731
vn -0.2967 -0.6290 0.7186
vn -0.4340 -0.6282 0.6458
vn -0.5616 -0.6139 0.5546
vn -0.6782 -0.5857 0.4438
vn -0.7797 -0.5431 0.3117
vn -0.8588 -0.4872 0.1582
vn -0.9057 -0.4236 -0.0128
vn -0.9109 -0.3653 -0.1916
vn -0.8705 -0.3306 -0.3645
vn -0.7867 -0.3328 -0.5199
vn -0.6643 -0.3712 -0.6488
vn -0.5121 -0.4310 -0.7430
vn -0.3440 -0.4941 -0.7984
vn -0.1731 -0.5486 -0.8180
vn 0.5696 -0.5861 -0.5763
vn 0.4362 -0.6369 -0.6357
vn 0.4778 -0.4775 -0.7374
vn 0.6338 -0.4494 -0.6296
vn 0.2910 -0.6767 -0.6763
vn 0.3161 -0.5105 -0.7996
vn 0.1445 -0.6993 -0.7001
vn 0.1561 -0.5285 -0.8345
vn -0.0028 -0.7061 -0.7082
vn -0.0033 -0.5336 -0.8457
vn -0.1503 -0.6974 -0.7008
vn -0.1625 -0.5266 -0.8344
vn -0.2978 -0.6727 -0.6773
vn -0.3221 -0.5068 -0.7996
vn -0.4449 -0.6304 -0.6362
vn -0.4828 -0.4721 -0.7376
vn -0.5790 -0.5699 -0.5830
vn -0.6395 -0.4361 -0.6332
vn 0.5107 -0.3174 -0.7990
vn 0.6775 -0.2997 -0.6716
vn 0.3375 -0.3395 -0.8779
vn 0.1661 -0.3515 -0.9214
vn -0.0047 -0.3549 -0.9349
vn -0.1754 -0.3501 -0.9201
vn -0.3463 -0.3368 -0.8756
vn -0.5181 -0.3132 -0.7959
vn -0.6819 -0.2913 -0.6710
vn 0.5290 -0.1585 -0.8337
vn 0.7026 -0.1499 -0.6956
vn 0.3495 -0.1696 -0.9215
vn 0.1716 -0.1755 -0.9694
vn -0.0057 -0.1773 -0.9841
vn -0.1827 -0.1749 -0.9675
vn -0.3601 -0.1681 -0.9177
vn -0.5382 -0.1562 -0.8282
vn -0.7070 -0.1457 -0.6921
vn 0.5350 -0.0000 -0.8449
vn 0.7108 -0.0000 -0.7034
vn 0.3533 -0.0000 -0.9355
vn 0.1733 -0.0000 -0.9849
vn -0.0060 -0.0000 -1.0000
vn -0.1852 -0.0000 -0.9827
vn -0.3646 -0.0000 -0.9312
vn -0.5448 -0.0001 -0.8386
vn -0.7153 -0.0001 -0.6988
vn 0.5291 0.1586 -0.8336
vn 0.7027 0.1499 -0.6955
vn 0.3495 0.1696 -0.9215
vn 0.1716 0.1756 -0.9694
vn -0.0056 0.1773 -0.9841
vn -0.1827 0.1749 -0.9675
vn -0.3600 0.1681 -0.9177
vn -0.5381 0.1561 -0.8283
vn -0.7069 0.1455 -0.6922
vn 0.5107 0.3175 -0.7990
vn 0.6776 0.2998 -0.6715
vn 0.3376 0.3396 -0.8779
vn 0.1662 0.3515 -0.9213
vn -0.0046 0.3549 -0.9349
vn -0.1752 0.3501 -0.9202
vn -0.3461 0.3367 -0.8757
vn -0.5179 0.3132 -0.7961
vn -0.6817 0.2911 -0.6712
vn 0.4779 0.4775 -0.7373
vn 0.6338 0.4495 -0.6295
vn 0.3163 0.5106 -0.7996
vn 0.1562 0.5285 -0.8344
vn -0.0031 0.5336 -0.8457
vn -0.1624 0.5266 -0.8345
vn -0.3220 0.5068 -0.7997
vn -0.4826 0.4721 -0.7377
vn -0.6394 0.4360 -0.6334
vn 0.4364 0.6369 -0.6355
vn 0.5698 0.5861 -0.5760
vn 0.2912 0.6766 -0.6763
vn 0.1446 0.6993 -0.7001
vn -0.0027 0.7061 -0.7082
vn -0.1502 0.6974 -0.7008
vn -0.2978 0.6727 -0.6774
vn -0.4448 0.6303 -0.6363
vn -0.5790 0.5698 -0.5832
vn -0.6400 -0.6243 -0.4479
vn -0.7426 -0.4677 -0.4794
vn -0.6823 -0.6669 -0.2995
vn -0.8046 -0.5001 -0.3201
vn -0.7057 -0.6923 -0.1507
vn -0.8387 -0.5202 -0.1614
vn -0.7123 -0.7018 -0.0018
vn -0.8489 -0.5286 -0.0030
vn -0.7030 -0.6958 0.1469
vn -0.8366 -0.5253 0.1554
vn -0.6775 -0.6737 0.2952
vn -0.8012 -0.5093 0.3142
vn -0.6346 -0.6337 0.4424
vn -0.7390 -0.4784 0.4743
vn -0.5698 -0.5861 0.5760
vn -0.6338 -0.4495 0.6295
vn -0.8026 -0.3094 -0.5100
vn -0.8795 -0.3306 -0.3424
vn -0.9224 -0.3445 -0.1746
vn -0.9364 -0.3509 -0.0061
vn -0.9227 -0.3493 0.1630
vn -0.8799 -0.3389 0.3331
vn -0.8024 -0.3184 0.5048
vn -0.6776 -0.2998 0.6715
vn -0.8362 -0.1540 -0.5263
vn -0.9203 -0.1643 -0.3550
vn -0.9681 -0.1715 -0.1828
vn -0.9845 -0.1751 -0.0088
vn -0.9705 -0.1745 0.1666
vn -0.9239 -0.1694 0.3432
vn -0.8382 -0.1591 0.5217
vn -0.7027 -0.1499 0.6955
vn -0.8471 -0.0002 -0.5314
vn -0.9333 -0.0002 -0.3592
vn -0.9826 -0.0002 -0.1856
vn -1.0000 -0.0001 -0.0098
vn -0.9859 -0.0001 0.1676
vn -0.9381 -0.0000 0.3464
vn -0.8498 -0.0000 0.5271
vn -0.7108 -0.0000 0.7034
vn -0.8362 0.1537 -0.5264
vn -0.9203 0.1640 -0.3550
vn -0.9681 0.1713 -0.1827
vn -0.9846 0.1749 -0.0087
vn -0.9705 0.1743 0.1667
vn -0.9239 0.1693 0.3433
vn -0.8381 0.1591 0.5218
vn -0.7026 0.1499 0.6956
vn -0.8025 0.3093 -0.5102
vn -0.8795 0.3304 -0.3425
vn -0.9225 0.3443 -0.1745
vn -0.9364 0.3508 -0.0060
vn -0.9227 0.3491 0.1632
vn -0.8799 0.3388 0.3332
vn -0.8023 0.3183 0.5050
vn -0.6775 0.2997 0.6716
vn -0.7426 0.4677 -0.4795
vn -0.8046 0.5001 -0.3201
vn -0.8387 0.5202 -0.1613
vn -0.8489 0.5286 -0.0029
vn -0.8366 0.5252 0.1555
vn -0.8012 0.5093 0.3143
vn -0.7390 0.4784 0.4744
vn -0.6338 0.4494 0.6296
vn -0.6399 0.6243 -0.4481
vn -0.6822 0.6669 -0.2996
vn -0.7056 0.6924 -0.1507
vn -0.7123 0.7019 -0.0018
vn -0.7030 0.6959 0.1470
vn -0.6775 0.6737 0.2953
vn -0.6345 0.6337 0.4426
vn -0.5696 0.5861 0.5763
vn -0.4364 -0.6369 0.6355
vn -0.4779 -0.4775 0.7373
vn -0.2912 -0.6766 0.6763
vn -0.3163 -0.5106 0.7996
vn -0.1446 -0.6993 0.7001
vn -0.1562 -0.5285 0.8344
vn 0.0027 -0.7061 0.7082
vn 0.0031 -0.5336 0.8457
vn 0.1502 -0.6974 0.7008
vn 0.1624 -0.5266 0.8345
vn 0.2978 -0.6727 0.6774
vn 0.3220 -0.5068 0.7997
vn 0.4448 -0.6303 0.6363
vn 0.4826 -0.4721 0.7377
vn 0.5790 -0.5698 0.5832
vn 0.6394 -0.4360 0.6334
vn -0.5107 -0.3175 0.7990
vn -0.3376 -0.3396 0.8779
vn -0.1662 -0.3515 0.9213
vn 0.0046 -0.3549 0.9349
vn 0.1752 -0.3501 0.9202
vn 0.3461 -0.3367 0.8757
vn 0.5179 -0.3132 0.7961
vn 0.6817 -0.2911 0.6712
vn -0.5291 -0.1586 0.8336
vn -0.3495 -0.1696 0.9215
vn -0.1716 -0.1756 0.9694
vn 0.0056 -0.1773 0.9841
vn 0.1827 -0.1749 0.9675
vn 0.3600 -0.1681 0.9177
vn 0.5381 -0.1561 0.8283
vn 0.7069 -0.1455 0.6922
vn -0.5350 -0.0000 0.8449
vn -0.3533 -0.0000 0.9355
vn -0.1733 -0.0000 0.9849
vn 0.0060 -0.0000 1.0000
vn 0.1852 -0.0000 0.9827
vn 0.3646 -0.0000 0.9312
vn 0.5448 0.0001 0.8386
vn 0.7153 0.0001 0.6988
vn -0.5290 0.1585 0.8337
vn -0.3495 0.1696 0.9215
vn -0.1716 0.1755 0.9694
vn 0.0057 0.1773 0.9841
vn 0.1828 0.1749 0.9675
vn 0.3601 0.1681 0.9177
vn 0.5382 0.1562 0.8282
vn 0.7070 0.1457 0.6921
vn -0.5107 0.3174 0.7990
vn -0.3375 0.3395 0.8779
vn -0.1661 0.3515 0.9214
vn 0.0047 0.3549 0.9349
vn 0.1754 0.3501 0.9201
vn 0.3463 0.3368 0.8756
vn 0.5181 0.3132 0.7959
vn 0.6819 0.2913 0.6710
vn -0.4778 0.4775 0.7374
vn -0.3161 0.5105 0.7996
vn -0.1561 0.5285 0.8345
vn 0.0033 0.5336 0.8457
vn 0.1625 0.5266 0.8345
vn 0.3221 0.5068 0.7996
vn 0.4828 0.4721 0.7376
vn 0.6395 0.4361 0.6332
vn -0.4362 0.6369 0.6357
vn -0.2910 0.6767 0.6763
vn -0.1445 0.6993 0.7001
vn 0.0028 0.7061 0.7082
vn 0.1503 0.6974 0.7008
vn 0.2978 0.6727 0.6773
vn 0.4449 0.6304 0.6362
vn 0.5790 0.5699 0.5830
vn 0.6399 -0.6243 0.4481
vn 0.7426 -0.4677 0.4795
vn 0.6822 -0.6669 0.2996
vn 0.8046 -0.5001 0.3201
vn 0.7056 -0.6924 0.1507
vn 0.8387 -0.5202 0.1613
vn 0.7123 -0.7019 0.0018
vn 0.8489 -0.5286 0.0029
vn 0.7030 -0.6959 -0.1470
vn 0.8366 -0.5252 -0.1555
vn 0.6775 -0.6737 -0.2953
vn 0.8012 -0.5093 -0.3143
vn 0.6345 -0.6337 -0.4426
vn 0.7390 -0.4784 -0.4744
vn 0.8025 -0.3093 0.5102
vn 0.8795 -0.3304 0.3425
vn 0.9225 -0.3443 0.1745
vn 0.9364 -0.3508 0.0060
vn 0.9227 -0.3491 -0.1632
vn 0.8799 -0.3388 -0.3332
vn 0.8023 -0.3183 -0.5050
vn 0.8362 -0.1537 0.5264
vn 0.9203 -0.1640 0.3550
vn 0.9681 -0.1713 0.1827
vn 0.9846 -0.1749 0.0087
vn 0.9705 -0.1743 -0.1667
vn 0.9239 -0.1693 -0.3433
vn 0.8381 -0.1591 -0.5218
vn 0.8471 0.0002 0.5314
vn 0.9333 0.0002 0.3592
vn 0.9826 0.0002 0.1856
vn 1.0000 0.0001 0.0098
vn 0.9859 0.0001 -0.1676
vn 0.9381 -0.0000 -0.3464
vn 0.8498 -0.0000 -0.5271
vn 0.8362 0.1540 0.5263
vn 0.9203 0.1643 0.3550
vn 0.9681 0.1715 0.1828
vn 0.9845 0.1751 0.0088
vn 0.9705 0.1745 -0.1666
vn 0.9239 0.1694 -0.3432
vn 0.8382 0.1591 -0.5217
vn 0.8026 0.3094 0.5100
vn 0.8795 0.3306 0.3424
vn 0.9224 0.3445 0.1746
vn 0.9364 0.3509 0.0061
vn 0.9227 0.3492 -0.1630
vn 0.8799 0.3389 -0.3331
vn 0.8024 0.3184 -0.5048
vn 0.7426 0.4677 0.4794
vn 0.8046 0.5001 0.3201
vn 0.8387 0.5202 0.1614
vn 0.8489 0.5286 0.0030
vn 0.8366 0.5253 -0.1554
vn 0.8012 0.5093 -0.3142
vn 0.7390 0.4784 -0.4743
vn 0.6400 0.6243 0.4480
vn 0.6823 0.6669 0.2995
vn 0.7057 0.6923 0.1507
vn 0.7123 0.7018 0.0018
vn 0.7030 0.6958 -0.1469
vn 0.6775 0.6737 -0.2952
vn 0.6346 0.6337 -0.4424
vn 0.4837 -0.7329 0.4784
vn 0.3224 -0.7964 0.5116
vn 0.1623 -0.8323 0.5299
vn 0.0028 -0.8445 0.5355
vn -0.1567 -0.8341 0.5290
vn -0.3165 -0.8000 0.5097
vn -0.4774 -0.7389 0.4756
vn 0.5162 -0.7949 0.3189
vn 0.3436 -0.8751 0.3408
vn 0.1724 -0.9197 0.3526
vn 0.0018 -0.9344 0.3561
vn -0.1688 -0.9208 0.3515
vn -0.3397 -0.8775 0.3385
vn -0.5118 -0.7991 0.3154
vn 0.5338 -0.8303 0.1604
vn 0.3550 -0.9191 0.1708
vn 0.1777 -0.9681 0.1764
vn 0.0008 -0.9841 0.1779
vn -0.1759 -0.9687 0.1753
vn -0.3531 -0.9203 0.1684
vn -0.5316 -0.8324 0.1565
vn 0.5386 -0.8425 0.0020
vn 0.3580 -0.9337 0.0012
vn 0.1787 -0.9839 0.0006
vn -0.0001 -1.0000 -0.0000
vn -0.1788 -0.9839 -0.0006
vn -0.3581 -0.9337 -0.0012
vn -0.5387 -0.8425 -0.0020
vn 0.5315 -0.8325 -0.1565
vn 0.3530 -0.9203 -0.1684
vn 0.1758 -0.9687 -0.1753
vn -0.0010 -0.9841 -0.1778
vn -0.1778 -0.9681 -0.1764
vn -0.3551 -0.9191 -0.1708
vn -0.5339 -0.8302 -0.1603
vn 0.5117 -0.7991 -0.3155
vn 0.3396 -0.8775 -0.3385
vn 0.1687 -0.9209 -0.3515
vn -0.0019 -0.9344 -0.3561
vn -0.1726 -0.9197 -0.3526
vn -0.3438 -0.8751 -0.3407
vn -0.5163 -0.7948 -0.3189
vn 0.4773 -0.7389 -0.4756
vn 0.3164 -0.8000 -0.5097
vn 0.1566 -0.8341 -0.5290
vn -0.0029 -0.8445 -0.5355
vn -0.1625 -0.8323 -0.5299
vn -0.3225 -0.7964 -0.5116
vn -0.4838 -0.7329 -0.4783
vn 0.4774 0.7389 -0.4756
vn 0.3165 0.8000 -0.5097
vn 0.1567 0.8341 -0.5290
vn -0.0028 0.8445 -0.5355
vn -0.1623 0.8323 -0.5299
vn -0.3224 0.7964 -0.5116
vn -0.4837 0.7329 -0.4784
vn 0.5118 0.7991 -0.3154
vn 0.3397 0.8775 -0.3385
vn 0.1688 0.9208 -0.3515
vn -0.0018 0.9344 -0.3561
vn -0.1724 0.9197 -0.3526
vn -0.3436 0.8751 -0.3408
vn -0.5162 0.7949 -0.3189
vn 0.5316 0.8324 -0.1565
vn 0.3531 0.9203 -0.1684
vn 0.1759 0.9687 -0.1753
vn -0.0008 0.9841 -0.1779
vn -0.1777 0.9681 -0.1764
vn -0.3550 0.9191 -0.1708
vn -0.5338 0.8303 -0.1604
vn 0.5387 0.8425 0.0020
vn 0.3581 0.9337 0.0012
vn 0.1788 0.9839 0.0006
vn 0.0001 1.0000 -0.0000
vn -0.1787 0.9839 -0.0006
vn -0.3580 0.9337 -0.0012
vn -0.5386 0.8425 -0.0020
vn 0.5339 0.8302 0.1603
vn 0.3551 0.9191 0.1708
vn 0.1778 0.9681 0.1764
vn 0.0010 0.9841 0.1779
vn -0.1758 0.9687 0.1753
vn -0.3530 0.9203 0.1684
vn -0.5315 0.8325 0.1565
vn 0.5163 0.7948 0.3189
vn 0.3438 0.8751 0.3407
vn 0.1726 0.9197 0.3526
vn 0.0019 0.9344 0.3561
vn -0.1687 0.9209 0.3515
vn -0.3396 0.8775 0.3385
vn -0.5117 0.7991 0.3155
vn 0.4838 0.7329 0.4783
vn 0.3225 0.7964 0.5116
vn 0.1625 0.8323 0.5299
vn 0.0029 0.8445 0.5355
vn -0.1566 0.8341 0.5290
vn -0.3164 0.8000 0.5097
vn -0.4773 0.7389 0.4756
vn -0.0067 0.5897 -0.8076
vn 0.1499 0.6163 -0.7731
vn -0.0151 -0.9999 -0.0054
vn 0.2967 0.6290 -0.7186
vn 0.4340 0.6282 -0.6458
vn 0.5616 0.6139 -0.5546
vn 0.6782 0.5857 -0.4438
vn 0.7797 0.5431 -0.3117
vn 0.8588 0.4872 -0.1582
vn 0.9057 0.4236 0.0128
vn 0.9109 0.3653 0.1916
vn 0.8705 0.3306 0.3645
vn 0.7867 0.3328 0.5199
vn 0.6643 0.3712 0.6488
vn 0.5121 0.4310 0.7430
vn 0.3440 0.4941 0.7984
vn 0.1731 0.5486 0.8180
vn 0.0075 0.5896 0.8077
vn -0.1491 0.6161 0.7734
vn -0.2960 0.6287 0.7191
vn -0.4335 0.6278 0.6465
vn -0.5614 0.6135 0.5555
vn -0.6782 0.5851 0.4447
vn -0.7800 0.5422 0.3125
vn -0.8594 0.4859 0.1589
vn -0.9066 0.4219 -0.0124
vn -0.9119 0.3631 -0.1916
vn -0.8713 0.3281 -0.3650
vn -0.7872 0.3306 -0.5206
vn -0.6643 0.3697 -0.6497
vn -0.5117 0.4302 -0.7437
vn -0.3433 0.4938 -0.7989
vn -0.1722 0.5486 -0.8181
vn 0.1625 0.5266 0.8344
vn 0.2979 0.6727 0.6773
vn 0.6400 0.6243 0.4479
vn 0.9227 0.3493 -0.1630
vn 0.9681 0.1715 0.1827
vn 0.5164 0.7948 0.3189
vn 0.0010 0.9841 0.1778
vn -0.1724 0.9197 -0.3527
vn -0.5164 -0.7948 -0.3189
vn -0.0010 -0.9841 -0.1779
vn 0.1724 -0.9197 0.3527
vn -0.0227 0.0796 -0.9966
vn 0.5060 0.4439 0.7395
vn 0.1256 0.0573 -0.9904
vn 0.2689 0.0292 -0.9627
vn 0.4073 -0.0041 -0.9133
vn 0.5402 -0.0429 -0.8404
vn 0.6650 -0.0880 -0.7416
vn 0.7762 -0.1408 -0.6145
vn 0.8640 -0.2035 -0.4605
vn 0.9154 -0.2798 -0.2895
vn 0.9187 -0.3753 -0.1235
vn 0.8693 -0.4943 0.0105
vn 0.7706 -0.6298 0.0973
vn 0.6334 -0.7611 0.1397
vn 0.4736 -0.8679 0.1501
vn 0.3065 -0.9415 0.1404
vn 0.1419 -0.9827 0.1187
vn -0.0158 -0.9958 0.0896
vn -0.1653 -0.9847 0.0555
vn -0.3069 -0.9516 0.0170
vn -0.4405 -0.8974 -0.0263
vn -0.5651 -0.8216 -0.0751
vn -0.6778 -0.7235 -0.1310
vn -0.7726 -0.6040 -0.1956
vn -0.8413 -0.4679 -0.2708
vn -0.8752 -0.3259 -0.3576
vn -0.8690 -0.1930 -0.4557
vn -0.8225 -0.0816 -0.5628
vn -0.7384 0.0026 -0.6743
vn -0.6217 0.0587 -0.7810
vn -0.4819 0.0892 -0.8717
vn -0.3301 0.0993 -0.9387
vn -0.1753 0.0946 -0.9800
vn 0.5644 0.0032 -0.8255
vn 0.4299 0.0034 -0.9029
vn 0.4761 0.1885 -0.8589
vn 0.6323 0.1330 -0.7632
vn 0.2859 0.0036 -0.9583
vn 0.3145 0.2083 -0.9261
vn 0.1406 0.0037 -0.9901
vn 0.1542 0.2193 -0.9634
vn -0.0055 0.0037 -1.0000
vn -0.0056 0.2226 -0.9749
vn -0.1521 0.0036 -0.9884
vn -0.1652 0.2183 -0.9618
vn -0.2987 0.0034 -0.9543
vn -0.3251 0.2062 -0.9229
vn -0.4449 0.0032 -0.8956
vn -0.4858 0.1852 -0.8542
vn -0.5781 0.0027 -0.8159
vn -0.6408 0.1313 -0.7564
vn 0.5102 0.3444 -0.7881
vn 0.6763 0.2672 -0.6865
vn 0.3374 0.3840 -0.8595
vn 0.1660 0.4057 -0.8988
vn -0.0050 0.4121 -0.9111
vn -0.1759 0.4041 -0.8977
vn -0.3471 0.3807 -0.8571
vn -0.5192 0.3391 -0.7845
vn -0.6835 0.2623 -0.6812
vn 0.5296 0.4803 -0.6991
vn 0.7021 0.3887 -0.5966
vn 0.3506 0.5343 -0.7691
vn 0.1730 0.5637 -0.8076
vn -0.0041 0.5726 -0.8198
vn -0.1811 0.5620 -0.8071
vn -0.3585 0.5307 -0.7680
vn -0.5369 0.4745 -0.6975
vn -0.7072 0.3831 -0.5943
vn 0.5366 0.5994 -0.5940
vn 0.7113 0.4988 -0.4951
vn 0.3555 0.6635 -0.6583
vn 0.1760 0.6984 -0.6937
vn -0.0030 0.7091 -0.7051
vn -0.1819 0.6968 -0.6938
vn -0.3611 0.6602 -0.6586
vn -0.5415 0.5943 -0.5946
vn -0.7138 0.4939 -0.4965
vn 0.5315 0.7026 -0.4731
vn 0.7043 0.5979 -0.3826
vn 0.3524 0.7728 -0.5279
vn 0.1750 0.8111 -0.5581
vn -0.0019 0.8230 -0.5680
vn -0.1786 0.8099 -0.5587
vn -0.3557 0.7702 -0.5294
vn -0.5340 0.6988 -0.4759
vn -0.7046 0.5941 -0.3881
vn 0.5138 0.7895 -0.3357
vn 0.6804 0.6857 -0.2588
vn 0.3411 0.8614 -0.3764
vn 0.1699 0.9010 -0.3991
vn -0.0007 0.9135 -0.4068
vn -0.1712 0.9002 -0.4004
vn -0.3420 0.8599 -0.3791
vn -0.5139 0.7875 -0.3403
vn -0.6795 0.6826 -0.2687
vn 0.4814 0.8581 -0.1785
vn 0.6374 0.7607 -0.1226
vn 0.3199 0.9262 -0.1996
vn 0.1599 0.9641 -0.2119
vn 0.0005 0.9763 -0.2165
vn -0.1588 0.9639 -0.2138
vn -0.3185 0.9258 -0.2035
vn -0.4792 0.8581 -0.1846
vn -0.6377 0.7578 -0.1382
vn 0.4432 0.8964 0.0061
vn 0.5774 0.8164 0.0144
vn 0.2961 0.9551 0.0055
vn 0.1482 0.9889 0.0046
vn 0.0001 1.0000 0.0037
vn -0.1481 0.9890 0.0026
vn -0.2959 0.9552 0.0015
vn -0.4430 0.8965 0.0005
vn -0.5771 0.8166 -0.0084
vn -0.6408 -0.1262 -0.7572
vn -0.7421 0.0022 -0.6703
vn -0.6835 -0.2575 -0.6830
vn -0.8030 -0.1290 -0.5818
vn -0.7073 -0.3787 -0.5969
vn -0.8373 -0.2519 -0.4852
vn -0.7140 -0.4901 -0.5000
vn -0.8483 -0.3682 -0.3806
vn -0.7047 -0.5911 -0.3924
vn -0.8370 -0.4774 -0.2673
vn -0.6797 -0.6805 -0.2738
vn -0.8028 -0.5786 -0.1442
vn -0.6379 -0.7566 -0.1438
vn -0.7419 -0.6704 -0.0091
vn -0.5774 -0.8164 -0.0144
vn -0.6374 -0.7607 0.1226
vn -0.8031 0.1329 -0.5809
vn -0.8778 0.0015 -0.4791
vn -0.9202 -0.1232 -0.3716
vn -0.9349 -0.2439 -0.2577
vn -0.9225 -0.3608 -0.1370
vn -0.8809 -0.4732 -0.0092
vn -0.8046 -0.5800 0.1273
vn -0.6804 -0.6857 0.2588
vn -0.8374 0.2553 -0.4834
vn -0.9202 0.1255 -0.3707
vn -0.9671 0.0007 -0.2544
vn -0.9835 -0.1219 -0.1336
vn -0.9700 -0.2431 -0.0087
vn -0.9240 -0.3630 0.1202
vn -0.8391 -0.4812 0.2539
vn -0.7043 -0.5979 0.3826
vn -0.8483 0.3710 -0.3779
vn -0.9350 0.2455 -0.2558
vn -0.9836 0.1224 -0.1327
vn -1.0000 -0.0002 -0.0079
vn -0.9853 -0.1235 0.1179
vn -0.9374 -0.2482 0.2444
vn -0.8493 -0.3745 0.3721
vn -0.7113 -0.4988 0.4951
vn -0.8370 0.4794 -0.2637
vn -0.9226 0.3617 -0.1343
vn -0.9700 0.2429 -0.0069
vn -0.9854 0.1223 0.1188
vn -0.9702 -0.0011 0.2424
vn -0.9228 -0.1281 0.3635
vn -0.8367 -0.2601 0.4820
vn -0.7021 -0.3887 0.5966
vn -0.8027 0.5797 -0.1399
vn -0.8809 0.4732 -0.0056
vn -0.9241 0.3620 0.1228
vn -0.9374 0.2462 0.2462
vn -0.9228 0.1252 0.3644
vn -0.8789 -0.0019 0.4770
vn -0.8005 -0.1368 0.5835
vn -0.6763 -0.2672 0.6865
vn -0.7418 0.6706 -0.0041
vn -0.8045 0.5791 0.1316
vn -0.8391 0.4793 0.2575
vn -0.8493 0.3717 0.3748
vn -0.8367 0.2564 0.4839
vn -0.8006 0.1323 0.5845
vn -0.7374 -0.0026 0.6755
vn -0.6323 -0.1330 0.7632
vn -0.6373 0.7599 0.1282
vn -0.6803 0.6838 0.2639
vn -0.7043 0.5952 0.3871
vn -0.7113 0.4952 0.4988
vn -0.7021 0.3843 0.5995
vn -0.6763 0.2620 0.6884
vn -0.6323 0.1272 0.7642
vn -0.5644 -0.0032 0.8255
vn -0.4432 -0.8964 -0.0061
vn -0.4814 -0.8581 0.1785
vn -0.2961 -0.9551 -0.0055
vn -0.3199 -0.9262 0.1996
vn -0.1482 -0.9889 -0.0046
vn -0.1599 -0.9641 0.2119
vn -0.0001 -1.0000 -0.0037
vn -0.0005 -0.9763 0.2165
vn 0.1481 -0.9890 -0.0026
vn 0.1588 -0.9639 0.2138
vn 0.2959 -0.9552 -0.0015
vn 0.3185 -0.9258 0.2035
vn 0.4430 -0.8965 -0.0005
vn 0.4792 -0.8581 0.1846
vn 0.5771 -0.8166 0.0084
vn 0.6377 -0.7578 0.1382
vn -0.5138 -0.7895 0.3357
vn -0.3411 -0.8614 0.3764
vn -0.1699 -0.9010 0.3991
vn 0.0007 -0.9135 0.4068
vn 0.1712 -0.9002 0.4004
vn 0.3420 -0.8599 0.3791
vn 0.5139 -0.7875 0.3403
vn 0.6795 -0.6826 0.2687
vn -0.5315 -0.7026 0.4731
vn -0.3524 -0.7728 0.5279
vn -0.1750 -0.8111 0.5581
vn 0.0019 -0.8231 0.5680
vn 0.1786 -0.8099 0.5587
vn 0.3557 -0.7702 0.5294
vn 0.5340 -0.6988 0.4759
vn 0.7046 -0.5941 0.3881
vn -0.5366 -0.5994 0.5940
vn -0.3555 -0.6635 0.6583
vn -0.1760 -0.6984 0.6937
vn 0.0030 -0.7091 0.7051
vn 0.1819 -0.6968 0.6938
vn 0.3611 -0.6602 0.6586
vn 0.5415 -0.5943 0.5946
vn 0.7138 -0.4939 0.4965
vn -0.5296 -0.4803 0.6991
vn -0.3506 -0.5343 0.7691
vn -0.1730 -0.5637 0.8076
vn 0.0041 -0.5726 0.8198
vn 0.1811 -0.5620 0.8071
vn 0.3585 -0.5307 0.7680
vn 0.5369 -0.4745 0.6975
vn 0.7072 -0.3831 0.5943
vn -0.5102 -0.3444 0.7881
vn -0.3374 -0.3840 0.8595
vn -0.1660 -0.4057 0.8988
vn 0.0050 -0.4121 0.9111
vn 0.1759 -0.4041 0.8977
vn 0.3471 -0.3807 0.8571
vn 0.5192 -0.3391 0.7845
vn 0.6835 -0.2623 0.6812
vn -0.4761 -0.1885 0.8589
vn -0.3145 -0.2083 0.9261
vn -0.1542 -0.2193 0.9634
vn 0.0056 -0.2226 0.9749
vn 0.1652 -0.2183 0.9618
vn 0.3251 -0.2062 0.9229
vn 0.4858 -0.1852 0.8542
vn 0.6408 -0.1313 0.7564
vn -0.4299 -0.0034 0.9029
vn -0.2859 -0.0036 0.9583
vn -0.1406 -0.0037 0.9901
vn 0.0055 -0.0037 1.0000
vn 0.1521 -0.0036 0.9884
vn 0.2987 -0.0034 0.9543
vn 0.4449 -0.0032 0.8956
vn 0.5781 -0.0027 0.8159
vn 0.6373 -0.7599 -0.1282
vn 0.7418 -0.6706 0.0041
vn 0.6803 -0.6838 -0.2639
vn 0.8045 -0.5791 -0.1316
vn 0.7043 -0.5952 -0.3871
vn 0.8391 -0.4793 -0.2575
vn 0.7113 -0.4952 -0.4988
vn 0.8493 -0.3717 -0.3748
vn 0.7021 -0.3843 -0.5995
vn 0.8367 -0.2564 -0.4839
vn 0.6763 -0.2620 -0.6884
vn 0.8006 -0.1323 -0.5845
vn 0.6323 -0.1272 -0.7642
vn 0.7374 0.0026 -0.6755
vn 0.8027 -0.5797 0.1399
vn 0.8809 -0.4732 0.0056
vn 0.9241 -0.3620 -0.1228
vn 0.9374 -0.2462 -0.2462
vn 0.9228 -0.1252 -0.3644
vn 0.8789 0.0019 -0.4770
vn 0.8005 0.1368 -0.5835
vn 0.8370 -0.4794 0.2637
vn 0.9226 -0.3617 0.1343
vn 0.9700 -0.2429 0.0069
vn 0.9854 -0.1223 -0.1188
vn 0.9702 0.0011 -0.2424
vn 0.9228 0.1281 -0.3635
vn 0.8367 0.2601 -0.4820
vn 0.8483 -0.3710 0.3779
vn 0.9350 -0.2455 0.2558
vn 0.9836 -0.1224 0.1327
vn 1.0000 0.0002 0.0079
vn 0.9853 0.1235 -0.1179
vn 0.9374 0.2482 -0.2444
vn 0.8493 0.3745 -0.3721
vn 0.8374 -0.2553 0.4834
vn 0.9202 -0.1255 0.3707
vn 0.9671 -0.0007 0.2544
vn 0.9835 0.1219 0.1336
vn 0.9700 0.2431 0.0087
vn 0.9240 0.3630 -0.1202
vn 0.8391 0.4812 -0.2539
vn 0.8031 -0.1329 0.5809
vn 0.8777 -0.0015 0.4791
vn 0.9202 0.1232 0.3716
vn 0.9349 0.2439 0.2577
vn 0.9225 0.3608 0.1370
vn 0.8809 0.4732 0.0092
vn 0.8046 0.5800 -0.1273
vn 0.7421 -0.0022 0.6703
vn 0.8030 0.1290 0.5818
vn 0.8373 0.2519 0.4852
vn 0.8483 0.3682 0.3806
vn 0.8370 0.4774 0.2673
vn 0.8028 0.5786 0.1442
vn 0.7419 0.6704 0.0091
vn 0.6408 0.1262 0.7572
vn 0.6835 0.2575 0.6830
vn 0.7073 0.3787 0.5969
vn 0.7140 0.4901 0.5000
vn 0.7047 0.5911 0.3924
vn 0.6797 0.6805 0.2738
vn 0.6379 0.7566 0.1438
vn 0.4813 -0.8569 -0.1848
vn 0.3197 -0.9248 -0.2064
vn 0.1597 -0.9626 -0.2189
vn 0.0004 -0.9747 -0.2236
vn -0.1589 -0.9623 -0.2209
vn -0.3186 -0.9243 -0.2103
vn -0.4794 -0.8566 -0.1909
vn 0.5137 -0.7871 -0.3415
vn 0.3409 -0.8587 -0.3827
vn 0.1697 -0.8981 -0.4057
vn -0.0009 -0.9105 -0.4135
vn -0.1713 -0.8972 -0.4070
vn -0.3421 -0.8570 -0.3853
vn -0.5141 -0.7849 -0.3460
vn 0.5314 -0.6991 -0.4784
vn 0.3523 -0.7689 -0.5336
vn 0.1748 -0.8071 -0.5640
vn -0.0020 -0.8189 -0.5740
vn -0.1788 -0.8057 -0.5646
vn -0.3559 -0.7663 -0.5349
vn -0.5342 -0.6952 -0.4810
vn 0.5365 -0.5950 -0.5984
vn 0.3554 -0.6586 -0.6632
vn 0.1758 -0.6933 -0.6989
vn -0.0032 -0.7039 -0.7103
vn -0.1821 -0.6917 -0.6989
vn -0.3614 -0.6553 -0.6633
vn -0.5418 -0.5898 -0.5989
vn 0.5296 -0.4752 -0.7027
vn 0.3505 -0.5287 -0.7731
vn 0.1729 -0.5578 -0.8118
vn -0.0042 -0.5666 -0.8240
vn -0.1813 -0.5561 -0.8111
vn -0.3587 -0.5251 -0.7718
vn -0.5371 -0.4694 -0.7008
vn 0.5101 -0.3386 -0.7907
vn 0.3374 -0.3777 -0.8623
vn 0.1659 -0.3991 -0.9018
vn -0.0051 -0.4054 -0.9141
vn -0.1760 -0.3975 -0.9006
vn -0.3472 -0.3744 -0.8598
vn -0.5194 -0.3334 -0.7868
vn 0.4761 -0.1821 -0.8603
vn 0.3145 -0.2015 -0.9276
vn 0.1542 -0.2122 -0.9650
vn -0.0056 -0.2154 -0.9765
vn -0.1652 -0.2113 -0.9634
vn -0.3251 -0.1996 -0.9244
vn -0.4858 -0.1791 -0.8555
vn 0.4794 0.8566 0.1909
vn 0.3186 0.9243 0.2103
vn 0.1589 0.9623 0.2209
vn -0.0004 0.9747 0.2236
vn -0.1597 0.9626 0.2189
vn -0.3197 0.9248 0.2064
vn -0.4813 0.8569 0.1848
vn 0.5141 0.7849 0.3460
vn 0.3421 0.8570 0.3853
vn 0.1713 0.8972 0.4070
vn 0.0009 0.9105 0.4135
vn -0.1697 0.8981 0.4057
vn -0.3409 0.8587 0.3827
vn -0.5137 0.7871 0.3415
vn 0.5342 0.6952 0.4810
vn 0.3559 0.7663 0.5349
vn 0.1788 0.8057 0.5646
vn 0.0020 0.8189 0.5740
vn -0.1748 0.8070 0.5640
vn -0.3523 0.7689 0.5336
vn -0.5314 0.6991 0.4784
vn 0.5418 0.5898 0.5989
vn 0.3614 0.6553 0.6633
vn 0.1821 0.6917 0.6989
vn 0.0032 0.7039 0.7103
vn -0.1758 0.6933 0.6989
vn -0.3554 0.6586 0.6632
vn -0.5365 0.5950 0.5984
vn 0.5371 0.4694 0.7008
vn 0.3587 0.5251 0.7718
vn 0.1813 0.5561 0.8111
vn 0.0042 0.5666 0.8240
vn -0.1729 0.5578 0.8118
vn -0.3505 0.5287 0.7731
vn -0.5296 0.4752 0.7027
vn 0.5194 0.3334 0.7868
vn 0.3472 0.3744 0.8598
vn 0.1760 0.3975 0.9006
vn 0.0051 0.4054 0.9141
vn -0.1659 0.3991 0.9018
vn -0.3374 0.3777 0.8623
vn -0.5101 0.3386 0.7907
vn 0.4858 0.1791 0.8555
vn 0.3251 0.1996 0.9244
vn 0.1652 0.2113 0.9633
vn 0.0056 0.2154 0.9765
vn -0.1542 0.2122 0.9650
vn -0.3145 0.2015 0.9276
vn -0.4761 0.1821 0.8603
vn -0.0223 -0.0799 -0.9966
vn 0.1258 -0.0566 -0.9904
vn 0.4985 -0.4450 0.7440
vn 0.2689 -0.0277 -0.9628
vn 0.4069 0.0063 -0.9135
vn 0.5393 0.0455 -0.8409
vn 0.6637 0.0909 -0.7425
vn 0.7747 0.1436 -0.6158
vn 0.8626 0.2059 -0.4620
vn 0.9146 0.2813 -0.2906
vn 0.9186 0.3754 -0.1235
vn 0.8700 0.4929 0.0121
vn 0.7720 0.6277 0.1000
vn 0.6350 0.7592 0.1427
vn 0.4750 0.8666 0.1527
vn 0.3076 0.9408 0.1422
vn 0.1426 0.9825 0.1197
vn -0.0152 0.9958 0.0898
vn -0.1647 0.9848 0.0550
vn -0.3061 0.9519 0.0160
vn -0.4395 0.8978 -0.0275
vn -0.5640 0.8222 -0.0764
vn -0.6767 0.7243 -0.1321
vn -0.7719 0.6046 -0.1963
vn -0.8413 0.4679 -0.2708
vn -0.8760 0.3247 -0.3568
vn -0.8703 0.1904 -0.4542
vn -0.8242 0.0778 -0.5609
vn -0.7402 -0.0069 -0.6724
vn -0.6232 -0.0629 -0.7795
vn -0.4828 -0.0926 -0.8708
vn -0.3304 -0.1017 -0.9383
vn -0.1752 -0.0959 -0.9799
vn 0.5644 -0.0029 -0.8255
vn 0.6323 -0.1328 -0.7633
vn 0.4761 -0.1884 -0.8589
vn 0.4299 -0.0033 -0.9029
vn 0.3145 -0.2082 -0.9261
vn 0.2859 -0.0035 -0.9583
vn 0.1542 -0.2193 -0.9634
vn 0.1406 -0.0036 -0.9901
vn -0.0056 -0.2226 -0.9749
vn -0.0055 -0.0036 -1.0000
vn -0.1652 -0.2183 -0.9618
vn -0.1521 -0.0036 -0.9884
vn -0.3251 -0.2063 -0.9229
vn -0.2987 -0.0035 -0.9543
vn -0.4858 -0.1853 -0.8542
vn -0.4449 -0.0033 -0.8956
vn -0.6408 -0.1316 -0.7563
vn -0.5781 -0.0031 -0.8159
vn 0.6763 -0.2671 -0.6865
vn 0.5102 -0.3443 -0.7881
vn 0.3374 -0.3840 -0.8595
vn 0.1659 -0.4057 -0.8988
vn -0.0051 -0.4121 -0.9111
vn -0.1760 -0.4041 -0.8976
vn -0.3472 -0.3807 -0.8570
vn -0.5193 -0.3391 -0.7844
vn -0.6835 -0.2624 -0.6811
vn 0.7021 -0.3887 -0.5966
vn 0.5296 -0.4803 -0.6992
vn 0.3505 -0.5343 -0.7692
vn 0.1729 -0.5637 -0.8077
vn -0.0042 -0.5726 -0.8198
vn -0.1812 -0.5620 -0.8070
vn -0.3586 -0.5307 -0.7679
vn -0.5371 -0.4745 -0.6974
vn -0.7073 -0.3831 -0.5942
vn 0.7113 -0.4988 -0.4952
vn 0.5365 -0.5994 -0.5940
vn 0.3554 -0.6635 -0.6584
vn 0.1759 -0.6984 -0.6938
vn -0.0031 -0.7091 -0.7051
vn -0.1820 -0.6968 -0.6938
vn -0.3613 -0.6602 -0.6585
vn -0.5417 -0.5942 -0.5945
vn -0.7139 -0.4938 -0.4964
vn 0.7043 -0.5980 -0.3827
vn 0.5314 -0.7026 -0.4732
vn 0.3523 -0.7728 -0.5279
vn 0.1749 -0.8112 -0.5581
vn -0.0020 -0.8231 -0.5680
vn -0.1788 -0.8099 -0.5587
vn -0.3559 -0.7702 -0.5293
vn -0.5342 -0.6987 -0.4759
vn -0.7047 -0.5940 -0.3880
vn 0.6803 -0.6857 -0.2589
vn 0.5137 -0.7895 -0.3357
vn 0.3409 -0.8615 -0.3764
vn 0.1697 -0.9011 -0.3991
vn -0.0008 -0.9135 -0.4068
vn -0.1713 -0.9002 -0.4004
vn -0.3421 -0.8598 -0.3791
vn -0.5141 -0.7874 -0.3402
vn -0.6797 -0.6825 -0.2687
vn 0.6373 -0.7608 -0.1227
vn 0.4813 -0.8582 -0.1785
vn 0.3198 -0.9262 -0.1996
vn 0.1598 -0.9642 -0.2119
vn 0.0004 -0.9763 -0.2165
vn -0.1589 -0.9639 -0.2138
vn -0.3186 -0.9258 -0.2035
vn -0.4793 -0.8580 -0.1846
vn -0.6378 -0.7577 -0.1382
vn 0.5772 -0.8165 0.0144
vn 0.4430 -0.8965 0.0061
vn 0.2960 -0.9552 0.0055
vn 0.1481 -0.9890 0.0046
vn -0.0000 -1.0000 0.0037
vn -0.1482 -0.9890 0.0026
vn -0.2961 -0.9552 0.0015
vn -0.4432 -0.8964 0.0005
vn -0.5773 -0.8165 -0.0084
vn -0.7421 -0.0026 -0.6703
vn -0.6408 0.1259 -0.7573
vn -0.8030 0.1287 -0.5819
vn -0.6835 0.2573 -0.6831
vn -0.8373 0.2518 -0.4852
vn -0.7072 0.3787 -0.5970
vn -0.8483 0.3682 -0.3806
vn -0.7138 0.4902 -0.5001
vn -0.8370 0.4775 -0.2673
vn -0.7046 0.5912 -0.3924
vn -0.8027 0.5787 -0.1442
vn -0.6796 0.6806 -0.2738
vn -0.7418 0.6705 -0.0090
vn -0.6377 0.7567 -0.1437
vn -0.6373 0.7608 0.1227
vn -0.5772 0.8165 -0.0144
vn -0.8030 -0.1332 -0.5809
vn -0.8777 -0.0019 -0.4791
vn -0.9202 0.1228 -0.3716
vn -0.9350 0.2437 -0.2577
vn -0.9226 0.3607 -0.1370
vn -0.8809 0.4732 -0.0091
vn -0.8045 0.5801 0.1274
vn -0.6803 0.6857 0.2589
vn -0.8373 -0.2554 -0.4833
vn -0.9202 -0.1258 -0.3707
vn -0.9671 -0.0011 -0.2544
vn -0.9836 0.1215 -0.1336
vn -0.9700 0.2429 -0.0087
vn -0.9240 0.3629 0.1202
vn -0.8391 0.4811 0.2539
vn -0.7043 0.5980 0.3827
vn -0.8483 -0.3710 -0.3779
vn -0.9350 -0.2457 -0.2559
vn -0.9835 -0.1227 -0.1327
vn -0.9853 0.1233 0.1179
vn -0.9374 0.2480 0.2444
vn -0.8493 0.3745 0.3721
vn -0.7113 0.4988 0.4952
vn -0.8370 -0.4794 -0.2638
vn -0.9225 -0.3618 -0.1343
vn -0.9700 -0.2431 -0.0070
vn -0.9853 -0.1226 0.1188
vn -0.9702 0.0008 0.2424
vn -0.9228 0.1279 0.3635
vn -0.8367 0.2599 0.4820
vn -0.7021 0.3887 0.5966
vn -0.8027 -0.5797 -0.1400
vn -0.8809 -0.4732 -0.0057
vn -0.9240 -0.3621 0.1228
vn -0.9374 -0.2463 0.2462
vn -0.9228 -0.1254 0.3644
vn -0.8789 0.0017 0.4770
vn -0.8005 0.1366 0.5835
vn -0.6763 0.2671 0.6865
vn -0.7419 -0.6705 -0.0042
vn -0.8046 -0.5791 0.1316
vn -0.8391 -0.4793 0.2575
vn -0.8493 -0.3718 0.3748
vn -0.8367 -0.2565 0.4839
vn -0.8005 -0.1325 0.5845
vn -0.7374 0.0024 0.6755
vn -0.6323 0.1328 0.7633
vn -0.6374 -0.7598 0.1282
vn -0.6803 -0.6838 0.2639
vn -0.7043 -0.5951 0.3870
vn -0.7113 -0.4952 0.4988
vn -0.7021 -0.3843 0.5994
vn -0.6763 -0.2621 0.6884
vn -0.6323 -0.1274 0.7642
vn -0.5644 0.0029 0.8255
vn -0.4813 0.8582 0.1785
vn -0.4430 0.8965 -0.0061
vn -0.3197 0.9262 0.1996
vn -0.2960 0.9552 -0.0055
vn -0.1598 0.9642 0.2119
vn -0.1481 0.9890 -0.0046
vn -0.0004 0.9763 0.2165
vn -0.0000 1.0000 -0.0037
vn 0.1589 0.9639 0.2138
vn 0.1482 0.9890 -0.0026
vn 0.3186 0.9258 0.2035
vn 0.2961 0.9552 -0.0015
vn 0.4793 0.8580 0.1846
vn 0.4432 0.8964 -0.0005
vn 0.6378 0.7577 0.1382
vn 0.5773 0.8165 0.0084
vn -0.5137 0.7895 0.3357
vn -0.3409 0.8615 0.3764
vn -0.1697 0.9011 0.3991
vn 0.0008 0.9135 0.4068
vn 0.1713 0.9002 0.4004
vn 0.3421 0.8598 0.3791
vn 0.5141 0.7874 0.3402
vn 0.6797 0.6825 0.2687
vn -0.5314 0.7026 0.4732
vn -0.3523 0.7728 0.5279
vn -0.1749 0.8112 0.5581
vn 0.0020 0.8231 0.5680
vn 0.1788 0.8099 0.5587
vn 0.3559 0.7702 0.5293
vn 0.5342 0.6987 0.4759
vn 0.7047 0.5940 0.3880
vn -0.5365 0.5994 0.5940
vn -0.3554 0.6635 0.6584
vn -0.1758 0.6984 0.6938
vn 0.0031 0.7091 0.7051
vn 0.1820 0.6968 0.6938
vn 0.3613 0.6602 0.6585
vn 0.5417 0.5942 0.5945
vn 0.7139 0.4938 0.4964
vn -0.5296 0.4803 0.6992
vn -0.3505 0.5343 0.7692
vn -0.1729 0.5637 0.8077
vn 0.0042 0.5726 0.8198
vn 0.1812 0.5620 0.8070
vn 0.3586 0.5307 0.7679
vn 0.5371 0.4745 0.6974
vn 0.7073 0.3831 0.5942
vn -0.5102 0.3443 0.7881
vn -0.3374 0.3840 0.8595
vn -0.1659 0.4057 0.8988
vn 0.0051 0.4121 0.9111
vn 0.1760 0.4041 0.8976
vn 0.3472 0.3807 0.8570
vn 0.5193 0.3391 0.7844
vn 0.6835 0.2624 0.6811
vn -0.4761 0.1884 0.8589
vn -0.3145 0.2082 0.9261
vn -0.1542 0.2193 0.9634
vn 0.0056 0.2226 0.9749
vn 0.1652 0.2183 0.9618
vn 0.3251 0.2063 0.9229
vn 0.4858 0.1853 0.8542
vn 0.6408 0.1316 0.7563
vn -0.4299 0.0033 0.9029
vn -0.2859 0.0035 0.9583
vn -0.1406 0.0036 0.9901
vn 0.0055 0.0036 1.0000
vn 0.1521 0.0036 0.9884
vn 0.2987 0.0035 0.9543
vn 0.4449 0.0033 0.8956
vn 0.5781 0.0031 0.8159
vn 0.7419 0.6705 0.0042
vn 0.6374 0.7598 -0.1282
vn 0.8046 0.5791 -0.1316
vn 0.6803 0.6838 -0.2639
vn 0.8391 0.4793 -0.2575
vn 0.7043 0.5951 -0.3870
vn 0.8493 0.3718 -0.3748
vn 0.7113 0.4952 -0.4988
vn 0.8367 0.2565 -0.4839
vn 0.7021 0.3843 -0.5994
vn 0.8005 0.1325 -0.5845
vn 0.6763 0.2621 -0.6884
vn 0.7374 -0.0024 -0.6755
vn 0.6323 0.1274 -0.7642
vn 0.8027 0.5797 0.1400
vn 0.8809 0.4732 0.0057
vn 0.9240 0.3621 -0.1228
vn 0.9374 0.2463 -0.2462
vn 0.9228 0.1254 -0.3644
vn 0.8789 -0.0017 -0.4770
vn 0.8005 -0.1366 -0.5835
vn 0.8370 0.4794 0.2638
vn 0.9225 0.3618 0.1343
vn 0.9700 0.2431 0.0069
vn 0.9853 0.1226 -0.1188
vn 0.9702 -0.0008 -0.2424
vn 0.9228 -0.1279 -0.3635
vn 0.8367 -0.2599 -0.4820
vn 0.8483 0.3710 0.3779
vn 0.9350 0.2457 0.2559
vn 0.9835 0.1227 0.1327
vn 0.9854 -0.1233 -0.1179
vn 0.9374 -0.2480 -0.2444
vn 0.8493 -0.3745 -0.3721
vn 0.8373 0.2554 0.4833
vn 0.9202 0.1258 0.3707
vn 0.9671 0.0011 0.2544
vn 0.9836 -0.1215 0.1336
vn 0.9700 -0.2429 0.0087
vn 0.9240 -0.3629 -0.1202
vn 0.8391 -0.4811 -0.2539
vn 0.8030 0.1332 0.5809
vn 0.8777 0.0019 0.4791
vn 0.9202 -0.1228 0.3716
vn 0.9350 -0.2437 0.2577
vn 0.9226 -0.3607 0.1370
vn 0.8809 -0.4732 0.0091
vn 0.8045 -0.5801 -0.1274
vn 0.7421 0.0026 0.6703
vn 0.8030 -0.1287 0.5819
vn 0.8373 -0.2518 0.4852
vn 0.8483 -0.3682 0.3806
vn 0.8370 -0.4775 0.2673
vn 0.8027 -0.5787 0.1442
vn 0.7418 -0.6705 0.0090
vn 0.6408 -0.1259 0.7573
vn 0.6835 -0.2573 0.6831
vn 0.7072 -0.3787 0.5970
vn 0.7138 -0.4902 0.5001
vn 0.7046 -0.5912 0.3924
vn 0.6796 -0.6806 0.2738
vn 0.6377 -0.7567 0.1437
vn 0.4814 0.8568 -0.1848
vn 0.3199 0.9247 -0.2064
vn 0.1599 0.9626 -0.2189
vn 0.0005 0.9747 -0.2237
vn -0.1588 0.9623 -0.2209
vn -0.3185 0.9243 -0.2103
vn -0.4793 0.8567 -0.1909
vn 0.5138 0.7870 -0.3415
vn 0.3410 0.8586 -0.3827
vn 0.1698 0.8981 -0.4057
vn -0.0007 0.9105 -0.4135
vn -0.1712 0.8972 -0.4070
vn -0.3420 0.8570 -0.3854
vn -0.5139 0.7849 -0.3460
vn 0.5315 0.6991 -0.4783
vn 0.3524 0.7689 -0.5335
vn 0.1750 0.8070 -0.5640
vn -0.0019 0.8189 -0.5740
vn -0.1786 0.8058 -0.5647
vn -0.3557 0.7663 -0.5350
vn -0.5340 0.6953 -0.4810
vn 0.5366 0.5950 -0.5984
vn 0.3555 0.6586 -0.6632
vn 0.1759 0.6933 -0.6988
vn -0.0030 0.7039 -0.7103
vn -0.1819 0.6917 -0.6989
vn -0.3612 0.6553 -0.6634
vn -0.5416 0.5899 -0.5990
vn 0.5296 0.4752 -0.7026
vn 0.3506 0.5287 -0.7730
vn 0.1730 0.5578 -0.8117
vn -0.0041 0.5666 -0.8240
vn -0.1811 0.5561 -0.8112
vn -0.3585 0.5251 -0.7719
vn -0.5370 0.4694 -0.7009
vn 0.5102 0.3386 -0.7906
vn 0.3374 0.3777 -0.8622
vn 0.1660 0.3991 -0.9018
vn -0.0050 0.4055 -0.9141
vn -0.1759 0.3975 -0.9006
vn -0.3471 0.3744 -0.8598
vn -0.5193 0.3333 -0.7869
vn 0.4761 0.1822 -0.8603
vn 0.3145 0.2015 -0.9276
vn 0.1542 0.2123 -0.9650
vn -0.0056 0.2154 -0.9765
vn -0.1652 0.2113 -0.9634
vn -0.3251 0.1995 -0.9244
vn -0.4858 0.1790 -0.8555
vn 0.4793 -0.8567 0.1909
vn 0.3185 -0.9243 0.2103
vn 0.1588 -0.9623 0.2209
vn -0.0005 -0.9747 0.2237
vn -0.1599 -0.9626 0.2189
vn -0.3199 -0.9247 0.2064
vn -0.4814 -0.8568 0.1848
vn 0.5139 -0.7849 0.3460
vn 0.3420 -0.8570 0.3854
vn 0.1712 -0.8972 0.4070
vn 0.0007 -0.9105 0.4135
vn -0.1698 -0.8981 0.4057
vn -0.3410 -0.8586 0.3827
vn -0.5138 -0.7870 0.3415
vn 0.5340 -0.6953 0.4810
vn 0.3557 -0.7663 0.5350
vn 0.1786 -0.8058 0.5647
vn 0.0019 -0.8189 0.5740
vn -0.1750 -0.8070 0.5640
vn -0.3524 -0.7689 0.5335
vn -0.5315 -0.6991 0.4783
vn 0.5416 -0.5899 0.5990
vn 0.3612 -0.6553 0.6634
vn 0.1819 -0.6917 0.6989
vn 0.0030 -0.7039 0.7103
vn -0.1759 -0.6933 0.6988
vn -0.3555 -0.6586 0.6632
vn -0.5366 -0.5950 0.5984
vn 0.5370 -0.4694 0.7009
vn 0.3585 -0.5251 0.7719
vn 0.1811 -0.5561 0.8112
vn 0.0041 -0.5666 0.8240
vn -0.1730 -0.5578 0.8117
vn -0.3506 -0.5287 0.7730
vn -0.5296 -0.4752 0.7026
vn 0.5193 -0.3333 0.7869
vn 0.3471 -0.3744 0.8598
vn 0.1759 -0.3975 0.9006
vn 0.0050 -0.4055 0.9141
vn -0.1660 -0.3991 0.9018
vn -0.3374 -0.3777 0.8623
vn -0.5102 -0.3386 0.7906
vn 0.4858 -0.1790 0.8555
vn 0.3251 -0.1995 0.9244
vn 0.1652 -0.2113 0.9634
vn 0.0056 -0.2154 0.9765
vn -0.1542 -0.2123 0.9650
vn -0.3145 -0.2015 0.9276
vn -0.4761 -0.1822 0.8603
vn 0.0148 -0.9935 -0.1128
vn -0.4941 0.4599 -0.7378
vn 0.1646 -0.9833 -0.0772
vn 0.3062 -0.9512 -0.0370
vn 0.4397 -0.8981 0.0080
vn 0.5643 -0.8235 0.0588
vn 0.6770 -0.7267 0.1167
vn 0.7723 -0.6082 0.1833
vn 0.8419 -0.4726 0.2604
vn 0.8770 -0.3304 0.3489
vn 0.8717 -0.1970 0.4487
vn 0.8258 -0.0857 0.5574
vn 0.7419 -0.0025 0.6706
vn 0.6248 0.0515 0.7791
vn 0.4841 0.0794 0.8714
vn 0.3312 0.0867 0.9396
vn 0.1754 0.0795 0.9813
vn 0.0222 0.0625 0.9978
vn -0.1263 0.0386 0.9912
vn -0.2695 0.0096 0.9630
vn -0.4074 -0.0240 0.9129
vn -0.5397 -0.0623 0.8396
vn -0.6638 -0.1061 0.7403
vn -0.7746 -0.1566 0.6128
vn -0.8624 -0.2158 0.4579
vn -0.9144 -0.2875 0.2849
vn -0.9189 -0.3774 0.1152
vn -0.8708 -0.4911 -0.0239
vn -0.7734 -0.6233 -0.1157
vn -0.6368 -0.7539 -0.1619
vn -0.4767 -0.8616 -0.1743
vn -0.3089 -0.9367 -0.1651
vn -0.1435 -0.9793 -0.1429
vn 0.5770 -0.8167 -0.0022
vn 0.4429 -0.8965 -0.0121
vn 0.4812 -0.8544 -0.1959
vn 0.6373 -0.7582 -0.1381
vn 0.2959 -0.9551 -0.0139
vn 0.3197 -0.9220 -0.2183
vn 0.1480 -0.9889 -0.0154
vn 0.1597 -0.9597 -0.2314
vn -0.0001 -0.9999 -0.0166
vn 0.0003 -0.9717 -0.2363
vn -0.1483 -0.9888 -0.0175
vn -0.1590 -0.9593 -0.2333
vn -0.2961 -0.9550 -0.0179
vn -0.3186 -0.9214 -0.2223
vn -0.4433 -0.8962 -0.0177
vn -0.4794 -0.8540 -0.2020
vn -0.5774 -0.8161 -0.0250
vn -0.6379 -0.7546 -0.1536
vn 0.5137 -0.7826 -0.3517
vn 0.6802 -0.6804 -0.2728
vn 0.3409 -0.8537 -0.3938
vn 0.1697 -0.8928 -0.4173
vn -0.0009 -0.9051 -0.4253
vn -0.1714 -0.8919 -0.4185
vn -0.3422 -0.8519 -0.3964
vn -0.5141 -0.7803 -0.3561
vn -0.6797 -0.6769 -0.2826
vn 0.5314 -0.6929 -0.4874
vn 0.7042 -0.5901 -0.3948
vn 0.3523 -0.7619 -0.5435
vn 0.1748 -0.7997 -0.5744
vn -0.0021 -0.8114 -0.5845
vn -0.1789 -0.7984 -0.5750
vn -0.3560 -0.7593 -0.5448
vn -0.5342 -0.6889 -0.4899
vn -0.7048 -0.5859 -0.4000
vn 0.5365 -0.5872 -0.6061
vn 0.7113 -0.4887 -0.5052
vn 0.3553 -0.6500 -0.6717
vn 0.1758 -0.6842 -0.7078
vn -0.0032 -0.6947 -0.7193
vn -0.1821 -0.6826 -0.7077
vn -0.3614 -0.6467 -0.6717
vn -0.5418 -0.5820 -0.6064
vn -0.7140 -0.4836 -0.5063
vn 0.5296 -0.4661 -0.7088
vn 0.7021 -0.3765 -0.6044
vn 0.3505 -0.5186 -0.7799
vn 0.1728 -0.5473 -0.8189
vn -0.0043 -0.5559 -0.8312
vn -0.1813 -0.5455 -0.8182
vn -0.3588 -0.5150 -0.7785
vn -0.5372 -0.4603 -0.7068
vn -0.7073 -0.3710 -0.6018
vn 0.5101 -0.3283 -0.7950
vn 0.6763 -0.2531 -0.6918
vn 0.3373 -0.3665 -0.8671
vn 0.1658 -0.3874 -0.9069
vn -0.0052 -0.3936 -0.9193
vn -0.1761 -0.3858 -0.9056
vn -0.3473 -0.3633 -0.8645
vn -0.5194 -0.3232 -0.7910
vn -0.6835 -0.2487 -0.6863
vn 0.4761 -0.1710 -0.8626
vn 0.6323 -0.1173 -0.7658
vn 0.3145 -0.1894 -0.9302
vn 0.1541 -0.1997 -0.9676
vn -0.0056 -0.2028 -0.9792
vn -0.1653 -0.1989 -0.9660
vn -0.3251 -0.1877 -0.9269
vn -0.4858 -0.1681 -0.8577
vn -0.6408 -0.1165 -0.7588
vn 0.4299 0.0150 -0.9028
vn 0.5644 0.0140 -0.8254
vn 0.2859 0.0159 -0.9581
vn 0.1406 0.0164 -0.9899
vn -0.0055 0.0166 -0.9998
vn -0.1521 0.0163 -0.9882
vn -0.2987 0.0157 -0.9542
vn -0.4449 0.0147 -0.8955
vn -0.5781 0.0131 -0.8158
vn -0.6375 -0.7622 0.1128
vn -0.7419 -0.6702 -0.0178
vn -0.6804 -0.6889 0.2499
vn -0.8046 -0.5816 0.1198
vn -0.7043 -0.6028 0.3749
vn -0.8391 -0.4844 0.2477
vn -0.7113 -0.5052 0.4886
vn -0.8493 -0.3794 0.3672
vn -0.7021 -0.3964 0.5915
vn -0.8367 -0.2663 0.4786
vn -0.6763 -0.2761 0.6829
vn -0.8005 -0.1444 0.5817
vn -0.6323 -0.1429 0.7614
vn -0.7374 -0.0113 0.6754
vn -0.5644 -0.0140 0.8254
vn -0.6323 0.1173 0.7658
vn -0.8028 -0.5767 -0.1518
vn -0.8809 -0.4730 -0.0153
vn -0.9240 -0.3646 0.1154
vn -0.9374 -0.2514 0.2412
vn -0.9227 -0.1329 0.3618
vn -0.8789 -0.0081 0.4769
vn -0.8006 0.1247 0.5861
vn -0.6763 0.2531 0.6918
vn -0.8370 -0.4739 -0.2735
vn -0.9225 -0.3590 -0.1417
vn -0.9699 -0.2431 -0.0119
vn -0.9853 -0.1252 0.1163
vn -0.9702 -0.0043 0.2423
vn -0.9228 0.1204 0.3660
vn -0.8367 0.2500 0.4872
vn -0.7021 0.3765 0.6044
vn -0.8483 -0.3633 -0.3853
vn -0.9349 -0.2407 -0.2608
vn -0.9835 -0.1203 -0.1352
vn -1.0000 -0.0002 -0.0080
vn -0.9854 0.1207 0.1204
vn -0.9374 0.2429 0.2494
vn -0.8493 0.3668 0.3796
vn -0.7113 0.4887 0.5052
vn -0.8373 -0.2457 -0.4884
vn -0.9202 -0.1186 -0.3732
vn -0.9671 0.0038 -0.2543
vn -0.9836 0.1240 -0.1311
vn -0.9700 0.2429 -0.0038
vn -0.9241 0.3603 0.1275
vn -0.8391 0.4759 0.2637
vn -0.7042 0.5901 0.3948
vn -0.8030 -0.1217 -0.5835
vn -0.8778 0.0074 -0.4791
vn -0.9203 0.1301 -0.3690
vn -0.9351 0.2487 -0.2526
vn -0.9226 0.3634 -0.1296
vn -0.8809 0.4732 0.0005
vn -0.8045 0.5774 0.1391
vn -0.6802 0.6804 0.2728
vn -0.7421 0.0106 -0.6702
vn -0.8031 0.1402 -0.5791
vn -0.8374 0.2614 -0.4800
vn -0.8483 0.3758 -0.3730
vn -0.8370 0.4828 -0.2575
vn -0.8027 0.5815 -0.1324
vn -0.7418 0.6706 0.0046
vn -0.6373 0.7582 0.1381
vn -0.6409 0.1409 -0.7546
vn -0.6835 0.2710 -0.6778
vn -0.7071 0.3908 -0.5893
vn -0.7138 0.5003 -0.4901
vn -0.7046 0.5991 -0.3804
vn -0.6795 0.6861 -0.2599
vn -0.6377 0.7595 -0.1283
vn -0.5770 0.8167 0.0022
vn -0.4299 -0.0150 0.9028
vn -0.4761 0.1710 0.8626
vn -0.2859 -0.0159 0.9581
vn -0.3145 0.1894 0.9302
vn -0.1406 -0.0164 0.9899
vn -0.1541 0.1997 0.9676
vn 0.0055 -0.0166 0.9998
vn 0.0056 0.2028 0.9792
vn 0.1521 -0.0163 0.9882
vn 0.1653 0.1989 0.9660
vn 0.2987 -0.0157 0.9542
vn 0.3251 0.1877 0.9269
vn 0.4449 -0.0147 0.8955
vn 0.4858 0.1681 0.8577
vn 0.5781 -0.0131 0.8158
vn 0.6408 0.1165 0.7588
vn -0.5101 0.3283 0.7950
vn -0.3373 0.3665 0.8671
vn -0.1658 0.3874 0.9069
vn 0.0051 0.3936 0.9193
vn 0.1761 0.3858 0.9056
vn 0.3473 0.3633 0.8645
vn 0.5194 0.3232 0.7910
vn 0.6835 0.2487 0.6863
vn -0.5296 0.4660 0.7088
vn -0.3505 0.5186 0.7799
vn -0.1728 0.5473 0.8189
vn 0.0043 0.5559 0.8312
vn 0.1813 0.5455 0.8182
vn 0.3587 0.5150 0.7785
vn 0.5372 0.4603 0.7068
vn 0.7073 0.3710 0.6017
vn -0.5365 0.5872 0.6061
vn -0.3553 0.6500 0.6717
vn -0.1758 0.6842 0.7078
vn 0.0032 0.6947 0.7193
vn 0.1821 0.6826 0.7077
vn 0.3614 0.6467 0.6717
vn 0.5418 0.5820 0.6064
vn 0.7140 0.4836 0.5063
vn -0.5314 0.6929 0.4874
vn -0.3523 0.7619 0.5435
vn -0.1748 0.7997 0.5744
vn 0.0021 0.8114 0.5845
vn 0.1789 0.7984 0.5750
vn 0.3560 0.7593 0.5448
vn 0.5342 0.6889 0.4899
vn 0.7048 0.5859 0.4000
vn -0.5137 0.7826 0.3517
vn -0.3409 0.8537 0.3938
vn -0.1697 0.8928 0.4173
vn 0.0009 0.9051 0.4253
vn 0.1714 0.8919 0.4185
vn 0.3422 0.8519 0.3964
vn 0.5141 0.7803 0.3561
vn 0.6797 0.6769 0.2826
vn -0.4812 0.8544 0.1959
vn -0.3197 0.9220 0.2183
vn -0.1597 0.9597 0.2314
vn -0.0003 0.9717 0.2363
vn 0.1590 0.9593 0.2333
vn 0.3186 0.9214 0.2223
vn 0.4794 0.8540 0.2020
vn 0.6379 0.7546 0.1536
vn -0.4429 0.8965 0.0121
vn -0.2959 0.9551 0.0139
vn -0.1480 0.9889 0.0154
vn 0.0001 0.9999 0.0166
vn 0.1483 0.9888 0.0175
vn 0.2962 0.9550 0.0179
vn 0.4433 0.8962 0.0177
vn 0.5774 0.8161 0.0250
vn 0.6409 -0.1409 0.7546
vn 0.7421 -0.0106 0.6702
vn 0.6835 -0.2710 0.6778
vn 0.8031 -0.1402 0.5791
vn 0.7071 -0.3908 0.5893
vn 0.8374 -0.2614 0.4800
vn 0.7138 -0.5003 0.4901
vn 0.8483 -0.3758 0.3730
vn 0.7046 -0.5991 0.3804
vn 0.8370 -0.4828 0.2575
vn 0.6795 -0.6861 0.2599
vn 0.8027 -0.5815 0.1324
vn 0.6377 -0.7595 0.1283
vn 0.7418 -0.6706 -0.0046
vn 0.8030 0.1217 0.5835
vn 0.8778 -0.0074 0.4791
vn 0.9203 -0.1301 0.3690
vn 0.9351 -0.2487 0.2526
vn 0.9226 -0.3634 0.1296
vn 0.8809 -0.4732 -0.0005
vn 0.8045 -0.5774 -0.1391
vn 0.8373 0.2457 0.4884
vn 0.9201 0.1186 0.3732
vn 0.9671 -0.0038 0.2543
vn 0.9836 -0.1240 0.1311
vn 0.9700 -0.2429 0.0038
vn 0.9241 -0.3603 -0.1275
vn 0.8391 -0.4759 -0.2637
vn 0.8483 0.3633 0.3853
vn 0.9349 0.2407 0.2608
vn 0.9835 0.1203 0.1352
vn 1.0000 0.0002 0.0080
vn 0.9854 -0.1207 -0.1203
vn 0.9374 -0.2429 -0.2494
vn 0.8493 -0.3668 -0.3796
vn 0.8370 0.4739 0.2735
vn 0.9225 0.3590 0.1417
vn 0.9699 0.2431 0.0119
vn 0.9853 0.1252 -0.1163
vn 0.9702 0.0043 -0.2423
vn 0.9228 -0.1204 -0.3660
vn 0.8367 -0.2500 -0.4872
vn 0.8028 0.5767 0.1518
vn 0.8809 0.4730 0.0153
vn 0.9240 0.3646 -0.1154
vn 0.9374 0.2514 -0.2412
vn 0.9227 0.1329 -0.3618
vn 0.8789 0.0081 -0.4769
vn 0.8006 -0.1247 -0.5861
vn 0.7419 0.6702 0.0178
vn 0.8046 0.5816 -0.1198
vn 0.8391 0.4844 -0.2477
vn 0.8493 0.3794 -0.3672
vn 0.8367 0.2663 -0.4786
vn 0.8005 0.1444 -0.5817
vn 0.7374 0.0113 -0.6754
vn 0.6375 0.7622 -0.1128
vn 0.6804 0.6889 -0.2499
vn 0.7043 0.6028 -0.3749
vn 0.7113 0.5052 -0.4886
vn 0.7021 0.3964 -0.5915
vn 0.6763 0.2761 -0.6829
vn 0.6323 0.1429 -0.7614
vn 0.4858 -0.1961 0.8518
vn 0.3251 -0.2181 0.9202
vn 0.1652 -0.2307 0.9589
vn 0.0056 -0.2351 0.9719
vn -0.1542 -0.2318 0.9605
vn -0.3146 -0.2203 0.9233
vn -0.4761 -0.1996 0.8564
vn 0.5192 -0.3492 0.7801
vn 0.3470 -0.3917 0.8521
vn 0.1758 -0.4156 0.8924
vn 0.0049 -0.4239 0.9057
vn -0.1660 -0.4173 0.8935
vn -0.3375 -0.3951 0.8544
vn -0.5102 -0.3546 0.7836
vn 0.5369 -0.4835 0.6913
vn 0.3584 -0.5406 0.7611
vn 0.1810 -0.5724 0.7998
vn 0.0040 -0.5832 0.8124
vn -0.1731 -0.5741 0.8003
vn -0.3507 -0.5442 0.7621
vn -0.5297 -0.4893 0.6928
vn 0.5415 -0.6019 0.5869
vn 0.3611 -0.6687 0.6500
vn 0.1818 -0.7057 0.6848
vn 0.0029 -0.7181 0.6959
vn -0.1760 -0.7073 0.6846
vn -0.3555 -0.6719 0.6497
vn -0.5366 -0.6070 0.5861
vn 0.5339 -0.7049 0.4669
vn 0.3557 -0.7770 0.5194
vn 0.1785 -0.8170 0.5482
vn 0.0018 -0.8303 0.5573
vn -0.1750 -0.8183 0.5475
vn -0.3525 -0.7795 0.5178
vn -0.5316 -0.7086 0.4640
vn 0.5139 -0.7918 0.3300
vn 0.3419 -0.8647 0.3679
vn 0.1711 -0.9053 0.3887
vn 0.0007 -0.9187 0.3950
vn -0.1699 -0.9061 0.3874
vn -0.3411 -0.8662 0.3652
vn -0.5139 -0.7938 0.3254
vn 0.4792 -0.8604 0.1735
vn 0.3184 -0.9284 0.1915
vn 0.1588 -0.9666 0.2013
vn -0.0006 -0.9790 0.2038
vn -0.1599 -0.9668 0.1993
vn -0.3199 -0.9287 0.1875
vn -0.4814 -0.8604 0.1673
vn 0.4761 0.1996 -0.8564
vn 0.3146 0.2203 -0.9233
vn 0.1542 0.2318 -0.9605
vn -0.0056 0.2351 -0.9719
vn -0.1652 0.2307 -0.9589
vn -0.3251 0.2181 -0.9202
vn -0.4858 0.1961 -0.8518
vn 0.5102 0.3546 -0.7836
vn 0.3375 0.3951 -0.8544
vn 0.1660 0.4173 -0.8935
vn -0.0049 0.4239 -0.9057
vn -0.1758 0.4156 -0.8924
vn -0.3470 0.3917 -0.8521
vn -0.5192 0.3492 -0.7801
vn 0.5297 0.4893 -0.6928
vn 0.3506 0.5442 -0.7621
vn 0.1731 0.5741 -0.8003
vn -0.0040 0.5832 -0.8123
vn -0.1810 0.5724 -0.7998
vn -0.3584 0.5406 -0.7611
vn -0.5369 0.4835 -0.6913
vn 0.5366 0.6070 -0.5861
vn 0.3555 0.6719 -0.6497
vn 0.1760 0.7073 -0.6846
vn -0.0029 0.7181 -0.6959
vn -0.1818 0.7057 -0.6848
vn -0.3611 0.6687 -0.6500
vn -0.5415 0.6019 -0.5869
vn 0.5316 0.7086 -0.4640
vn 0.3525 0.7795 -0.5178
vn 0.1750 0.8183 -0.5475
vn -0.0018 0.8303 -0.5573
vn -0.1785 0.8170 -0.5482
vn -0.3557 0.7770 -0.5194
vn -0.5339 0.7049 -0.4669
vn 0.5139 0.7938 -0.3254
vn 0.3411 0.8662 -0.3652
vn 0.1699 0.9061 -0.3874
vn -0.0006 0.9187 -0.3950
vn -0.1711 0.9053 -0.3887
vn -0.3419 0.8647 -0.3679
vn -0.5139 0.7918 -0.3300
vn 0.4814 0.8604 -0.1673
vn 0.3199 0.9287 -0.1875
vn 0.1599 0.9668 -0.1994
vn 0.0006 0.9790 -0.2038
vn -0.1588 0.9666 -0.2013
vn -0.3184 0.9284 -0.1915
vn -0.4792 0.8604 -0.1735
vn 0.0154 0.9935 -0.1126
vn 0.1653 0.9832 -0.0777
vn -0.5019 -0.4586 -0.7334
vn 0.3070 0.9510 -0.0379
vn 0.4407 0.8976 0.0068
vn 0.5653 0.8228 0.0576
vn 0.6780 0.7259 0.1156
vn 0.7730 0.6076 0.1827
vn 0.8419 0.4726 0.2604
vn 0.8762 0.3316 0.3497
vn 0.8703 0.1997 0.4502
vn 0.8241 0.0895 0.5593
vn 0.7402 0.0068 0.6724
vn 0.6234 -0.0474 0.7805
vn 0.4832 -0.0759 0.8722
vn 0.3309 -0.0842 0.9399
vn 0.1756 -0.0782 0.9814
vn 0.0225 -0.0622 0.9978
vn -0.1260 -0.0394 0.9912
vn -0.2695 -0.0111 0.9629
vn -0.4079 0.0218 0.9128
vn -0.5406 0.0597 0.8392
vn -0.6651 0.1033 0.7396
vn -0.7761 0.1538 0.6116
vn -0.8637 0.2134 0.4565
vn -0.9153 0.2859 0.2838
vn -0.9189 0.3772 0.1152
vn -0.8701 0.4924 -0.0224
vn -0.7721 0.6254 -0.1132
vn -0.6351 0.7559 -0.1590
vn -0.4753 0.8629 -0.1717
vn -0.3078 0.9373 -0.1633
vn -0.1427 0.9795 -0.1419
vn 0.5772 0.8166 -0.0021
vn 0.6374 0.7581 -0.1380
vn 0.4813 0.8544 -0.1959
vn 0.4431 0.8964 -0.0121
vn 0.3198 0.9220 -0.2183
vn 0.2960 0.9551 -0.0139
vn 0.1598 0.9596 -0.2314
vn 0.1482 0.9888 -0.0155
vn 0.0004 0.9717 -0.2363
vn -0.0000 0.9999 -0.0167
vn -0.1589 0.9593 -0.2334
vn -0.1481 0.9888 -0.0175
vn -0.3185 0.9215 -0.2223
vn -0.2960 0.9550 -0.0179
vn -0.4793 0.8541 -0.2020
vn -0.4431 0.8963 -0.0177
vn -0.6378 0.7548 -0.1536
vn -0.5772 0.8162 -0.0250
vn 0.6803 0.6803 -0.2727
vn 0.5138 0.7826 -0.3516
vn 0.3410 0.8536 -0.3938
vn 0.1698 0.8928 -0.4173
vn -0.0008 0.9051 -0.4253
vn -0.1712 0.8919 -0.4186
vn -0.3420 0.8520 -0.3964
vn -0.5140 0.7804 -0.3562
vn -0.6796 0.6770 -0.2826
vn 0.7043 0.5901 -0.3947
vn 0.5314 0.6929 -0.4873
vn 0.3524 0.7619 -0.5434
vn 0.1749 0.7997 -0.5744
vn -0.0020 0.8114 -0.5845
vn -0.1787 0.7984 -0.5750
vn -0.3558 0.7593 -0.5449
vn -0.5341 0.6890 -0.4900
vn -0.7046 0.5860 -0.4001
vn 0.7113 0.4887 -0.5052
vn 0.5365 0.5873 -0.6060
vn 0.3554 0.6500 -0.6717
vn 0.1759 0.6842 -0.7078
vn -0.0031 0.6946 -0.7193
vn -0.1820 0.6826 -0.7078
vn -0.3613 0.6467 -0.6718
vn -0.5416 0.5820 -0.6065
vn -0.7139 0.4837 -0.5064
vn 0.7021 0.3765 -0.6044
vn 0.5296 0.4661 -0.7087
vn 0.3505 0.5187 -0.7798
vn 0.1729 0.5473 -0.8189
vn -0.0042 0.5559 -0.8312
vn -0.1812 0.5455 -0.8183
vn -0.3586 0.5150 -0.7785
vn -0.5370 0.4603 -0.7069
vn -0.7072 0.3710 -0.6019
vn 0.6763 0.2532 -0.6918
vn 0.5101 0.3284 -0.7949
vn 0.3374 0.3666 -0.8671
vn 0.1659 0.3874 -0.9068
vn -0.0051 0.3936 -0.9193
vn -0.1760 0.3858 -0.9056
vn -0.3472 0.3633 -0.8646
vn -0.5193 0.3232 -0.7911
vn -0.6835 0.2486 -0.6863
vn 0.6323 0.1175 -0.7658
vn 0.4761 0.1711 -0.8626
vn 0.3145 0.1895 -0.9301
vn 0.1542 0.1998 -0.9676
vn -0.0056 0.2028 -0.9792
vn -0.1652 0.1989 -0.9660
vn -0.3251 0.1876 -0.9269
vn -0.4858 0.1680 -0.8578
vn -0.6408 0.1162 -0.7588
vn 0.5644 -0.0137 -0.8254
vn 0.4299 -0.0149 -0.9028
vn 0.2859 -0.0159 -0.9581
vn 0.1406 -0.0164 -0.9899
vn -0.0055 -0.0165 -0.9998
vn -0.1521 -0.0163 -0.9882
vn -0.2987 -0.0158 -0.9542
vn -0.4449 -0.0148 -0.8955
vn -0.5781 -0.0135 -0.8158
vn -0.7419 0.6703 -0.0178
vn -0.6374 0.7622 0.1128
vn -0.8046 0.5817 0.1198
vn -0.6803 0.6890 0.2500
vn -0.8391 0.4844 0.2477
vn -0.7043 0.6028 0.3749
vn -0.8493 0.3793 0.3672
vn -0.7113 0.5052 0.4887
vn -0.8367 0.2662 0.4786
vn -0.7021 0.3964 0.5915
vn -0.8005 0.1442 0.5817
vn -0.6763 0.2760 0.6830
vn -0.7374 0.0112 0.6754
vn -0.6323 0.1428 0.7615
vn -0.6323 -0.1175 0.7658
vn -0.5644 0.0137 0.8254
vn -0.8027 0.5767 -0.1517
vn -0.8809 0.4730 -0.0153
vn -0.9240 0.3645 0.1155
vn -0.9374 0.2512 0.2412
vn -0.9228 0.1326 0.3618
vn -0.8789 0.0079 0.4769
vn -0.8005 -0.1249 0.5861
vn -0.6763 -0.2532 0.6918
vn -0.8370 0.4740 -0.2735
vn -0.9225 0.3590 -0.1417
vn -0.9700 0.2428 -0.0119
vn -0.9853 0.1249 0.1163
vn -0.9702 0.0040 0.2423
vn -0.9228 -0.1206 0.3660
vn -0.8367 -0.2502 0.4872
vn -0.7021 -0.3765 0.6044
vn -0.8483 0.3633 -0.3853
vn -0.9350 0.2404 -0.2608
vn -0.9835 0.1199 -0.1352
vn -1.0000 -0.0001 -0.0079
vn -0.9853 -0.1210 0.1204
vn -0.9374 -0.2431 0.2494
vn -0.8493 -0.3669 0.3796
vn -0.7113 -0.4887 0.5052
vn -0.8373 0.2456 -0.4885
vn -0.9202 0.1182 -0.3732
vn -0.9671 -0.0042 -0.2543
vn -0.9835 -0.1243 -0.1311
vn -0.9700 -0.2431 -0.0038
vn -0.9240 -0.3604 0.1275
vn -0.8391 -0.4759 0.2636
vn -0.7043 -0.5901 0.3947
vn -0.8030 0.1214 -0.5835
vn -0.8777 -0.0079 -0.4791
vn -0.9202 -0.1304 -0.3690
vn -0.9350 -0.2489 -0.2526
vn -0.9226 -0.3634 -0.1296
vn -0.8809 -0.4732 0.0005
vn -0.8045 -0.5774 0.1391
vn -0.6803 -0.6803 0.2727
vn -0.7421 -0.0110 -0.6702
vn -0.8030 -0.1405 -0.5791
vn -0.8374 -0.2616 -0.4800
vn -0.8483 -0.3758 -0.3730
vn -0.8370 -0.4828 -0.2575
vn -0.8027 -0.5815 -0.1324
vn -0.7419 -0.6705 0.0046
vn -0.6374 -0.7581 0.1380
vn -0.6409 -0.1412 -0.7546
vn -0.6835 -0.2711 -0.6777
vn -0.7072 -0.3907 -0.5892
vn -0.7139 -0.5002 -0.4900
vn -0.7047 -0.5990 -0.3803
vn -0.6796 -0.6860 -0.2599
vn -0.6378 -0.7594 -0.1284
vn -0.5772 -0.8166 0.0021
vn -0.4761 -0.1711 0.8626
vn -0.4299 0.0149 0.9028
vn -0.3145 -0.1895 0.9301
vn -0.2859 0.0159 0.9581
vn -0.1542 -0.1998 0.9676
vn -0.1406 0.0164 0.9899
vn 0.0056 -0.2028 0.9792
vn 0.0055 0.0165 0.9998
vn 0.1652 -0.1989 0.9660
vn 0.1521 0.0163 0.9882
vn 0.3251 -0.1876 0.9269
vn 0.2987 0.0158 0.9542
vn 0.4858 -0.1680 0.8578
vn 0.4449 0.0148 0.8954
vn 0.6408 -0.1162 0.7588
vn 0.5781 0.0135 0.8158
vn -0.5101 -0.3284 0.7949
vn -0.3374 -0.3665 0.8671
vn -0.1659 -0.3874 0.9069
vn 0.0051 -0.3936 0.9193
vn 0.1760 -0.3858 0.9056
vn 0.3472 -0.3633 0.8646
vn 0.5193 -0.3232 0.7911
vn 0.6835 -0.2486 0.6863
vn -0.5296 -0.4661 0.7087
vn -0.3505 -0.5187 0.7798
vn -0.1729 -0.5473 0.8189
vn 0.0042 -0.5559 0.8312
vn 0.1812 -0.5455 0.8183
vn 0.3586 -0.5150 0.7785
vn 0.5370 -0.4603 0.7069
vn 0.7072 -0.3710 0.6019
vn -0.5365 -0.5873 0.6060
vn -0.3554 -0.6500 0.6717
vn -0.1759 -0.6842 0.7078
vn 0.0031 -0.6947 0.7193
vn 0.1820 -0.6826 0.7078
vn 0.3613 -0.6467 0.6718
vn 0.5416 -0.5820 0.6065
vn 0.7139 -0.4837 0.5064
vn -0.5314 -0.6929 0.4873
vn -0.3524 -0.7619 0.5434
vn -0.1749 -0.7997 0.5744
vn 0.0020 -0.8114 0.5845
vn 0.1787 -0.7984 0.5750
vn 0.3558 -0.7593 0.5449
vn 0.5341 -0.6890 0.4900
vn 0.7046 -0.5860 0.4001
vn -0.5138 -0.7826 0.3516
vn -0.3410 -0.8536 0.3938
vn -0.1698 -0.8928 0.4173
vn 0.0008 -0.9051 0.4253
vn 0.1712 -0.8919 0.4186
vn 0.3420 -0.8520 0.3965
vn 0.5140 -0.7804 0.3562
vn 0.6796 -0.6770 0.2826
vn -0.4813 -0.8544 0.1959
vn -0.3198 -0.9220 0.2183
vn -0.1598 -0.9596 0.2314
vn -0.0004 -0.9717 0.2363
vn 0.1589 -0.9593 0.2334
vn 0.3185 -0.9215 0.2223
vn 0.4793 -0.8541 0.2020
vn 0.6378 -0.7548 0.1536
vn -0.4431 -0.8964 0.0121
vn -0.2960 -0.9551 0.0139
vn -0.1482 -0.9888 0.0155
vn -0.0000 -0.9999 0.0167
vn 0.1481 -0.9888 0.0175
vn 0.2960 -0.9550 0.0179
vn 0.4431 -0.8963 0.0177
vn 0.5772 -0.8162 0.0250
vn 0.7421 0.0110 0.6702
vn 0.6409 0.1412 0.7546
vn 0.8030 0.1405 0.5791
vn 0.6835 0.2711 0.6777
vn 0.8374 0.2616 0.4800
vn 0.7072 0.3907 0.5892
vn 0.8483 0.3758 0.3730
vn 0.7139 0.5002 0.4900
vn 0.8370 0.4828 0.2575
vn 0.7047 0.5990 0.3803
vn 0.8027 0.5815 0.1324
vn 0.6796 0.6860 0.2599
vn 0.7419 0.6705 -0.0046
vn 0.6378 0.7594 0.1284
vn 0.8030 -0.1214 0.5835
vn 0.8777 0.0079 0.4791
vn 0.9202 0.1304 0.3690
vn 0.9350 0.2489 0.2526
vn 0.9226 0.3634 0.1296
vn 0.8809 0.4732 -0.0005
vn 0.8045 0.5774 -0.1391
vn 0.8373 -0.2456 0.4885
vn 0.9202 -0.1182 0.3732
vn 0.9671 0.0042 0.2543
vn 0.9835 0.1243 0.1311
vn 0.9700 0.2431 0.0038
vn 0.9240 0.3604 -0.1275
vn 0.8391 0.4759 -0.2636
vn 0.8483 -0.3633 0.3853
vn 0.9350 -0.2404 0.2608
vn 0.9835 -0.1199 0.1352
vn 1.0000 0.0001 0.0079
vn 0.9853 0.1210 -0.1204
vn 0.9374 0.2431 -0.2494
vn 0.8493 0.3669 -0.3796
vn 0.8370 -0.4740 0.2735
vn 0.9225 -0.3590 0.1417
vn 0.9700 -0.2428 0.0119
vn 0.9853 -0.1249 -0.1163
vn 0.9702 -0.0040 -0.2423
vn 0.9228 0.1206 -0.3660
vn 0.8367 0.2502 -0.4872
vn 0.8027 -0.5767 0.1517
vn 0.8809 -0.4730 0.0153
vn 0.9240 -0.3645 -0.1155
vn 0.9374 -0.2512 -0.2412
vn 0.9228 -0.1326 -0.3618
vn 0.8789 -0.0079 -0.4769
vn 0.8005 0.1249 -0.5861
vn 0.7419 -0.6703 0.0178
vn 0.8046 -0.5817 -0.1198
vn 0.8391 -0.4844 -0.2477
vn 0.8493 -0.3793 -0.3672
vn 0.8367 -0.2662 -0.4786
vn 0.8005 -0.1442 -0.5817
vn 0.7374 -0.0112 -0.6754
vn 0.6374 -0.7622 -0.1128
vn 0.6803 -0.6890 -0.2500
vn 0.7043 -0.6028 -0.3749
vn 0.7113 -0.5052 -0.4887
vn 0.7021 -0.3964 -0.5915
vn 0.6763 -0.2760 -0.6830
vn 0.6323 -0.1428 -0.7615
vn 0.4858 0.1963 0.8517
vn 0.3251 0.2181 0.9202
vn 0.1652 0.2307 0.9589
vn 0.0056 0.2351 0.9720
vn -0.1542 0.2317 0.9605
vn -0.3145 0.2202 0.9234
vn -0.4762 0.1996 0.8564
vn 0.5193 0.3492 0.7800
vn 0.3471 0.3917 0.8521
vn 0.1759 0.4156 0.8924
vn 0.0050 0.4239 0.9057
vn -0.1660 0.4173 0.8935
vn -0.3374 0.3951 0.8544
vn -0.5102 0.3545 0.7836
vn 0.5370 0.4835 0.6912
vn 0.3586 0.5406 0.7610
vn 0.1812 0.5724 0.7997
vn 0.0041 0.5832 0.8124
vn -0.1730 0.5741 0.8003
vn -0.3506 0.5442 0.7622
vn -0.5296 0.4893 0.6929
vn 0.5417 0.6019 0.5868
vn 0.3612 0.6687 0.6499
vn 0.1820 0.7057 0.6847
vn 0.0031 0.7181 0.6959
vn -0.1759 0.7073 0.6847
vn -0.3555 0.6719 0.6497
vn -0.5366 0.6070 0.5862
vn 0.5341 0.7049 0.4668
vn 0.3558 0.7770 0.5193
vn 0.1787 0.8170 0.5482
vn 0.0019 0.8303 0.5573
vn -0.1749 0.8183 0.5475
vn -0.3524 0.7795 0.5178
vn -0.5315 0.7087 0.4640
vn 0.5140 0.7918 0.3300
vn 0.3421 0.8647 0.3679
vn 0.1713 0.9053 0.3887
vn 0.0008 0.9187 0.3950
vn -0.1698 0.9061 0.3874
vn -0.3410 0.8662 0.3652
vn -0.5138 0.7938 0.3254
vn 0.4793 0.8603 0.1735
vn 0.3185 0.9284 0.1915
vn 0.1589 0.9666 0.2013
vn -0.0004 0.9790 0.2038
vn -0.1598 0.9668 0.1993
vn -0.3198 0.9287 0.1875
vn -0.4813 0.8604 0.1673
vn 0.4761 -0.1996 -0.8564
vn 0.3145 -0.2202 -0.9234
vn 0.1542 -0.2317 -0.9605
vn -0.0056 -0.2351 -0.9720
vn -0.1652 -0.2307 -0.9589
vn -0.3251 -0.2181 -0.9202
vn -0.4858 -0.1963 -0.8517
vn 0.5102 -0.3545 -0.7836
vn 0.3374 -0.3951 -0.8544
vn 0.1660 -0.4173 -0.8935
vn -0.0050 -0.4239 -0.9057
vn -0.1759 -0.4156 -0.8924
vn -0.3472 -0.3917 -0.8521
vn -0.5193 -0.3492 -0.7800
vn 0.5296 -0.4893 -0.6929
vn 0.3506 -0.5442 -0.7622
vn 0.1730 -0.5741 -0.8003
vn -0.0041 -0.5832 -0.8124
vn -0.1812 -0.5724 -0.7997
vn -0.3586 -0.5406 -0.7610
vn -0.5370 -0.4835 -0.6912
vn 0.5366 -0.6070 -0.5862
vn 0.3555 -0.6719 -0.6497
vn 0.1759 -0.7073 -0.6847
vn -0.0031 -0.7181 -0.6959
vn -0.1820 -0.7057 -0.6847
vn -0.3612 -0.6687 -0.6499
vn -0.5417 -0.6019 -0.5868
vn 0.5315 -0.7087 -0.4640
vn 0.3524 -0.7795 -0.5178
vn 0.1749 -0.8183 -0.5475
vn -0.0019 -0.8303 -0.5573
vn -0.1787 -0.8170 -0.5482
vn -0.3558 -0.7770 -0.5193
vn -0.5341 -0.7049 -0.4668
vn 0.5138 -0.7938 -0.3254
vn 0.3410 -0.8662 -0.3652
vn 0.1698 -0.9061 -0.3874
vn -0.0008 -0.9187 -0.3950
vn -0.1713 -0.9053 -0.3887
vn -0.3421 -0.8647 -0.3679
vn -0.5140 -0.7918 -0.3300
vn 0.4813 -0.8604 -0.1673
vn 0.3198 -0.9287 -0.1875
vn 0.1598 -0.9668 -0.1993
vn 0.0004 -0.9790 -0.2038
vn -0.1589 -0.9666 -0.2013
vn -0.3185 -0.9284 -0.1915
vn -0.4793 -0.8603 -0.1735
vn 0.0230 -0.7296 0.6835
vn -0.5635 0.0055 -0.8261
vn 0.1645 -0.7127 0.6819
vn 0.3037 -0.6766 0.6708
vn 0.4391 -0.6194 0.6507
vn 0.5670 -0.5388 0.6230
vn 0.6808 -0.4335 0.5904
vn 0.7712 -0.3053 0.5586
vn 0.8293 -0.1604 0.5353
vn 0.8496 -0.0078 0.5274
vn 0.8307 0.1445 0.5376
vn 0.7739 0.2888 0.5636
vn 0.6841 0.4165 0.5988
vn 0.5700 0.5210 0.6353
vn 0.4413 0.6005 0.6668
vn 0.3049 0.6564 0.6901
vn 0.1650 0.6909 0.7039
vn 0.0232 0.7062 0.7076
vn -0.1201 0.7032 0.7008
vn -0.2652 0.6810 0.6826
vn -0.4114 0.6373 0.6516
vn -0.5560 0.5682 0.6067
vn -0.6925 0.4690 0.5481
vn -0.8090 0.3368 0.4818
vn -0.8892 0.1747 0.4228
vn -0.9189 -0.0062 0.3944
vn -0.8923 -0.1885 0.4103
vn -0.8140 -0.3539 0.4605
vn -0.6979 -0.4898 0.5225
vn -0.5605 -0.5918 0.5794
vn -0.4144 -0.6623 0.6242
vn -0.2668 -0.7063 0.6558
vn -0.1207 -0.7278 0.6751
vn 0.5790 -0.5793 0.5737
vn 0.4448 -0.6408 0.6257
vn 0.4837 -0.7408 0.4661
vn 0.6398 -0.6317 0.4377
vn 0.2977 -0.6838 0.6661
vn 0.3223 -0.8048 0.4984
vn 0.1502 -0.7089 0.6891
vn 0.1623 -0.8410 0.5161
vn 0.0026 -0.7177 0.6963
vn 0.0028 -0.8533 0.5214
vn -0.1447 -0.7108 0.6884
vn -0.1567 -0.8427 0.5150
vn -0.2914 -0.6878 0.6649
vn -0.3165 -0.8084 0.4963
vn -0.4366 -0.6473 0.6248
vn -0.4774 -0.7467 0.4632
vn -0.5700 -0.5956 0.5660
vn -0.6346 -0.6410 0.4317
vn 0.5162 -0.8001 0.3057
vn 0.6822 -0.6719 0.2885
vn 0.3436 -0.8807 0.3262
vn 0.1724 -0.9255 0.3373
vn 0.0017 -0.9402 0.3405
vn -0.1688 -0.9265 0.3362
vn -0.3398 -0.8830 0.3239
vn -0.5118 -0.8042 0.3021
vn -0.6775 -0.6785 0.2839
vn 0.5337 -0.8329 0.1465
vn 0.7056 -0.6948 0.1392
vn 0.3549 -0.9219 0.1555
vn 0.1776 -0.9710 0.1603
vn 0.0008 -0.9869 0.1615
vn -0.1760 -0.9714 0.1591
vn -0.3531 -0.9230 0.1531
vn -0.5316 -0.8349 0.1426
vn -0.7030 -0.6982 0.1353
vn 0.5386 -0.8425 -0.0120
vn 0.7123 -0.7018 -0.0099
vn 0.3579 -0.9336 -0.0143
vn 0.1787 -0.9838 -0.0158
vn -0.1789 -0.9837 -0.0169
vn -0.3582 -0.9335 -0.0167
vn -0.5388 -0.8423 -0.0160
vn -0.7124 -0.7017 -0.0135
vn 0.5314 -0.8298 -0.1703
vn 0.7029 -0.6933 -0.1586
vn 0.3529 -0.9174 -0.1837
vn 0.1757 -0.9657 -0.1913
vn -0.0010 -0.9810 -0.1942
vn -0.1778 -0.9650 -0.1925
vn -0.3552 -0.9161 -0.1861
vn -0.5339 -0.8274 -0.1741
vn -0.7058 -0.6896 -0.1622
vn 0.5117 -0.7938 -0.3287
vn 0.6774 -0.6687 -0.3066
vn 0.3396 -0.8718 -0.3531
vn 0.1686 -0.9149 -0.3668
vn -0.0020 -0.9284 -0.3716
vn -0.1726 -0.9137 -0.3679
vn -0.3438 -0.8693 -0.3552
vn -0.5164 -0.7894 -0.3320
vn -0.6824 -0.6618 -0.3106
vn 0.4773 -0.7309 -0.4879
vn 0.6344 -0.6262 -0.4532
vn 0.3164 -0.7915 -0.5230
vn 0.1565 -0.8252 -0.5428
vn -0.0030 -0.8355 -0.5495
vn -0.1625 -0.8234 -0.5437
vn -0.3226 -0.7878 -0.5247
vn -0.4839 -0.7248 -0.4904
vn -0.6400 -0.6167 -0.4582
vn 0.4360 -0.6263 -0.6462
vn 0.5694 -0.5764 -0.5861
vn 0.2909 -0.6654 -0.6875
vn 0.1443 -0.6876 -0.7116
vn -0.0029 -0.6942 -0.7198
vn -0.1504 -0.6856 -0.7122
vn -0.2979 -0.6613 -0.6884
vn -0.4449 -0.6197 -0.6465
vn -0.5790 -0.5603 -0.5923
vn -0.6339 -0.4599 0.6218
vn -0.7391 -0.4862 0.4662
vn -0.6777 -0.3109 0.6664
vn -0.8024 -0.3267 0.4994
vn -0.7027 -0.1614 0.6929
vn -0.8382 -0.1677 0.5189
vn -0.7108 -0.0117 0.7033
vn -0.8498 -0.0087 0.5271
vn -0.7026 0.1383 0.6980
vn -0.8381 0.1504 0.5244
vn -0.6775 0.2885 0.6766
vn -0.8022 0.3099 0.5103
vn -0.6337 0.4389 0.6370
vn -0.7389 0.4704 0.4824
vn -0.5694 0.5764 0.5861
vn -0.6344 0.6262 0.4532
vn -0.8012 -0.5145 0.3055
vn -0.8799 -0.3444 0.3273
vn -0.9239 -0.1751 0.3402
vn -0.9381 -0.0058 0.3463
vn -0.9238 0.1636 0.3461
vn -0.8798 0.3332 0.3389
vn -0.8011 0.5040 0.3228
vn -0.6774 0.6687 0.3066
vn -0.8366 -0.5278 0.1465
vn -0.9227 -0.3519 0.1571
vn -0.9705 -0.1772 0.1636
vn -0.9859 -0.0029 0.1675
vn -0.9705 0.1715 0.1696
vn -0.9227 0.3463 0.1691
vn -0.8366 0.5226 0.1643
vn -0.7029 0.6933 0.1586
vn -0.8489 -0.5285 -0.0119
vn -0.9364 -0.3508 -0.0120
vn -0.9845 -0.1750 -0.0118
vn -0.9846 0.1749 -0.0057
vn -0.9365 0.3508 -0.0000
vn -0.8489 0.5285 0.0060
vn -0.7123 0.7018 0.0099
vn -0.8387 -0.5174 -0.1701
vn -0.9224 -0.3416 -0.1804
vn -0.9680 -0.1686 -0.1856
vn -0.9826 0.0027 -0.1856
vn -0.9682 0.1741 -0.1797
vn -0.9225 0.3471 -0.1686
vn -0.8387 0.5228 -0.1526
vn -0.7056 0.6948 -0.1392
vn -0.8046 -0.4947 -0.3284
vn -0.8794 -0.3249 -0.3479
vn -0.9202 -0.1586 -0.3577
vn -0.9333 0.0055 -0.3591
vn -0.9204 0.1697 -0.3522
vn -0.8796 0.3360 -0.3369
vn -0.8046 0.5054 -0.3117
vn -0.6822 0.6719 -0.2885
vn -0.7426 -0.4597 -0.4870
vn -0.8025 -0.3011 -0.5151
vn -0.8362 -0.1455 -0.5287
vn -0.8471 0.0084 -0.5313
vn -0.8362 0.1623 -0.5238
vn -0.8025 0.3176 -0.5050
vn -0.7426 0.4756 -0.4716
vn -0.6398 0.6317 -0.4377
vn -0.6395 -0.4257 -0.6402
vn -0.6819 -0.2802 -0.6756
vn -0.7070 -0.1344 -0.6943
vn -0.7153 0.0113 -0.6987
vn -0.7068 0.1568 -0.6898
vn -0.6817 0.3021 -0.6664
vn -0.6393 0.4463 -0.6261
vn -0.5790 0.5793 -0.5737
vn -0.4360 0.6263 0.6462
vn -0.4773 0.7309 0.4879
vn -0.2909 0.6654 0.6875
vn -0.3164 0.7915 0.5230
vn -0.1443 0.6876 0.7116
vn -0.1565 0.8252 0.5428
vn 0.0029 0.6942 0.7198
vn 0.0030 0.8355 0.5495
vn 0.1504 0.6856 0.7122
vn 0.1625 0.8234 0.5437
vn 0.2979 0.6613 0.6884
vn 0.3226 0.7878 0.5247
vn 0.4449 0.6197 0.6465
vn 0.4839 0.7248 0.4904
vn 0.5790 0.5603 0.5923
vn 0.6400 0.6167 0.4582
vn -0.5117 0.7938 0.3287
vn -0.3396 0.8718 0.3531
vn -0.1686 0.9149 0.3668
vn 0.0020 0.9284 0.3716
vn 0.1726 0.9137 0.3679
vn 0.3438 0.8693 0.3552
vn 0.5164 0.7894 0.3320
vn 0.6824 0.6618 0.3106
vn -0.5314 0.8298 0.1703
vn -0.3529 0.9174 0.1837
vn -0.1757 0.9657 0.1913
vn 0.0010 0.9810 0.1942
vn 0.1778 0.9650 0.1925
vn 0.3552 0.9161 0.1861
vn 0.5339 0.8274 0.1741
vn 0.7058 0.6896 0.1622
vn -0.5386 0.8425 0.0120
vn -0.3579 0.9336 0.0143
vn -0.1787 0.9838 0.0158
vn 0.1789 0.9837 0.0169
vn 0.3582 0.9335 0.0167
vn 0.5388 0.8423 0.0160
vn 0.7124 0.7017 0.0135
vn -0.5337 0.8329 -0.1465
vn -0.3549 0.9219 -0.1555
vn -0.1776 0.9710 -0.1603
vn -0.0008 0.9869 -0.1615
vn 0.1760 0.9714 -0.1591
vn 0.3531 0.9230 -0.1531
vn 0.5316 0.8349 -0.1426
vn 0.7030 0.6982 -0.1352
vn -0.5162 0.8001 -0.3057
vn -0.3436 0.8807 -0.3262
vn -0.1724 0.9255 -0.3373
vn -0.0017 0.9402 -0.3405
vn 0.1688 0.9265 -0.3362
vn 0.3398 0.8830 -0.3239
vn 0.5118 0.8042 -0.3021
vn 0.6776 0.6785 -0.2839
vn -0.4837 0.7408 -0.4661
vn -0.3223 0.8048 -0.4984
vn -0.1623 0.8410 -0.5161
vn -0.0028 0.8533 -0.5214
vn 0.1567 0.8427 -0.5150
vn 0.3165 0.8084 -0.4963
vn 0.4774 0.7467 -0.4632
vn 0.6346 0.6410 -0.4317
vn -0.4448 0.6408 -0.6257
vn -0.2977 0.6838 -0.6661
vn -0.1502 0.7089 -0.6891
vn -0.0026 0.7177 -0.6963
vn 0.1447 0.7108 -0.6884
vn 0.2914 0.6878 -0.6649
vn 0.4366 0.6473 -0.6248
vn 0.5700 0.5956 -0.5660
vn 0.6395 0.4257 0.6402
vn 0.7426 0.4597 0.4870
vn 0.6819 0.2802 0.6756
vn 0.8025 0.3011 0.5151
vn 0.7070 0.1344 0.6943
vn 0.8362 0.1455 0.5287
vn 0.7153 -0.0113 0.6987
vn 0.8471 -0.0084 0.5313
vn 0.7068 -0.1568 0.6898
vn 0.8362 -0.1623 0.5238
vn 0.6817 -0.3021 0.6664
vn 0.8025 -0.3176 0.5050
vn 0.6393 -0.4463 0.6261
vn 0.7426 -0.4756 0.4716
vn 0.8046 0.4947 0.3284
vn 0.8794 0.3249 0.3479
vn 0.9202 0.1586 0.3577
vn 0.9333 -0.0055 0.3591
vn 0.9204 -0.1697 0.3522
vn 0.8796 -0.3360 0.3369
vn 0.8046 -0.5054 0.3117
vn 0.8387 0.5174 0.1701
vn 0.9224 0.3416 0.1804
vn 0.9680 0.1686 0.1856
vn 0.9826 -0.0027 0.1856
vn 0.9682 -0.1741 0.1797
vn 0.9225 -0.3471 0.1686
vn 0.8387 -0.5228 0.1526
vn 0.8489 0.5285 0.0119
vn 0.9364 0.3508 0.0120
vn 0.9845 0.1750 0.0118
vn 0.9846 -0.1749 0.0057
vn 0.9365 -0.3508 -0.0000
vn 0.8489 -0.5285 -0.0060
vn 0.8366 0.5278 -0.1465
vn 0.9227 0.3519 -0.1571
vn 0.9705 0.1772 -0.1636
vn 0.9859 0.0029 -0.1675
vn 0.9705 -0.1715 -0.1696
vn 0.9227 -0.3463 -0.1691
vn 0.8366 -0.5226 -0.1643
vn 0.8012 0.5145 -0.3055
vn 0.8799 0.3444 -0.3273
vn 0.9239 0.1751 -0.3402
vn 0.9381 0.0058 -0.3463
vn 0.9238 -0.1636 -0.3461
vn 0.8798 -0.3332 -0.3389
vn 0.8011 -0.5040 -0.3228
vn 0.7391 0.4862 -0.4662
vn 0.8024 0.3267 -0.4994
vn 0.8382 0.1677 -0.5189
vn 0.8498 0.0087 -0.5271
vn 0.8381 -0.1504 -0.5244
vn 0.8022 -0.3099 -0.5103
vn 0.7389 -0.4704 -0.4824
vn 0.6339 0.4599 -0.6218
vn 0.6777 0.3109 -0.6664
vn 0.7027 0.1614 -0.6929
vn 0.7108 0.0117 -0.7033
vn 0.7026 -0.1383 -0.6980
vn 0.6775 -0.2885 -0.6766
vn 0.6337 -0.4389 -0.6370
vn 0.4829 0.4599 0.7452
vn 0.3222 0.4935 0.8079
vn 0.1626 0.5127 0.8430
vn 0.0034 0.5195 0.8545
vn -0.1560 0.5146 0.8431
vn -0.3161 0.4972 0.8080
vn -0.4777 0.4652 0.7453
vn 0.5181 0.3000 0.8009
vn 0.3464 0.3222 0.8810
vn 0.1755 0.3348 0.9258
vn 0.0048 0.3393 0.9407
vn -0.1660 0.3361 0.9271
vn -0.3375 0.3249 0.8835
vn -0.5106 0.3041 0.8042
vn 0.5382 0.1425 0.8306
vn 0.3601 0.1529 0.9203
vn 0.1828 0.1588 0.9702
vn 0.0057 0.1609 0.9870
vn -0.1715 0.1594 0.9722
vn -0.3494 0.1542 0.9242
vn -0.5290 0.1446 0.8362
vn 0.5448 -0.0137 0.8385
vn 0.3646 -0.0154 0.9310
vn 0.1851 -0.0163 0.9826
vn 0.0060 -0.0166 0.9998
vn -0.1733 -0.0164 0.9847
vn -0.3533 -0.0156 0.9354
vn -0.5350 -0.0141 0.8447
vn 0.5380 -0.1697 0.8257
vn 0.3599 -0.1832 0.9148
vn 0.1826 -0.1908 0.9645
vn 0.0056 -0.1936 0.9811
vn -0.1717 -0.1916 0.9663
vn -0.3495 -0.1849 0.9185
vn -0.5291 -0.1724 0.8309
vn 0.5178 -0.3263 0.7908
vn 0.3460 -0.3512 0.8700
vn 0.1752 -0.3653 0.9143
vn 0.0045 -0.3703 0.9289
vn -0.1662 -0.3667 0.9154
vn -0.3377 -0.3541 0.8721
vn -0.5108 -0.3307 0.7935
vn 0.4825 -0.4843 0.7298
vn 0.3219 -0.5200 0.7912
vn 0.1623 -0.5403 0.8257
vn 0.0030 -0.5476 0.8368
vn -0.1563 -0.5423 0.8255
vn -0.3163 -0.5238 0.7909
vn -0.4780 -0.4897 0.7292
vn 0.4777 -0.4652 -0.7453
vn 0.3161 -0.4972 -0.8080
vn 0.1560 -0.5146 -0.8431
vn -0.0034 -0.5195 -0.8545
vn -0.1626 -0.5127 -0.8430
vn -0.3222 -0.4935 -0.8079
vn -0.4829 -0.4599 -0.7452
vn 0.5106 -0.3041 -0.8042
vn 0.3375 -0.3249 -0.8835
vn 0.1660 -0.3361 -0.9271
vn -0.0048 -0.3393 -0.9407
vn -0.1755 -0.3348 -0.9258
vn -0.3464 -0.3222 -0.8810
vn -0.5181 -0.3000 -0.8009
vn 0.5290 -0.1446 -0.8362
vn 0.3494 -0.1542 -0.9242
vn 0.1715 -0.1594 -0.9722
vn -0.0057 -0.1609 -0.9870
vn -0.1828 -0.1588 -0.9702
vn -0.3601 -0.1529 -0.9203
vn -0.5382 -0.1425 -0.8306
vn 0.5350 0.0141 -0.8447
vn 0.3533 0.0156 -0.9354
vn 0.1733 0.0164 -0.9847
vn -0.0060 0.0166 -0.9998
vn -0.1851 0.0163 -0.9826
vn -0.3646 0.0154 -0.9310
vn -0.5448 0.0137 -0.8385
vn 0.5291 0.1724 -0.8309
vn 0.3495 0.1849 -0.9185
vn 0.1716 0.1916 -0.9663
vn -0.0056 0.1936 -0.9811
vn -0.1826 0.1908 -0.9645
vn -0.3599 0.1832 -0.9148
vn -0.5380 0.1697 -0.8257
vn 0.5108 0.3307 -0.7935
vn 0.3377 0.3541 -0.8721
vn 0.1662 0.3667 -0.9154
vn -0.0045 0.3703 -0.9289
vn -0.1752 0.3653 -0.9143
vn -0.3460 0.3512 -0.8700
vn -0.5178 0.3263 -0.7908
vn 0.4780 0.4897 -0.7292
vn 0.3163 0.5238 -0.7909
vn 0.1563 0.5423 -0.8255
vn -0.0030 0.5476 -0.8368
vn -0.1623 0.5403 -0.8257
vn -0.3219 0.5200 -0.7912
vn -0.4825 0.4843 -0.7298
vn -0.0231 -0.7297 -0.6834
vn 0.1205 -0.7271 -0.6759
vn 0.5634 0.0111 0.8261
vn 0.2661 -0.7050 -0.6574
vn 0.4130 -0.6606 -0.6269
vn 0.5585 -0.5900 -0.5831
vn 0.6955 -0.4884 -0.5270
vn 0.8118 -0.3532 -0.4651
vn 0.8909 -0.1884 -0.4133
vn 0.9189 -0.0063 -0.3943
vn 0.8906 0.1749 -0.4198
vn 0.8113 0.3378 -0.4773
vn 0.6950 0.4705 -0.5437
vn 0.5580 0.5701 -0.6030
vn 0.4127 0.6391 -0.6490
vn 0.2658 0.6823 -0.6810
vn 0.1204 0.7038 -0.7001
vn -0.0231 0.7061 -0.7077
vn -0.1647 0.6901 -0.7047
vn -0.3042 0.6549 -0.6917
vn -0.4400 0.5988 -0.6692
vn -0.5683 0.5193 -0.6382
vn -0.6822 0.4150 -0.6020
vn -0.7724 0.2878 -0.5663
vn -0.8299 0.1437 -0.5391
vn -0.8495 -0.0085 -0.5274
vn -0.8301 -0.1611 -0.5338
vn -0.7728 -0.3062 -0.5559
vn -0.6827 -0.4348 -0.5873
vn -0.5688 -0.5404 -0.6201
vn -0.4404 -0.6210 -0.6484
vn -0.3045 -0.6780 -0.6691
vn -0.1649 -0.7135 -0.6809
vn 0.5698 -0.5955 -0.5663
vn 0.6345 -0.6410 -0.4319
vn 0.4774 -0.7467 -0.4633
vn 0.4364 -0.6474 -0.6249
vn 0.3165 -0.8084 -0.4963
vn 0.2912 -0.6878 -0.6650
vn 0.1566 -0.8427 -0.5150
vn 0.1446 -0.7108 -0.6884
vn -0.0029 -0.8533 -0.5214
vn -0.0027 -0.7177 -0.6963
vn -0.1624 -0.8410 -0.5160
vn -0.1503 -0.7089 -0.6891
vn -0.3224 -0.8048 -0.4983
vn -0.2978 -0.6838 -0.6661
vn -0.4838 -0.7408 -0.4661
vn -0.4449 -0.6408 -0.6256
vn -0.6400 -0.6317 -0.4376
vn -0.5791 -0.5794 -0.5736
vn 0.6775 -0.6785 -0.2840
vn 0.5118 -0.8042 -0.3021
vn 0.3397 -0.8830 -0.3239
vn 0.1687 -0.9266 -0.3362
vn -0.0019 -0.9402 -0.3405
vn -0.1725 -0.9255 -0.3373
vn -0.3437 -0.8806 -0.3261
vn -0.5163 -0.8000 -0.3056
vn -0.6823 -0.6718 -0.2884
vn 0.7030 -0.6982 -0.1353
vn 0.5315 -0.8350 -0.1426
vn 0.3530 -0.9230 -0.1531
vn 0.1758 -0.9715 -0.1591
vn -0.0009 -0.9869 -0.1615
vn -0.1777 -0.9709 -0.1603
vn -0.3551 -0.9218 -0.1555
vn -0.5338 -0.8328 -0.1465
vn -0.7057 -0.6947 -0.1392
vn 0.7123 -0.7017 0.0135
vn 0.5387 -0.8424 0.0160
vn 0.3580 -0.9336 0.0168
vn 0.1788 -0.9837 0.0170
vn -0.0000 -0.9999 0.0166
vn -0.1788 -0.9838 0.0158
vn -0.3580 -0.9336 0.0143
vn -0.5387 -0.8424 0.0120
vn -0.7123 -0.7018 0.0099
vn 0.7057 -0.6897 0.1622
vn 0.5338 -0.8275 0.1741
vn 0.3550 -0.9161 0.1861
vn 0.1777 -0.9651 0.1925
vn 0.0009 -0.9810 0.1942
vn -0.1759 -0.9656 0.1914
vn -0.3530 -0.9174 0.1837
vn -0.5315 -0.8298 0.1703
vn -0.7030 -0.6933 0.1585
vn 0.6823 -0.6618 0.3106
vn 0.5163 -0.7894 0.3321
vn 0.3437 -0.8693 0.3552
vn 0.1725 -0.9137 0.3679
vn 0.0018 -0.9284 0.3716
vn -0.1687 -0.9149 0.3668
vn -0.3397 -0.8718 0.3531
vn -0.5118 -0.7938 0.3287
vn -0.6775 -0.6687 0.3065
vn 0.6399 -0.6168 0.4583
vn 0.4838 -0.7249 0.4904
vn 0.3224 -0.7878 0.5248
vn 0.1624 -0.8234 0.5437
vn 0.0029 -0.8355 0.5495
vn -0.1566 -0.8252 0.5427
vn -0.3164 -0.7915 0.5229
vn -0.4773 -0.7309 0.4878
vn -0.6345 -0.6263 0.4530
vn 0.5790 -0.5601 0.5925
vn 0.4448 -0.6197 0.6466
vn 0.2978 -0.6613 0.6884
vn 0.1503 -0.6856 0.7123
vn 0.0028 -0.6942 0.7198
vn -0.1445 -0.6876 0.7116
vn -0.2911 -0.6654 0.6874
vn -0.4362 -0.6263 0.6461
vn -0.5696 -0.5765 0.5859
vn -0.7426 -0.4756 -0.4715
vn -0.6394 -0.4465 -0.6259
vn -0.8026 -0.3178 -0.5049
vn -0.6818 -0.3023 -0.6662
vn -0.8363 -0.1625 -0.5237
vn -0.7069 -0.1570 -0.6896
vn -0.8471 -0.0087 -0.5313
vn -0.7153 -0.0115 -0.6987
vn -0.8362 0.1452 -0.5288
vn -0.7069 0.1342 -0.6944
vn -0.8025 0.3009 -0.5152
vn -0.6818 0.2801 -0.6758
vn -0.7426 0.4597 -0.4871
vn -0.6394 0.4255 -0.6404
vn -0.6399 0.6168 -0.4583
vn -0.5790 0.5601 -0.5925
vn -0.8046 -0.5054 -0.3117
vn -0.8795 -0.3361 -0.3369
vn -0.9203 -0.1700 -0.3522
vn -0.9333 -0.0059 -0.3591
vn -0.9203 0.1583 -0.3577
vn -0.8795 0.3248 -0.3479
vn -0.8046 0.4947 -0.3284
vn -0.6823 0.6618 -0.3106
vn -0.8387 -0.5228 -0.1526
vn -0.9225 -0.3473 -0.1687
vn -0.9681 -0.1744 -0.1798
vn -0.9826 -0.0031 -0.1856
vn -0.9681 0.1684 -0.1856
vn -0.9224 0.3415 -0.1803
vn -0.8387 0.5174 -0.1700
vn -0.7057 0.6897 -0.1622
vn -0.8489 -0.5286 0.0059
vn -0.9364 -0.3509 -0.0002
vn -0.9845 -0.1751 -0.0058
vn -1.0000 -0.0002 -0.0098
vn -0.9845 0.1748 -0.0116
vn -0.9364 0.3507 -0.0119
vn -0.8489 0.5285 -0.0118
vn -0.7123 0.7017 -0.0135
vn -0.8366 -0.5226 0.1642
vn -0.9227 -0.3465 0.1689
vn -0.9705 -0.1716 0.1695
vn -0.9859 0.0028 0.1675
vn -0.9705 0.1771 0.1637
vn -0.9228 0.3518 0.1573
vn -0.8366 0.5278 0.1467
vn -0.7030 0.6982 0.1353
vn -0.8011 -0.5040 0.3227
vn -0.8799 -0.3333 0.3388
vn -0.9239 -0.1637 0.3460
vn -0.9381 0.0057 0.3463
vn -0.9239 0.1750 0.3403
vn -0.8799 0.3443 0.3275
vn -0.8012 0.5144 0.3057
vn -0.6775 0.6785 0.2840
vn -0.7390 -0.4705 0.4822
vn -0.8023 -0.3099 0.5101
vn -0.8381 -0.1504 0.5243
vn -0.8498 0.0087 0.5271
vn -0.8382 0.1677 0.5190
vn -0.8024 0.3266 0.4995
vn -0.7390 0.4862 0.4663
vn -0.6345 0.6410 0.4319
vn -0.6338 -0.4390 0.6369
vn -0.6776 -0.2886 0.6765
vn -0.7026 -0.1384 0.6980
vn -0.7108 0.0116 0.7033
vn -0.7027 0.1614 0.6930
vn -0.6776 0.3108 0.6665
vn -0.6338 0.4598 0.6220
vn -0.5698 0.5955 0.5663
vn -0.4838 0.7249 -0.4904
vn -0.4448 0.6197 -0.6466
vn -0.3224 0.7878 -0.5248
vn -0.2978 0.6613 -0.6884
vn -0.1624 0.8234 -0.5437
vn -0.1503 0.6856 -0.7123
vn -0.0029 0.8355 -0.5495
vn -0.0028 0.6942 -0.7198
vn 0.1566 0.8252 -0.5427
vn 0.1445 0.6876 -0.7116
vn 0.3164 0.7915 -0.5229
vn 0.2911 0.6654 -0.6874
vn 0.4773 0.7309 -0.4878
vn 0.4362 0.6263 -0.6461
vn 0.6345 0.6263 -0.4530
vn 0.5696 0.5765 -0.5859
vn -0.5163 0.7894 -0.3321
vn -0.3437 0.8693 -0.3552
vn -0.1725 0.9137 -0.3679
vn -0.0018 0.9284 -0.3716
vn 0.1687 0.9149 -0.3668
vn 0.3397 0.8718 -0.3531
vn 0.5118 0.7938 -0.3287
vn 0.6775 0.6687 -0.3065
vn -0.5338 0.8275 -0.1741
vn -0.3550 0.9161 -0.1861
vn -0.1777 0.9651 -0.1925
vn -0.0009 0.9810 -0.1942
vn 0.1759 0.9656 -0.1914
vn 0.3530 0.9174 -0.1837
vn 0.5315 0.8298 -0.1703
vn 0.7030 0.6933 -0.1585
vn -0.5387 0.8424 -0.0160
vn -0.3580 0.9336 -0.0168
vn -0.1788 0.9837 -0.0170
vn -0.0000 0.9999 -0.0166
vn 0.1788 0.9838 -0.0158
vn 0.3580 0.9336 -0.0143
vn 0.5387 0.8424 -0.0120
vn 0.7123 0.7018 -0.0099
vn -0.5315 0.8350 0.1426
vn -0.3530 0.9230 0.1531
vn -0.1758 0.9715 0.1591
vn 0.0009 0.9869 0.1615
vn 0.1777 0.9709 0.1603
vn 0.3551 0.9218 0.1555
vn 0.5338 0.8328 0.1465
vn 0.7057 0.6947 0.1392
vn -0.5118 0.8042 0.3021
vn -0.3397 0.8830 0.3239
vn -0.1687 0.9266 0.3362
vn 0.0019 0.9402 0.3405
vn 0.1725 0.9255 0.3373
vn 0.3437 0.8806 0.3261
vn 0.5163 0.8000 0.3056
vn 0.6823 0.6718 0.2884
vn -0.4774 0.7467 0.4633
vn -0.3165 0.8084 0.4963
vn -0.1566 0.8427 0.5150
vn 0.0029 0.8533 0.5214
vn 0.1624 0.8410 0.5160
vn 0.3224 0.8048 0.4983
vn 0.4838 0.7408 0.4661
vn 0.6400 0.6317 0.4376
vn -0.4364 0.6474 0.6249
vn -0.2912 0.6878 0.6650
vn -0.1446 0.7108 0.6884
vn 0.0027 0.7177 0.6963
vn 0.1503 0.7089 0.6891
vn 0.2978 0.6838 0.6661
vn 0.4449 0.6408 0.6256
vn 0.5791 0.5794 0.5736
vn 0.7390 0.4705 -0.4822
vn 0.6338 0.4390 -0.6369
vn 0.8023 0.3099 -0.5101
vn 0.6776 0.2886 -0.6765
vn 0.8381 0.1504 -0.5243
vn 0.7027 0.1384 -0.6980
vn 0.8498 -0.0087 -0.5271
vn 0.7108 -0.0116 -0.7033
vn 0.8382 -0.1677 -0.5190
vn 0.7027 -0.1614 -0.6930
vn 0.8024 -0.3266 -0.4995
vn 0.6776 -0.3108 -0.6665
vn 0.7390 -0.4862 -0.4663
vn 0.6338 -0.4598 -0.6220
vn 0.8011 0.5040 -0.3227
vn 0.8799 0.3333 -0.3388
vn 0.9239 0.1637 -0.3460
vn 0.9381 -0.0057 -0.3463
vn 0.9239 -0.1750 -0.3403
vn 0.8799 -0.3443 -0.3275
vn 0.8012 -0.5144 -0.3057
vn 0.8366 0.5226 -0.1642
vn 0.9227 0.3465 -0.1689
vn 0.9705 0.1716 -0.1695
vn 0.9859 -0.0027 -0.1675
vn 0.9705 -0.1771 -0.1637
vn 0.9228 -0.3518 -0.1573
vn 0.8366 -0.5278 -0.1467
vn 0.8489 0.5286 -0.0059
vn 0.9364 0.3509 0.0002
vn 0.9845 0.1751 0.0058
vn 1.0000 0.0002 0.0098
vn 0.9845 -0.1748 0.0116
vn 0.9364 -0.3507 0.0119
vn 0.8489 -0.5285 0.0118
vn 0.8387 0.5228 0.1526
vn 0.9225 0.3473 0.1687
vn 0.9681 0.1744 0.1798
vn 0.9826 0.0031 0.1856
vn 0.9681 -0.1684 0.1856
vn 0.9224 -0.3415 0.1803
vn 0.8387 -0.5174 0.1700
vn 0.8046 0.5054 0.3117
vn 0.8795 0.3361 0.3369
vn 0.9203 0.1700 0.3522
vn 0.9333 0.0059 0.3591
vn 0.9203 -0.1583 0.3578
vn 0.8795 -0.3248 0.3479
vn 0.8046 -0.4947 0.3284
vn 0.7426 0.4756 0.4715
vn 0.8026 0.3178 0.5049
vn 0.8363 0.1625 0.5237
vn 0.8471 0.0087 0.5313
vn 0.8362 -0.1452 0.5288
vn 0.8025 -0.3009 0.5152
vn 0.7426 -0.4597 0.4871
vn 0.6394 0.4465 0.6259
vn 0.6818 0.3023 0.6662
vn 0.7069 0.1570 0.6896
vn 0.7153 0.0115 0.6987
vn 0.7069 -0.1342 0.6944
vn 0.6818 -0.2801 0.6758
vn 0.6394 -0.4255 0.6404
vn 0.4778 0.4652 -0.7452
vn 0.3162 0.4972 -0.8080
vn 0.1562 0.5146 -0.8431
vn -0.0032 0.5195 -0.8545
vn -0.1625 0.5127 -0.8431
vn -0.3221 0.4935 -0.8079
vn -0.4827 0.4598 -0.7453
vn 0.5107 0.3042 -0.8042
vn 0.3376 0.3249 -0.8834
vn 0.1661 0.3362 -0.9270
vn -0.0047 0.3394 -0.9406
vn -0.1753 0.3348 -0.9258
vn -0.3462 0.3222 -0.8811
vn -0.5180 0.3000 -0.8011
vn 0.5290 0.1447 -0.8362
vn 0.3495 0.1543 -0.9242
vn 0.1716 0.1595 -0.9722
vn -0.0057 0.1609 -0.9869
vn -0.1827 0.1588 -0.9703
vn -0.3600 0.1529 -0.9203
vn -0.5381 0.1424 -0.8307
vn 0.5350 -0.0140 -0.8447
vn 0.3533 -0.0155 -0.9354
vn 0.1733 -0.0163 -0.9847
vn -0.0060 -0.0166 -0.9998
vn -0.1852 -0.0163 -0.9826
vn -0.3646 -0.0154 -0.9310
vn -0.5448 -0.0139 -0.8385
vn 0.5291 -0.1723 -0.8309
vn 0.3495 -0.1848 -0.9185
vn 0.1716 -0.1916 -0.9664
vn -0.0056 -0.1935 -0.9811
vn -0.1827 -0.1908 -0.9645
vn -0.3600 -0.1833 -0.9148
vn -0.5381 -0.1698 -0.8256
vn 0.5107 -0.3307 -0.7936
vn 0.3376 -0.3540 -0.8722
vn 0.1661 -0.3667 -0.9154
vn -0.0047 -0.3703 -0.9289
vn -0.1753 -0.3653 -0.9142
vn -0.3462 -0.3512 -0.8700
vn -0.5180 -0.3263 -0.7907
vn 0.4779 -0.4897 -0.7293
vn 0.3162 -0.5237 -0.7910
vn 0.1562 -0.5422 -0.8256
vn -0.0032 -0.5476 -0.8368
vn -0.1624 -0.5403 -0.8256
vn -0.3220 -0.5200 -0.7911
vn -0.4827 -0.4843 -0.7297
vn 0.4827 -0.4598 0.7453
vn 0.3221 -0.4935 0.8079
vn 0.1625 -0.5127 0.8431
vn 0.0032 -0.5195 0.8545
vn -0.1562 -0.5146 0.8431
vn -0.3162 -0.4972 0.8080
vn -0.4778 -0.4652 0.7452
vn 0.5180 -0.3000 0.8011
vn 0.3462 -0.3222 0.8811
vn 0.1753 -0.3348 0.9258
vn 0.0047 -0.3394 0.9406
vn -0.1661 -0.3362 0.9270
vn -0.3376 -0.3249 0.8834
vn -0.5107 -0.3042 0.8042
vn 0.5381 -0.1424 0.8307
vn 0.3600 -0.1529 0.9203
vn 0.1827 -0.1588 0.9703
vn 0.0057 -0.1609 0.9869
vn -0.1716 -0.1595 0.9722
vn -0.3495 -0.1543 0.9242
vn -0.5291 -0.1447 0.8362
vn 0.5448 0.0139 0.8385
vn 0.3646 0.0154 0.9310
vn 0.1852 0.0163 0.9826
vn 0.0060 0.0166 0.9998
vn -0.1733 0.0163 0.9847
vn -0.3533 0.0155 0.9354
vn -0.5350 0.0140 0.8447
vn 0.5381 0.1698 0.8256
vn 0.3600 0.1833 0.9148
vn 0.1827 0.1908 0.9645
vn 0.0056 0.1935 0.9811
vn -0.1716 0.1916 0.9664
vn -0.3495 0.1848 0.9185
vn -0.5291 0.1723 0.8309
vn 0.5180 0.3263 0.7907
vn 0.3462 0.3512 0.8700
vn 0.1753 0.3653 0.9142
vn 0.0047 0.3703 0.9289
vn -0.1661 0.3667 0.9154
vn -0.3376 0.3540 0.8722
vn -0.5107 0.3307 0.7936
vn 0.4827 0.4843 0.7297
vn 0.3220 0.5200 0.7911
vn 0.1624 0.5403 0.8256
vn 0.0032 0.5476 0.8368
vn -0.1562 0.5422 0.8256
vn -0.3162 0.5237 0.7910
vn -0.4779 0.4897 0.7293
vn 0.6829 -0.5217 -0.5113
vn 0.5469 -0.5931 -0.5909
vn 0.5862 -0.4410 -0.6796
vn 0.7373 -0.3915 -0.5506
vn 0.3786 -0.6550 -0.6539
vn 0.4054 -0.4924 -0.7702
vn 0.1922 -0.6938 -0.6941
vn 0.2055 -0.5239 -0.8266
vn -0.0043 -0.7061 -0.7081
vn -0.0052 -0.5335 -0.8458
vn -0.2009 -0.6907 -0.6946
vn -0.2153 -0.5207 -0.8261
vn -0.3874 -0.6491 -0.6547
vn -0.4137 -0.4866 -0.7694
vn -0.5561 -0.5842 -0.5912
vn -0.5921 -0.4337 -0.6792
vn -0.6912 -0.5051 -0.5168
vn -0.7421 -0.3781 -0.5535
vn 0.6196 -0.2901 -0.7293
vn 0.7745 -0.2568 -0.5781
vn 0.4303 -0.3259 -0.8418
vn 0.2181 -0.3480 -0.9118
vn -0.0074 -0.3548 -0.9349
vn -0.2319 -0.3456 -0.9093
vn -0.4416 -0.3214 -0.8377
vn -0.6268 -0.2844 -0.7254
vn -0.7766 -0.2487 -0.5788
vn 0.6378 -0.1440 -0.7566
vn 0.7949 -0.1272 -0.5933
vn 0.4440 -0.1623 -0.8812
vn 0.2249 -0.1737 -0.9588
vn -0.0088 -0.1772 -0.9841
vn -0.2413 -0.1724 -0.9550
vn -0.4572 -0.1598 -0.8749
vn -0.6458 -0.1409 -0.7504
vn -0.7959 -0.1233 -0.5928
vn 0.6436 -0.0000 -0.7653
vn 0.8014 -0.0000 -0.5981
vn 0.4485 -0.0000 -0.8938
vn 0.2272 -0.0000 -0.9739
vn -0.0092 -0.0000 -1.0000
vn -0.2444 -0.0000 -0.9697
vn -0.4622 -0.0000 -0.8868
vn -0.6519 -0.0001 -0.7583
vn -0.8020 -0.0001 -0.5973
vn 0.6378 0.1441 -0.7566
vn 0.7949 0.1272 -0.5932
vn 0.4441 0.1623 -0.8812
vn 0.2250 0.1737 -0.9587
vn -0.0087 0.1772 -0.9841
vn -0.2412 0.1724 -0.9550
vn -0.4571 0.1598 -0.8749
vn -0.6457 0.1408 -0.7505
vn -0.7958 0.1231 -0.5929
vn 0.6197 0.2902 -0.7293
vn 0.7745 0.2569 -0.5781
vn 0.4304 0.3259 -0.8417
vn 0.2182 0.3480 -0.9117
vn -0.0072 0.3548 -0.9349
vn -0.2317 0.3456 -0.9093
vn -0.4414 0.3213 -0.8378
vn -0.6267 0.2844 -0.7255
vn -0.7766 0.2485 -0.5789
vn 0.5863 0.4410 -0.6795
vn 0.7374 0.3915 -0.5504
vn 0.4055 0.4925 -0.7701
vn 0.2057 0.5239 -0.8266
vn -0.0050 0.5335 -0.8458
vn -0.2151 0.5207 -0.8262
vn -0.4135 0.4866 -0.7696
vn -0.5919 0.4337 -0.6794
vn -0.7420 0.3779 -0.5537
vn 0.5471 0.5930 -0.5907
vn 0.6831 0.5218 -0.5110
vn 0.3789 0.6550 -0.6538
vn 0.1924 0.6938 -0.6940
vn -0.0041 0.7061 -0.7081
vn -0.2007 0.6907 -0.6947
vn -0.3873 0.6491 -0.6548
vn -0.5559 0.5842 -0.5913
vn -0.6912 0.5050 -0.5170
vn -0.7416 -0.5463 -0.3893
vn -0.8269 -0.3936 -0.4016
vn -0.7773 -0.5744 -0.2566
vn -0.8731 -0.4115 -0.2616
vn -0.7966 -0.5907 -0.1285
vn -0.8973 -0.4217 -0.1304
vn -0.8023 -0.5969 -0.0026
vn -0.9048 -0.4259 -0.0031
vn -0.7954 -0.5934 0.1232
vn -0.8969 -0.4244 0.1244
vn -0.7751 -0.5798 0.2511
vn -0.8723 -0.4166 0.2560
vn -0.7391 -0.5542 0.3828
vn -0.8258 -0.4005 0.3972
vn -0.6831 -0.5218 0.5110
vn -0.7374 -0.3915 0.5504
vn -0.8715 -0.2546 -0.4190
vn -0.9253 -0.2645 -0.2718
vn -0.9532 -0.2702 -0.1357
vn -0.9621 -0.2725 -0.0044
vn -0.9539 -0.2719 0.1270
vn -0.9266 -0.2680 0.2639
vn -0.8729 -0.2595 0.4132
vn -0.7745 -0.2569 0.5781
vn -0.8950 -0.1252 -0.4282
vn -0.9520 -0.1296 -0.2773
vn -0.9815 -0.1322 -0.1386
vn -0.9911 -0.1333 -0.0053
vn -0.9828 -0.1330 0.1282
vn -0.9545 -0.1314 0.2679
vn -0.8978 -0.1277 0.4216
vn -0.7949 -0.1272 0.5932
vn -0.9023 -0.0001 -0.4311
vn -0.9603 -0.0001 -0.2790
vn -0.9902 -0.0001 -0.1395
vn -1.0000 -0.0001 -0.0056
vn -0.9917 -0.0001 0.1286
vn -0.9631 -0.0000 0.2691
vn -0.9056 -0.0000 0.4242
vn -0.8014 -0.0000 0.5981
vn -0.8950 0.1250 -0.4282
vn -0.9520 0.1294 -0.2773
vn -0.9815 0.1320 -0.1385
vn -0.9911 0.1331 -0.0052
vn -0.9828 0.1329 0.1283
vn -0.9545 0.1313 0.2679
vn -0.8977 0.1277 0.4216
vn -0.7949 0.1272 0.5933
vn -0.8716 0.2545 -0.4191
vn -0.9253 0.2644 -0.2718
vn -0.9532 0.2700 -0.1356
vn -0.9622 0.2724 -0.0043
vn -0.9539 0.2718 0.1271
vn -0.9266 0.2679 0.2640
vn -0.8728 0.2594 0.4133
vn -0.7745 0.2568 0.5781
vn -0.8269 0.3935 -0.4016
vn -0.8731 0.4115 -0.2616
vn -0.8973 0.4217 -0.1303
vn -0.9048 0.4258 -0.0030
vn -0.8969 0.4243 0.1245
vn -0.8723 0.4166 0.2562
vn -0.8257 0.4004 0.3973
vn -0.7373 0.3915 0.5506
vn -0.7416 0.5463 -0.3894
vn -0.7772 0.5745 -0.2567
vn -0.7966 0.5907 -0.1285
vn -0.8023 0.5969 -0.0026
vn -0.7954 0.5934 0.1233
vn -0.7751 0.5798 0.2512
vn -0.7390 0.5542 0.3831
vn -0.6829 0.5218 0.5113
vn -0.5471 -0.5930 0.5907
vn -0.5863 -0.4410 0.6795
vn -0.3789 -0.6550 0.6538
vn -0.4055 -0.4925 0.7701
vn -0.1924 -0.6938 0.6940
vn -0.2057 -0.5239 0.8266
vn 0.0041 -0.7061 0.7081
vn 0.0050 -0.5335 0.8458
vn 0.2007 -0.6907 0.6947
vn 0.2151 -0.5207 0.8262
vn 0.3873 -0.6491 0.6548
vn 0.4135 -0.4866 0.7696
vn 0.5559 -0.5842 0.5913
vn 0.5919 -0.4337 0.6794
vn 0.6912 -0.5050 0.5170
vn 0.7420 -0.3779 0.5537
vn -0.6197 -0.2902 0.7293
vn -0.4304 -0.3259 0.8417
vn -0.2182 -0.3480 0.9117
vn 0.0072 -0.3548 0.9349
vn 0.2317 -0.3456 0.9093
vn 0.4414 -0.3213 0.8378
vn 0.6267 -0.2844 0.7255
vn 0.7766 -0.2485 0.5789
vn -0.6378 -0.1441 0.7566
vn -0.4441 -0.1623 0.8812
vn -0.2250 -0.1737 0.9587
vn 0.0087 -0.1772 0.9841
vn 0.2412 -0.1724 0.9550
vn 0.4571 -0.1598 0.8749
vn 0.6457 -0.1408 0.7505
vn 0.7958 -0.1231 0.5929
vn -0.6436 -0.0000 0.7653
vn -0.4485 -0.0000 0.8938
vn -0.2272 -0.0000 0.9739
vn 0.0092 -0.0000 1.0000
vn 0.2444 -0.0000 0.9697
vn 0.4622 -0.0000 0.8868
vn 0.6519 0.0001 0.7583
vn 0.8020 0.0001 0.5973
vn -0.6378 0.1440 0.7566
vn -0.4440 0.1623 0.8812
vn -0.2249 0.1737 0.9588
vn 0.0088 0.1772 0.9841
vn 0.2413 0.1724 0.9550
vn 0.4572 0.1598 0.8749
vn 0.6458 0.1409 0.7504
vn 0.7959 0.1233 0.5928
vn -0.6196 0.2901 0.7293
vn -0.4303 0.3259 0.8418
vn -0.2181 0.3480 0.9118
vn 0.0074 0.3548 0.9349
vn 0.2319 0.3456 0.9093
vn 0.4416 0.3214 0.8377
vn 0.6268 0.2844 0.7254
vn 0.7766 0.2487 0.5788
vn -0.5862 0.4410 0.6796
vn -0.4054 0.4924 0.7702
vn -0.2055 0.5239 0.8266
vn 0.0052 0.5335 0.8458
vn 0.2153 0.5207 0.8261
vn 0.4137 0.4866 0.7694
vn 0.5921 0.4337 0.6792
vn 0.7421 0.3781 0.5535
vn -0.5468 0.5931 0.5909
vn -0.3786 0.6550 0.6539
vn -0.1922 0.6938 0.6941
vn 0.0043 0.7061 0.7081
vn 0.2009 0.6907 0.6946
vn 0.3874 0.6491 0.6547
vn 0.5561 0.5842 0.5912
vn 0.6912 0.5051 0.5168
vn 0.7416 -0.5463 0.3894
vn 0.8269 -0.3935 0.4016
vn 0.7772 -0.5745 0.2567
vn 0.8731 -0.4115 0.2616
vn 0.7966 -0.5907 0.1285
vn 0.8973 -0.4217 0.1303
vn 0.8023 -0.5969 0.0026
vn 0.9048 -0.4258 0.0030
vn 0.7954 -0.5934 -0.1233
vn 0.8969 -0.4243 -0.1245
vn 0.7751 -0.5798 -0.2512
vn 0.8723 -0.4166 -0.2562
vn 0.7390 -0.5542 -0.3831
vn 0.8257 -0.4004 -0.3973
vn 0.8716 -0.2545 0.4191
vn 0.9253 -0.2644 0.2718
vn 0.9532 -0.2700 0.1356
vn 0.9622 -0.2724 0.0043
vn 0.9539 -0.2718 -0.1271
vn 0.9266 -0.2679 -0.2640
vn 0.8728 -0.2595 -0.4133
vn 0.8950 -0.1250 0.4282
vn 0.9520 -0.1294 0.2773
vn 0.9815 -0.1320 0.1385
vn 0.9911 -0.1331 0.0052
vn 0.9828 -0.1329 -0.1283
vn 0.9545 -0.1313 -0.2679
vn 0.8977 -0.1277 -0.4216
vn 0.9023 0.0001 0.4311
vn 0.9603 0.0001 0.2790
vn 0.9902 0.0001 0.1395
vn 1.0000 0.0001 0.0056
vn 0.9917 0.0001 -0.1286
vn 0.9631 -0.0000 -0.2691
vn 0.9056 -0.0000 -0.4242
vn 0.8950 0.1252 0.4282
vn 0.9520 0.1296 0.2773
vn 0.9815 0.1322 0.1386
vn 0.9911 0.1333 0.0053
vn 0.9828 0.1330 -0.1282
vn 0.9545 0.1314 -0.2679
vn 0.8978 0.1277 -0.4216
vn 0.8715 0.2546 0.4190
vn 0.9253 0.2645 0.2718
vn 0.9532 0.2702 0.1357
vn 0.9621 0.2725 0.0044
vn 0.9539 0.2719 -0.1270
vn 0.9266 0.2680 -0.2639
vn 0.8729 0.2595 -0.4132
vn 0.8269 0.3936 0.4016
vn 0.8731 0.4115 0.2616
vn 0.8973 0.4217 0.1304
vn 0.9048 0.4259 0.0031
vn 0.8969 0.4244 -0.1244
vn 0.8723 0.4166 -0.2560
vn 0.8258 0.4005 -0.3972
vn 0.7416 0.5463 0.3893
vn 0.7773 0.5744 0.2566
vn 0.7966 0.5907 0.1285
vn 0.8023 0.5969 0.0026
vn 0.7954 0.5934 -0.1232
vn 0.7751 0.5798 -0.2511
vn 0.7391 0.5542 -0.3828
vn 0.5917 -0.6745 0.4415
vn 0.4130 -0.7659 0.4928
vn 0.2145 -0.8238 0.5248
vn 0.0042 -0.8446 0.5354
vn -0.2065 -0.8265 0.5237
vn -0.4062 -0.7710 0.4905
vn -0.5864 -0.6814 0.4380
vn 0.6247 -0.7244 0.2916
vn 0.4378 -0.8376 0.3268
vn 0.2273 -0.9092 0.3489
vn 0.0027 -0.9345 0.3560
vn -0.2222 -0.9110 0.3473
vn -0.4334 -0.8411 0.3237
vn -0.6213 -0.7292 0.2869
vn 0.6423 -0.7524 0.1462
vn 0.4510 -0.8774 0.1638
vn 0.2339 -0.9565 0.1746
vn 0.0013 -0.9841 0.1778
vn -0.2314 -0.9574 0.1728
vn -0.4489 -0.8791 0.1601
vn -0.6406 -0.7548 0.1409
vn 0.6473 -0.7622 0.0028
vn 0.4544 -0.8908 0.0019
vn 0.2351 -0.9720 0.0010
vn -0.2353 -0.9719 -0.0010
vn -0.4546 -0.8907 -0.0019
vn -0.6474 -0.7622 -0.0028
vn 0.6405 -0.7549 -0.1409
vn 0.4487 -0.8792 -0.1602
vn 0.2312 -0.9574 -0.1728
vn -0.0015 -0.9841 -0.1778
vn -0.2341 -0.9564 -0.1746
vn -0.4511 -0.8773 -0.1637
vn -0.6424 -0.7523 -0.1462
vn 0.6212 -0.7292 -0.2870
vn 0.4333 -0.8411 -0.3237
vn 0.2220 -0.9111 -0.3473
vn -0.0029 -0.9345 -0.3560
vn -0.2275 -0.9091 -0.3489
vn -0.4380 -0.8375 -0.3268
vn -0.6249 -0.7243 -0.2915
vn 0.5863 -0.6814 -0.4380
vn 0.4061 -0.7710 -0.4906
vn 0.2064 -0.8265 -0.5237
vn -0.0044 -0.8446 -0.5354
vn -0.2147 -0.8237 -0.5247
vn -0.4132 -0.7658 -0.4928
vn -0.5919 -0.6744 -0.4414
vn 0.5864 0.6814 -0.4379
vn 0.4062 0.7710 -0.4905
vn 0.2065 0.8265 -0.5237
vn -0.0042 0.8446 -0.5354
vn -0.2145 0.8238 -0.5248
vn -0.4130 0.7658 -0.4928
vn -0.5917 0.6745 -0.4415
vn 0.6213 0.7292 -0.2869
vn 0.4334 0.8411 -0.3237
vn 0.2222 0.9110 -0.3473
vn -0.0027 0.9345 -0.3560
vn -0.2273 0.9092 -0.3489
vn -0.4378 0.8376 -0.3268
vn -0.6247 0.7244 -0.2916
vn 0.6406 0.7548 -0.1409
vn 0.4489 0.8791 -0.1601
vn 0.2314 0.9574 -0.1728
vn -0.0013 0.9841 -0.1778
vn -0.2339 0.9565 -0.1746
vn -0.4510 0.8774 -0.1638
vn -0.6423 0.7524 -0.1462
vn 0.6474 0.7622 0.0028
vn 0.4546 0.8907 0.0019
vn 0.2353 0.9719 0.0010
vn -0.2351 0.9720 -0.0010
vn -0.4544 0.8908 -0.0019
vn -0.6473 0.7622 -0.0028
vn 0.6424 0.7523 0.1462
vn 0.4511 0.8773 0.1637
vn 0.2341 0.9564 0.1746
vn 0.0015 0.9841 0.1778
vn -0.2312 0.9574 0.1728
vn -0.4487 0.8792 0.1602
vn -0.6405 0.7549 0.1409
vn 0.6249 0.7243 0.2915
vn 0.4380 0.8375 0.3268
vn 0.2275 0.9091 0.3489
vn 0.0029 0.9345 0.3560
vn -0.2220 0.9111 0.3473
vn -0.4333 0.8411 0.3237
vn -0.6212 0.7292 0.2870
vn 0.5919 0.6744 0.4414
vn 0.4132 0.7658 0.4928
vn 0.2147 0.8238 0.5247
vn 0.0044 0.8446 0.5354
vn -0.2064 0.8265 0.5237
vn -0.4061 0.7710 0.4906
vn -0.5863 0.6814 0.4380
vn 0.0009 1.0000 -0.0000
vn -0.0058 0.9914 -0.1307
vn -0.6749 0.7310 -0.1010
vn -0.6731 0.7395 -0.0045
vn -0.9379 0.3434 -0.0489
vn -0.9384 0.3455 -0.0037
vn -1.0000 0.0074 -0.0007
vn -1.0000 0.0050 -0.0001
vn -0.9427 -0.3304 0.0467
vn -0.9422 -0.3351 0.0031
vn -0.6805 -0.7261 0.0990
vn -0.6819 -0.7314 0.0034
vn 0.0050 -0.9914 0.1306
vn -0.0007 -1.0000 -0.0000
vn 0.6830 -0.7246 0.0918
vn 0.6816 -0.7318 -0.0034
vn 0.9418 -0.3337 0.0409
vn 0.9423 -0.3347 -0.0031
vn 1.0000 0.0033 0.0001
vn 1.0000 0.0056 0.0001
vn 0.9387 0.3422 -0.0413
vn 0.9383 0.3458 0.0037
vn 0.6717 0.7350 -0.0925
vn 0.6736 0.7391 0.0045
vn -0.0125 0.9658 -0.2591
vn -0.6766 0.7099 -0.1954
vn -0.9372 0.3359 -0.0937
vn -1.0000 0.0098 -0.0019
vn -0.9431 -0.3204 0.0892
vn -0.6790 -0.7083 0.1932
vn 0.0107 -0.9658 0.2590
vn 0.6844 -0.7052 0.1852
vn 0.9412 -0.3272 0.0847
vn 1.0000 0.0012 0.0006
vn 0.9390 0.3331 -0.0854
vn 0.6698 0.7183 -0.1883
vn -0.0194 0.9235 -0.3830
vn -0.6783 0.6768 -0.2861
vn -0.9365 0.3228 -0.1373
vn -0.9999 0.0118 -0.0038
vn -0.9434 -0.3051 0.1298
vn -0.6776 -0.6782 0.2844
vn 0.0164 -0.9236 0.3829
vn 0.6857 -0.6739 0.2752
vn 0.9405 -0.3150 0.1277
vn 1.0000 -0.0006 0.0016
vn 0.9392 0.3185 -0.1280
vn 0.6677 0.6892 -0.2814
vn -0.0264 0.8655 -0.5002
vn -0.6799 0.6323 -0.3713
vn -0.9355 0.3043 -0.1793
vn -0.9999 0.0135 -0.0063
vn -0.9437 -0.2849 0.1680
vn -0.6763 -0.6364 0.3710
vn 0.0220 -0.8656 0.5003
vn 0.6870 -0.6312 0.3601
vn 0.9397 -0.2974 0.1691
vn 1.0000 -0.0020 0.0029
vn 0.9393 0.2987 -0.1685
vn 0.6656 0.6481 -0.3701
vn -0.0336 0.7926 -0.6088
vn -0.6815 0.5772 -0.4498
vn -0.9345 0.2807 -0.2189
vn -0.9999 0.0146 -0.0093
vn -0.9440 -0.2600 0.2031
vn -0.6751 -0.5835 0.4514
vn 0.0275 -0.7927 0.6090
vn 0.6882 -0.5778 0.4388
vn 0.9388 -0.2744 0.2081
vn 1.0000 -0.0029 0.0043
vn 0.9394 0.2740 -0.2062
vn 0.6634 0.5956 -0.4530
vn -0.0409 0.7062 -0.7069
vn -0.6830 0.5126 -0.5202
vn -0.9334 0.2521 -0.2555
vn -0.9998 0.0149 -0.0126
vn -0.9443 -0.2309 0.2347
vn -0.6741 -0.5203 0.5243
vn 0.0326 -0.7062 0.7072
vn 0.6893 -0.5147 0.5098
vn 0.9379 -0.2464 0.2442
vn 1.0000 -0.0033 0.0058
vn 0.9393 0.2446 -0.2405
vn 0.6611 0.5326 -0.5284
vn -0.0480 0.6077 -0.7927
vn -0.6845 0.4397 -0.5814
vn -0.9322 0.2188 -0.2885
vn -0.9998 0.0144 -0.0162
vn -0.9445 -0.1980 0.2620
vn -0.6733 -0.4481 0.5881
vn 0.0374 -0.6077 0.7933
vn 0.6904 -0.4430 0.5720
vn 0.9370 -0.2136 0.2764
vn 1.0000 -0.0033 0.0071
vn 0.9392 0.2111 -0.2708
vn 0.6589 0.4600 -0.5951
vn -0.0548 0.4989 -0.8649
vn -0.6859 0.3599 -0.6324
vn -0.9310 0.1812 -0.3170
vn -0.9997 0.0130 -0.0197
vn -0.9447 -0.1621 0.2849
vn -0.6727 -0.3681 0.6419
vn 0.0416 -0.4989 0.8657
vn 0.6914 -0.3637 0.6243
vn 0.9361 -0.1766 0.3041
vn 1.0000 -0.0030 0.0082
vn 0.9391 0.1738 -0.2965
vn 0.6569 0.3789 -0.6519
vn -0.0608 0.3817 -0.9223
vn -0.6871 0.2746 -0.6726
vn -0.9298 0.1397 -0.3404
vn -0.9997 0.0107 -0.0228
vn -0.9450 -0.1237 0.3029
vn -0.6723 -0.2817 0.6846
vn 0.0450 -0.3817 0.9232
vn 0.6922 -0.2783 0.6659
vn 0.9354 -0.1359 0.3266
vn 1.0000 -0.0024 0.0091
vn 0.9389 0.1333 -0.3173
vn 0.6550 0.2908 -0.6974
vn -0.0656 0.2581 -0.9639
vn -0.6881 0.1852 -0.7015
vn -0.9289 0.0950 -0.3579
vn -0.9996 0.0077 -0.0254
vn -0.9451 -0.0834 0.3158
vn -0.6721 -0.1904 0.7156
vn 0.0476 -0.2580 0.9650
vn 0.6929 -0.1882 0.6961
vn 0.9347 -0.0923 0.3431
vn 1.0000 -0.0016 0.0097
vn 0.9388 0.0904 -0.3325
vn 0.6536 0.1971 -0.7308
vn -0.0688 0.1302 -0.9891
vn -0.6888 0.0932 -0.7189
vn -0.9283 0.0481 -0.3687
vn -0.9996 0.0040 -0.0270
vn -0.9453 -0.0420 0.3236
vn -0.6720 -0.0960 0.7343
vn 0.0492 -0.1300 0.9903
vn 0.6933 -0.0949 0.7143
vn 0.9343 -0.0467 0.3533
vn 0.9999 -0.0008 0.0100
vn 0.9387 0.0457 -0.3418
vn 0.6526 0.0996 -0.7511
vn -0.0701 -0.0000 -0.9975
vn -0.6891 -0.0001 -0.7247
vn -0.9280 -0.0001 -0.3725
vn -0.9996 -0.0000 -0.0277
vn -0.9453 -0.0000 0.3262
vn -0.6720 0.0001 0.7406
vn 0.0499 -0.0000 0.9988
vn 0.6935 -0.0001 0.7204
vn 0.9342 -0.0000 0.3568
vn 0.9999 -0.0000 0.0101
vn 0.9386 0.0001 -0.3449
vn 0.6522 0.0001 -0.7580
vn -0.0692 -0.1301 -0.9891
vn -0.6890 -0.0934 -0.7187
vn -0.9282 -0.0482 -0.3689
vn -0.9996 -0.0040 -0.0271
vn -0.9453 0.0421 0.3235
vn -0.6720 0.0961 0.7343
vn 0.0494 0.1301 0.9903
vn 0.6934 0.0948 0.7143
vn 0.9343 0.0466 0.3535
vn 0.9999 0.0009 0.0100
vn 0.9387 -0.0455 -0.3418
vn 0.6525 -0.0994 -0.7512
vn -0.0663 -0.2580 -0.9639
vn -0.6885 -0.1853 -0.7012
vn -0.9288 -0.0952 -0.3582
vn -0.9996 -0.0077 -0.0256
vn -0.9452 0.0835 0.3157
vn -0.6721 0.1905 0.7155
vn 0.0480 0.2581 0.9649
vn 0.6931 0.1880 0.6959
vn 0.9346 0.0923 0.3434
vn 1.0000 0.0017 0.0098
vn 0.9388 -0.0903 -0.3325
vn 0.6534 -0.1970 -0.7309
vn -0.0618 -0.3817 -0.9222
vn -0.6876 -0.2746 -0.6722
vn -0.9297 -0.1399 -0.3408
vn -0.9997 -0.0108 -0.0231
vn -0.9450 0.1237 0.3027
vn -0.6723 0.2818 0.6846
vn 0.0456 0.3817 0.9232
vn 0.6925 0.2781 0.6657
vn 0.9352 0.1359 0.3269
vn 1.0000 0.0025 0.0093
vn 0.9389 -0.1332 -0.3173
vn 0.6548 -0.2908 -0.6976
vn -0.0560 -0.4989 -0.8649
vn -0.6864 -0.3598 -0.6319
vn -0.9308 -0.1815 -0.3174
vn -0.9997 -0.0132 -0.0200
vn -0.9448 0.1621 0.2847
vn -0.6726 0.3682 0.6419
vn 0.0423 0.4989 0.8656
vn 0.6917 0.3634 0.6240
vn 0.9360 0.1767 0.3045
vn 1.0000 0.0032 0.0085
vn 0.9391 -0.1737 -0.2965
vn 0.6566 -0.3789 -0.6521
vn -0.0494 -0.6077 -0.7927
vn -0.6851 -0.4395 -0.5809
vn -0.9320 -0.2192 -0.2888
vn -0.9998 -0.0147 -0.0166
vn -0.9446 0.1980 0.2618
vn -0.6732 0.4482 0.5881
vn 0.0383 0.6077 0.7932
vn 0.6908 0.4426 0.5717
vn 0.9368 0.2138 0.2768
vn 1.0000 0.0036 0.0074
vn 0.9393 -0.2109 -0.2707
vn 0.6587 -0.4601 -0.5954
vn -0.0424 -0.7061 -0.7068
vn -0.6837 -0.5123 -0.5198
vn -0.9332 -0.2525 -0.2558
vn -0.9998 -0.0153 -0.0130
vn -0.9443 0.2307 0.2344
vn -0.6740 0.5205 0.5243
vn 0.0337 0.7062 0.7072
vn 0.6898 0.5144 0.5095
vn 0.9377 0.2467 0.2446
vn 1.0000 0.0036 0.0061
vn 0.9394 -0.2445 -0.2404
vn 0.6608 -0.5327 -0.5287
vn -0.0353 -0.7926 -0.6088
vn -0.6821 -0.5768 -0.4494
vn -0.9343 -0.2811 -0.2192
vn -0.9998 -0.0150 -0.0096
vn -0.9441 0.2598 0.2029
vn -0.6750 0.5836 0.4515
vn 0.0286 0.7927 0.6090
vn 0.6886 0.5774 0.4386
vn 0.9386 0.2748 0.2085
vn 1.0000 0.0033 0.0046
vn 0.9394 -0.2738 -0.2061
vn 0.6630 -0.5958 -0.4532
vn -0.0282 -0.8655 -0.5002
vn -0.6805 -0.6319 -0.3710
vn -0.9354 -0.3048 -0.1795
vn -0.9999 -0.0140 -0.0065
vn -0.9438 0.2846 0.1678
vn -0.6761 0.6366 0.3710
vn 0.0233 0.8655 0.5003
vn 0.6874 0.6308 0.3600
vn 0.9395 0.2978 0.1693
vn 1.0000 0.0024 0.0032
vn 0.9394 -0.2985 -0.1685
vn 0.6652 -0.6484 -0.3703
vn -0.0212 -0.9235 -0.3829
vn -0.6789 -0.6763 -0.2858
vn -0.9363 -0.3232 -0.1375
vn -0.9999 -0.0124 -0.0039
vn -0.9435 0.3049 0.1297
vn -0.6774 0.6784 0.2844
vn 0.0178 0.9236 0.3830
vn 0.6861 0.6735 0.2750
vn 0.9403 0.3154 0.1279
vn 1.0000 0.0011 0.0018
vn 0.9393 -0.3183 -0.1280
vn 0.6673 -0.6895 -0.2816
vn -0.0143 -0.9658 -0.2590
vn -0.6772 -0.7094 -0.1953
vn -0.9371 -0.3363 -0.0938
vn -0.9999 -0.0104 -0.0020
vn -0.9432 0.3201 0.0891
vn -0.6787 0.7085 0.1932
vn 0.0121 0.9658 0.2591
vn 0.6848 0.7049 0.1851
vn 0.9410 0.3276 0.0848
vn 1.0000 -0.0006 0.0008
vn 0.9391 -0.3328 -0.0854
vn 0.6693 -0.7187 -0.1885
vn -0.0076 -0.9914 -0.1306
vn -0.6754 -0.7305 -0.1010
vn -0.9378 -0.3438 -0.0490
vn -1.0000 -0.0080 -0.0007
vn -0.9428 0.3301 0.0467
vn -0.6801 0.7264 0.0990
vn 0.0064 0.9914 0.1307
vn 0.6834 0.7243 0.0918
vn 0.9416 0.3341 0.0409
vn 1.0000 -0.0027 0.0002
vn 0.9388 -0.3419 -0.0413
vn 0.6713 -0.7354 -0.0926
vn -0.0009 -1.0000 -0.0000
vn -0.6736 -0.7391 -0.0045
vn -0.9383 -0.3458 -0.0037
vn -1.0000 -0.0056 -0.0001
vn -0.9423 0.3347 0.0031
vn -0.6816 0.7318 0.0034
vn 0.0007 1.0000 -0.0000
vn 0.6819 0.7314 -0.0034
vn 0.9422 0.3351 -0.0031
vn 1.0000 -0.0050 0.0001
vn 0.9384 -0.3455 0.0037
vn 0.6731 -0.7395 0.0045
vn 0.0058 -0.9914 0.1307
vn -0.6717 -0.7350 0.0925
vn -0.9387 -0.3422 0.0413
vn -1.0000 -0.0033 -0.0001
vn -0.9418 0.3337 -0.0409
vn -0.6830 0.7246 -0.0918
vn -0.0050 0.9914 -0.1306
vn 0.6805 0.7261 -0.0990
vn 0.9427 0.3304 -0.0467
vn 1.0000 -0.0074 0.0007
vn 0.9379 -0.3434 0.0489
vn 0.6749 -0.7310 0.1010
vn 0.0125 -0.9658 0.2591
vn -0.6698 -0.7183 0.1883
vn -0.9390 -0.3331 0.0854
vn -1.0000 -0.0012 -0.0006
vn -0.9412 0.3272 -0.0847
vn -0.6843 0.7052 -0.1852
vn -0.0107 0.9658 -0.2590
vn 0.6790 0.7083 -0.1932
vn 0.9431 0.3204 -0.0892
vn 1.0000 -0.0098 0.0019
vn 0.9372 -0.3359 0.0937
vn 0.6766 -0.7099 0.1954
vn 0.0194 -0.9235 0.3830
vn -0.6677 -0.6892 0.2814
vn -0.9392 -0.3185 0.1280
vn -1.0000 0.0006 -0.0016
vn -0.9405 0.3150 -0.1277
vn -0.6857 0.6739 -0.2752
vn -0.0164 0.9236 -0.3829
vn 0.6776 0.6782 -0.2844
vn 0.9434 0.3051 -0.1298
vn 0.9999 -0.0118 0.0038
vn 0.9365 -0.3228 0.1373
vn 0.6783 -0.6768 0.2861
vn 0.0264 -0.8655 0.5002
vn -0.6656 -0.6481 0.3701
vn -0.9393 -0.2987 0.1685
vn -1.0000 0.0020 -0.0029
vn -0.9397 0.2974 -0.1691
vn -0.6870 0.6312 -0.3601
vn -0.0220 0.8656 -0.5003
vn 0.6763 0.6364 -0.3710
vn 0.9437 0.2849 -0.1680
vn 0.9999 -0.0135 0.0063
vn 0.9355 -0.3043 0.1793
vn 0.6799 -0.6323 0.3713
vn 0.0336 -0.7926 0.6088
vn -0.6634 -0.5956 0.4530
vn -0.9394 -0.2740 0.2062
vn -1.0000 0.0029 -0.0043
vn -0.9388 0.2744 -0.2081
vn -0.6882 0.5778 -0.4388
vn -0.0275 0.7927 -0.6090
vn 0.6751 0.5835 -0.4514
vn 0.9440 0.2600 -0.2031
vn 0.9999 -0.0146 0.0093
vn 0.9345 -0.2807 0.2189
vn 0.6815 -0.5772 0.4498
vn 0.0409 -0.7062 0.7069
vn -0.6611 -0.5326 0.5284
vn -0.9393 -0.2446 0.2405
vn -1.0000 0.0033 -0.0058
vn -0.9379 0.2464 -0.2442
vn -0.6893 0.5147 -0.5098
vn -0.0326 0.7062 -0.7072
vn 0.6741 0.5203 -0.5243
vn 0.9443 0.2308 -0.2347
vn 0.9998 -0.0149 0.0126
vn 0.9334 -0.2521 0.2555
vn 0.6830 -0.5126 0.5202
vn 0.0480 -0.6077 0.7927
vn -0.6589 -0.4600 0.5951
vn -0.9392 -0.2111 0.2708
vn -1.0000 0.0033 -0.0071
vn -0.9370 0.2136 -0.2764
vn -0.6904 0.4430 -0.5720
vn -0.0374 0.6077 -0.7933
vn 0.6733 0.4481 -0.5881
vn 0.9445 0.1980 -0.2620
vn 0.9998 -0.0144 0.0162
vn 0.9322 -0.2188 0.2885
vn 0.6845 -0.4397 0.5814
vn 0.0548 -0.4989 0.8649
vn -0.6569 -0.3789 0.6519
vn -0.9391 -0.1738 0.2965
vn -1.0000 0.0030 -0.0082
vn -0.9361 0.1766 -0.3041
vn -0.6914 0.3637 -0.6243
vn -0.0416 0.4989 -0.8657
vn 0.6727 0.3681 -0.6419
vn 0.9447 0.1621 -0.2849
vn 0.9997 -0.0130 0.0197
vn 0.9310 -0.1812 0.3170
vn 0.6859 -0.3599 0.6324
vn 0.0608 -0.3817 0.9223
vn -0.6550 -0.2908 0.6974
vn -0.9389 -0.1333 0.3173
vn -1.0000 0.0024 -0.0091
vn -0.9354 0.1359 -0.3266
vn -0.6922 0.2783 -0.6659
vn -0.0450 0.3817 -0.9232
vn 0.6723 0.2817 -0.6846
vn 0.9450 0.1237 -0.3029
vn 0.9997 -0.0107 0.0228
vn 0.9298 -0.1397 0.3404
vn 0.6871 -0.2746 0.6726
vn 0.0656 -0.2581 0.9639
vn -0.6536 -0.1971 0.7308
vn -0.9388 -0.0904 0.3325
vn -1.0000 0.0016 -0.0097
vn -0.9347 0.0923 -0.3431
vn -0.6929 0.1882 -0.6961
vn -0.0476 0.2580 -0.9650
vn 0.6721 0.1904 -0.7156
vn 0.9451 0.0834 -0.3158
vn 0.9996 -0.0077 0.0254
vn 0.9289 -0.0950 0.3579
vn 0.6881 -0.1852 0.7015
vn 0.0688 -0.1302 0.9891
vn -0.6526 -0.0996 0.7511
vn -0.9387 -0.0457 0.3418
vn -0.9999 0.0008 -0.0100
vn -0.9343 0.0467 -0.3533
vn -0.6933 0.0949 -0.7143
vn -0.0492 0.1300 -0.9903
vn 0.6720 0.0960 -0.7343
vn 0.9453 0.0420 -0.3236
vn 0.9996 -0.0040 0.0270
vn 0.9283 -0.0481 0.3687
vn 0.6888 -0.0932 0.7189
vn 0.0701 -0.0000 0.9975
vn -0.6522 -0.0001 0.7580
vn -0.9386 -0.0001 0.3449
vn -0.9999 -0.0000 -0.0101
vn -0.9342 -0.0000 -0.3568
vn -0.6935 0.0001 -0.7204
vn -0.0499 -0.0000 -0.9988
vn 0.6720 -0.0001 -0.7406
vn 0.9453 -0.0000 -0.3262
vn 0.9996 -0.0000 0.0276
vn 0.9280 0.0001 0.3725
vn 0.6891 0.0001 0.7247
vn 0.0692 0.1301 0.9891
vn -0.6525 0.0994 0.7512
vn -0.9387 0.0455 0.3418
vn -0.9999 -0.0009 -0.0100
vn -0.9343 -0.0466 -0.3535
vn -0.6934 -0.0948 -0.7143
vn -0.0494 -0.1301 -0.9903
vn 0.6720 -0.0961 -0.7343
vn 0.9453 -0.0421 -0.3235
vn 0.9996 0.0040 0.0271
vn 0.9282 0.0482 0.3689
vn 0.6890 0.0934 0.7187
vn 0.0663 0.2580 0.9639
vn -0.6534 0.1970 0.7309
vn -0.9388 0.0903 0.3325
vn -1.0000 -0.0017 -0.0098
vn -0.9346 -0.0923 -0.3434
vn -0.6931 -0.1880 -0.6959
vn -0.0480 -0.2581 -0.9649
vn 0.6721 -0.1905 -0.7155
vn 0.9452 -0.0835 -0.3157
vn 0.9996 0.0077 0.0256
vn 0.9288 0.0952 0.3582
vn 0.6885 0.1853 0.7012
vn 0.0618 0.3817 0.9222
vn -0.6548 0.2908 0.6976
vn -0.9389 0.1332 0.3173
vn -1.0000 -0.0025 -0.0093
vn -0.9352 -0.1359 -0.3269
vn -0.6925 -0.2781 -0.6657
vn -0.0456 -0.3817 -0.9232
vn 0.6723 -0.2818 -0.6846
vn 0.9450 -0.1237 -0.3027
vn 0.9997 0.0108 0.0231
vn 0.9297 0.1399 0.3408
vn 0.6876 0.2746 0.6722
vn 0.0560 0.4989 0.8649
vn -0.6566 0.3789 0.6521
vn -0.9391 0.1737 0.2965
vn -1.0000 -0.0032 -0.0085
vn -0.9360 -0.1767 -0.3045
vn -0.6917 -0.3634 -0.6240
vn -0.0423 -0.4989 -0.8656
vn 0.6726 -0.3682 -0.6419
vn 0.9448 -0.1621 -0.2847
vn 0.9997 0.0132 0.0200
vn 0.9308 0.1815 0.3174
vn 0.6864 0.3598 0.6319
vn 0.0494 0.6077 0.7927
vn -0.6587 0.4601 0.5954
vn -0.9393 0.2109 0.2707
vn -1.0000 -0.0036 -0.0074
vn -0.9368 -0.2138 -0.2768
vn -0.6908 -0.4426 -0.5717
vn -0.0383 -0.6077 -0.7932
vn 0.6732 -0.4482 -0.5881
vn 0.9446 -0.1980 -0.2618
vn 0.9998 0.0147 0.0166
vn 0.9320 0.2192 0.2888
vn 0.6851 0.4395 0.5809
vn 0.0424 0.7061 0.7068
vn -0.6608 0.5327 0.5287
vn -0.9394 0.2445 0.2404
vn -1.0000 -0.0036 -0.0061
vn -0.9377 -0.2467 -0.2446
vn -0.6898 -0.5144 -0.5095
vn -0.0337 -0.7062 -0.7072
vn 0.6740 -0.5205 -0.5243
vn 0.9443 -0.2307 -0.2344
vn 0.9998 0.0153 0.0130
vn 0.9332 0.2525 0.2558
vn 0.6837 0.5123 0.5198
vn 0.0353 0.7926 0.6088
vn -0.6630 0.5958 0.4532
vn -0.9394 0.2738 0.2061
vn -1.0000 -0.0033 -0.0046
vn -0.9386 -0.2748 -0.2085
vn -0.6886 -0.5774 -0.4386
vn -0.0286 -0.7927 -0.6090
vn 0.6750 -0.5836 -0.4515
vn 0.9441 -0.2598 -0.2029
vn 0.9998 0.0150 0.0096
vn 0.9343 0.2811 0.2192
vn 0.6821 0.5768 0.4494
vn 0.0282 0.8655 0.5002
vn -0.6652 0.6484 0.3703
vn -0.9394 0.2985 0.1685
vn -1.0000 -0.0024 -0.0032
vn -0.9395 -0.2978 -0.1693
vn -0.6874 -0.6308 -0.3600
vn -0.0233 -0.8655 -0.5003
vn 0.6761 -0.6366 -0.3710
vn 0.9438 -0.2846 -0.1678
vn 0.9999 0.0140 0.0065
vn 0.9354 0.3048 0.1795
vn 0.6805 0.6319 0.3710
vn 0.0212 0.9235 0.3829
vn -0.6673 0.6895 0.2816
vn -0.9393 0.3183 0.1280
vn -1.0000 -0.0011 -0.0018
vn -0.9403 -0.3154 -0.1279
vn -0.6861 -0.6735 -0.2750
vn -0.0178 -0.9236 -0.3830
vn 0.6774 -0.6784 -0.2844
vn 0.9435 -0.3049 -0.1297
vn 0.9999 0.0124 0.0039
vn 0.9363 0.3232 0.1375
vn 0.6789 0.6763 0.2858
vn 0.0143 0.9658 0.2590
vn -0.6693 0.7187 0.1885
vn -0.9391 0.3328 0.0854
vn -1.0000 0.0006 -0.0008
vn -0.9410 -0.3276 -0.0848
vn -0.6848 -0.7048 -0.1851
vn -0.0121 -0.9658 -0.2591
vn 0.6787 -0.7085 -0.1932
vn 0.9432 -0.3201 -0.0891
vn 0.9999 0.0104 0.0020
vn 0.9371 0.3363 0.0938
vn 0.6772 0.7094 0.1953
vn 0.0076 0.9914 0.1306
vn -0.6713 0.7354 0.0926
vn -0.9388 0.3419 0.0413
vn -1.0000 0.0027 -0.0002
vn -0.9416 -0.3341 -0.0409
vn -0.6834 -0.7243 -0.0918
vn -0.0064 -0.9914 -0.1307
vn 0.6801 -0.7264 -0.0990
vn 0.9428 -0.3301 -0.0467
vn 1.0000 0.0080 0.0007
vn 0.9378 0.3438 0.0490
vn 0.6754 0.7305 0.1010
vn 0.1827 0.1749 0.9675
vt 0.919202 0.850844
vt 0.918186 0.848502
vt 0.919508 0.443960
vt 0.917477 0.846264
vt 0.921665 0.444712
vt 0.917023 0.844112
vt 0.923840 0.445201
vt 0.916799 0.842037
vt 0.926029 0.445452
vt 0.916799 0.840038
vt 0.928233 0.445471
vt 0.917029 0.838117
vt 0.930453 0.445252
vt 0.932689 0.444768
vt 0.921456 0.851251
vt 0.920663 0.848461
vt 0.920097 0.845867
vt 0.919720 0.843424
vt 0.919514 0.841113
vt 0.919473 0.838928
vt 0.930806 0.447092
vt 0.919603 0.836874
vt 0.933292 0.446263
vt 0.919922 0.834970
vt 0.923691 0.851488
vt 0.923123 0.848411
vt 0.922702 0.845590
vt 0.922405 0.842960
vt 0.922219 0.840493
vt 0.922142 0.838183
vt 0.922177 0.836037
vt 0.922336 0.834081
vt 0.925910 0.851583
vt 0.925568 0.848340
vt 0.925295 0.845389
vt 0.925080 0.842652
vt 0.924919 0.840096
vt 0.924809 0.837715
vt 0.924753 0.835516
vt 0.924755 0.833531
vt 0.928115 0.851549
vt 0.928001 0.848247
vt 0.927877 0.845249
vt 0.927748 0.842474
vt 0.927614 0.839890
vt 0.927474 0.837486
vt 0.927329 0.835272
vt 0.927179 0.833281
vt 0.930306 0.851393
vt 0.930421 0.848130
vt 0.930450 0.845166
vt 0.930408 0.842421
vt 0.930303 0.839864
vt 0.930137 0.837485
vt 0.929908 0.835293
vt 0.929608 0.833321
vt 0.932483 0.851108
vt 0.932829 0.847991
vt 0.933011 0.845144
vt 0.933060 0.842499
vt 0.932987 0.840028
vt 0.932798 0.837723
vt 0.932487 0.835591
vt 0.932042 0.833662
vt 0.934644 0.850681
vt 0.935222 0.847831
vt 0.935561 0.845199
vt 0.935703 0.842733
vt 0.935666 0.840415
vt 0.935456 0.838237
vt 0.878408 0.113740
vt 0.935067 0.836205
vt 0.880865 0.114137
vt 0.934481 0.834341
vt 0.883345 0.114949
vt 0.934946 0.443967
vt 0.918102 0.923736
vt 0.935990 0.441849
vt 0.917385 0.921814
vt 0.936725 0.439706
vt 0.916923 0.919809
vt 0.937204 0.437539
vt 0.916690 0.917728
vt 0.937451 0.435353
vt 0.916680 0.915575
vt 0.937473 0.433147
vt 0.916900 0.913345
vt 0.937264 0.430921
vt 0.917375 0.911032
vt 0.936798 0.428673
vt 0.920468 0.833264
vt 0.935813 0.444881
vt 0.921385 0.926557
vt 0.937473 0.442566
vt 0.920585 0.924664
vt 0.920011 0.922612
vt 0.919625 0.920435
vt 0.919409 0.918150
vt 0.919357 0.915760
vt 0.919476 0.913262
vt 0.919782 0.910640
vt 0.922642 0.832382
vt 0.923624 0.927176
vt 0.923048 0.925222
vt 0.922620 0.923073
vt 0.922313 0.920777
vt 0.922117 0.918354
vt 0.922029 0.915811
vt 0.922051 0.913142
vt 0.922195 0.910326
vt 0.924826 0.831836
vt 0.925845 0.927477
vt 0.925496 0.925480
vt 0.925214 0.923270
vt 0.924990 0.920903
vt 0.924818 0.918401
vt 0.924696 0.915771
vt 0.924626 0.913007
vt 0.924614 0.910085
vt 0.927019 0.831594
vt 0.928050 0.927492
vt 0.927928 0.925472
vt 0.927797 0.923236
vt 0.927658 0.920842
vt 0.927512 0.918313
vt 0.927361 0.915656
vt 0.927203 0.912864
vt 0.927037 0.909913
vt 0.929222 0.831646
vt 0.930240 0.927229
vt 0.930348 0.925206
vt 0.930368 0.922979
vt 0.930316 0.920602
vt 0.930200 0.918097
vt 0.930022 0.915470
vt 0.929780 0.912715
vt 0.929466 0.909810
vt 0.931434 0.832002
vt 0.932414 0.926679
vt 0.932752 0.924673
vt 0.932927 0.922490
vt 0.932966 0.920174
vt 0.932882 0.917745
vt 0.932681 0.915209
vt 0.932358 0.912559
vt 0.931899 0.909777
vt 0.933656 0.832694
vt 0.934570 0.925812
vt 0.885857 0.116303
vt 0.887515 0.118658
vt 0.935141 0.923841
vt 0.935472 0.921737
vt 0.935604 0.919531
vt 0.935557 0.917236
vt 0.935336 0.914856
vt 0.934936 0.912387
vt 0.934337 0.909817
vt 0.918156 0.908619
vt 0.936023 0.426397
vt 0.917163 0.907202
vt 0.933878 0.425372
vt 0.931715 0.424650
vt 0.929538 0.424178
vt 0.927348 0.423934
vt 0.848967 0.944166
vt 0.925144 0.423909
vt 0.849164 0.942408
vt 0.922928 0.424111
vt 0.849609 0.940440
vt 0.920697 0.424564
vt 0.920314 0.907859
vt 0.934666 0.423840
vt 0.919514 0.905788
vt 0.932298 0.422736
vt 0.918978 0.904233
vt 0.929905 0.422049
vt 0.918658 0.903073
vt 0.851994 0.948620
vt 0.927490 0.421725
vt 0.851770 0.947124
vt 0.925055 0.421751
vt 0.851701 0.945356
vt 0.851790 0.943303
vt 0.852055 0.940924
vt 0.922486 0.907314
vt 0.921893 0.904841
vt 0.921493 0.903030
vt 0.921251 0.901713
vt 0.854718 0.949488
vt 0.854515 0.947916
vt 0.854406 0.946021
vt 0.854395 0.943787
vt 0.854491 0.941159
vt 0.924669 0.906950
vt 0.924292 0.904247
vt 0.924036 0.902293
vt 0.923876 0.900888
vt 0.857414 0.949889
vt 0.857234 0.948272
vt 0.857092 0.946306
vt 0.856987 0.943974
vt 0.856922 0.941213
vt 0.926861 0.906747
vt 0.926709 0.903963
vt 0.926601 0.901957
vt 0.926526 0.900520
vt 0.860085 0.949889
vt 0.859933 0.948255
vt 0.859760 0.946268
vt 0.859566 0.943908
vt 0.859347 0.941112
vt 0.929064 0.906701
vt 0.929144 0.903973
vt 0.929189 0.902002
vt 0.929202 0.900587
vt 0.862734 0.949506
vt 0.862611 0.947885
vt 0.862412 0.945923
vt 0.862134 0.943603
vt 0.861768 0.940865
vt 0.931276 0.906817
vt 0.931596 0.904292
vt 0.931800 0.902447
vt 0.931904 0.901110
vt 0.865358 0.948722
vt 0.865268 0.947142
vt 0.865047 0.945255
vt 0.864691 0.943046
vt 0.864184 0.940462
vt 0.933499 0.907113
vt 0.934070 0.904965
vt 0.934438 0.903358
vt 0.882287 0.138496
vt 0.934637 0.902169
vt 0.867955 0.947471
vt 0.879894 0.139190
vt 0.867900 0.945964
vt 0.877479 0.139510
vt 0.875043 0.139473
vt 0.867662 0.944207
vt 0.867233 0.942191
vt 0.866594 0.939878
vt 0.850350 0.938222
vt 0.849290 0.936049
vt 0.917396 0.427482
vt 0.848558 0.934064
vt 0.916655 0.429657
vt 0.848099 0.932233
vt 0.916174 0.431840
vt 0.915926 0.434032
vt 0.915905 0.436233
vt 0.917716 0.853974
vt 0.916117 0.438441
vt 0.916588 0.440659
vt 0.918312 0.852559
vt 0.852529 0.938124
vt 0.851650 0.935362
vt 0.851038 0.932953
vt 0.914122 0.431418
vt 0.850644 0.930813
vt 0.913797 0.433833
vt 0.850446 0.928908
vt 0.913825 0.436267
vt 0.850439 0.927229
vt 0.920137 0.856862
vt 0.914222 0.438718
vt 0.920394 0.855431
vt 0.920823 0.853600
vt 0.854713 0.938006
vt 0.854034 0.934872
vt 0.853553 0.932196
vt 0.853232 0.929860
vt 0.853054 0.927818
vt 0.853015 0.926054
vt 0.922869 0.857893
vt 0.923035 0.856300
vt 0.923303 0.854221
vt 0.856901 0.937871
vt 0.856435 0.934522
vt 0.856094 0.931693
vt 0.855852 0.929246
vt 0.855697 0.927124
vt 0.855627 0.925312
vt 0.925570 0.858415
vt 0.925647 0.856736
vt 0.925760 0.854523
vt 0.859094 0.937720
vt 0.858852 0.934291
vt 0.858658 0.931406
vt 0.858499 0.928918
vt 0.858371 0.926769
vt 0.858272 0.924943
vt 0.928246 0.858506
vt 0.928236 0.856802
vt 0.928196 0.854550
vt 0.861292 0.937555
vt 0.861282 0.934173
vt 0.861242 0.931323
vt 0.861172 0.928863
vt 0.861074 0.926737
vt 0.860948 0.924929
vt 0.930898 0.858185
vt 0.930802 0.856514
vt 0.930613 0.854313
vt 0.863493 0.937374
vt 0.863727 0.934174
vt 0.863848 0.931455
vt 0.863872 0.929095
vt 0.863807 0.927044
vt 0.863655 0.925288
vt 0.933524 0.857432
vt 0.933344 0.855855
vt 0.933009 0.853801
vt 0.865699 0.937176
vt 0.866190 0.934316
vt 0.866481 0.931842
vt 0.866605 0.929665
vt 0.866576 0.927748
vt 0.863820 0.127364
vt 0.866400 0.926081
vt 0.936120 0.856171
vt 0.863855 0.124926
vt 0.864257 0.122463
vt 0.935858 0.854762
vt 0.935382 0.852970
vt 0.847952 0.938297
vt 0.919856 0.426984
vt 0.922305 0.426705
vt 0.924744 0.426609
vt 0.927173 0.426677
vt 0.929594 0.426906
vt 0.932006 0.427300
vt 0.934408 0.427877
vt 0.919251 0.429405
vt 0.921841 0.429292
vt 0.924424 0.429294
vt 0.927003 0.429401
vt 0.929576 0.429610
vt 0.932145 0.429924
vt 0.934707 0.430353
vt 0.918841 0.431828
vt 0.921507 0.431873
vt 0.924172 0.431968
vt 0.926835 0.432109
vt 0.929497 0.432295
vt 0.932157 0.432526
vt 0.934816 0.432808
vt 0.918607 0.434251
vt 0.921292 0.434450
vt 0.923980 0.434634
vt 0.926669 0.434805
vt 0.929361 0.434964
vt 0.932054 0.435110
vt 0.934751 0.435242
vt 0.918544 0.436677
vt 0.921192 0.437023
vt 0.923846 0.437291
vt 0.926505 0.437489
vt 0.929170 0.437618
vt 0.931841 0.437677
vt 0.934518 0.437657
vt 0.918657 0.439103
vt 0.921209 0.439593
vt 0.923772 0.439940
vt 0.926344 0.440160
vt 0.928924 0.440256
vt 0.931514 0.440225
vt 0.934113 0.440051
vt 0.916680 0.850118
vt 0.918965 0.441531
vt 0.921358 0.442156
vt 0.923765 0.442578
vt 0.926185 0.442816
vt 0.928616 0.442876
vt 0.931059 0.442752
vt 0.933516 0.442424
vt 0.936786 0.850084
vt 0.867427 0.118356
vt 0.937598 0.847663
vt 0.869574 0.117339
vt 0.938096 0.845372
vt 0.871738 0.116624
vt 0.938333 0.843190
vt 0.873916 0.116159
vt 0.938335 0.841106
vt 0.876107 0.115921
vt 0.938110 0.839117
vt 0.878311 0.115902
vt 0.880527 0.116110
vt 0.882757 0.116568
vt 0.885004 0.117329
vt 0.937724 0.851720
vt 0.866644 0.120631
vt 0.869036 0.119845
vt 0.871439 0.119277
vt 0.873851 0.118890
vt 0.876273 0.118669
vt 0.878703 0.118607
vt 0.881141 0.118709
vt 0.883590 0.118994
vt 0.937510 0.922638
vt 0.886050 0.119496
vt 0.938335 0.853082
vt 0.866172 0.122879
vt 0.868729 0.122322
vt 0.871292 0.121901
vt 0.873861 0.121596
vt 0.876435 0.121395
vt 0.879014 0.121295
vt 0.881598 0.121299
vt 0.884187 0.121418
vt 0.937999 0.920648
vt 0.886783 0.121674
vt 0.865956 0.125105
vt 0.868613 0.124776
vt 0.871272 0.124505
vt 0.873932 0.124282
vt 0.876595 0.124105
vt 0.879258 0.123971
vt 0.881923 0.123882
vt 0.884590 0.123842
vt 0.938228 0.918604
vt 0.887259 0.123859
vt 0.869394 0.928995
vt 0.865972 0.127311
vt 0.868671 0.127211
vt 0.871367 0.127089
vt 0.874061 0.126952
vt 0.876752 0.126801
vt 0.879443 0.126637
vt 0.882131 0.126460
vt 0.884817 0.126267
vt 0.938221 0.916510
vt 0.887500 0.126052
vt 0.869381 0.930702
vt 0.866212 0.129498
vt 0.868896 0.129626
vt 0.871573 0.129656
vt 0.874243 0.129606
vt 0.876909 0.129485
vt 0.879569 0.129295
vt 0.882224 0.129033
vt 0.884873 0.128692
vt 0.937985 0.914369
vt 0.887515 0.128252
vt 0.869149 0.932583
vt 0.866685 0.131665
vt 0.869295 0.132021
vt 0.871894 0.132204
vt 0.874483 0.132244
vt 0.877063 0.132155
vt 0.879635 0.131942
vt 0.882199 0.131601
vt 0.884754 0.131117
vt 0.937514 0.912179
vt 0.887297 0.130460
vt 0.867414 0.133810
vt 0.868676 0.934655
vt 0.870364 0.936684
vt 0.869886 0.134393
vt 0.872341 0.134730
vt 0.874784 0.134862
vt 0.877215 0.134809
vt 0.879635 0.134578
vt 0.882044 0.134163
vt 0.884439 0.133543
vt 0.938228 0.908539
vt 0.886819 0.132675
vt 0.936782 0.909934
vt 0.867911 0.936958
vt 0.868995 0.939046
vt 0.870707 0.136738
vt 0.869756 0.940926
vt 0.872941 0.137228
vt 0.870248 0.942635
vt 0.875160 0.137455
vt 0.877364 0.137442
vt 0.879555 0.137198
vt 0.937113 0.904900
vt 0.881730 0.136714
vt 0.883890 0.135967
vt 0.936571 0.906104
vt 0.935735 0.907624
vt 0.853672 0.875757
vt 0.852799 0.876538
vt 0.320194 0.881890
vt 0.321512 0.881740
vt 0.322823 0.882035
vt 0.800214 0.145945
vt 0.324125 0.882731
vt 0.801824 0.145738
vt 0.325420 0.883817
vt 0.803571 0.145295
vt 0.326707 0.885305
vt 0.327986 0.887237
vt 0.805471 0.144593
vt 0.855953 0.877455
vt 0.855352 0.879138
vt 0.319829 0.879196
vt 0.321293 0.878537
vt 0.795769 0.143129
vt 0.322744 0.878594
vt 0.797137 0.143291
vt 0.324184 0.879277
vt 0.798731 0.143275
vt 0.800543 0.143086
vt 0.802582 0.142718
vt 0.804881 0.142153
vt 0.858205 0.878517
vt 0.319585 0.877514
vt 0.857858 0.880734
vt 0.321145 0.876565
vt 0.857612 0.881772
vt 0.794692 0.140577
vt 0.796088 0.140647
vt 0.797763 0.140597
vt 0.799706 0.140429
vt 0.801928 0.140140
vt 0.804475 0.139717
vt 0.860433 0.879052
vt 0.860329 0.881552
vt 0.860241 0.882740
vt 0.794035 0.138013
vt 0.795448 0.137994
vt 0.797171 0.137912
vt 0.799188 0.137769
vt 0.801514 0.137562
vt 0.804203 0.137285
vt 0.862639 0.879110
vt 0.862768 0.881688
vt 0.862834 0.882915
vt 0.793746 0.135440
vt 0.795162 0.135334
vt 0.796899 0.135222
vt 0.798941 0.135106
vt 0.801304 0.134984
vt 0.804042 0.134856
vt 0.864825 0.878706
vt 0.865177 0.881171
vt 0.865391 0.882334
vt 0.793807 0.132858
vt 0.795213 0.132666
vt 0.796932 0.132528
vt 0.798952 0.132441
vt 0.801286 0.132407
vt 0.803988 0.132431
vt 0.866988 0.877826
vt 0.867555 0.879971
vt 0.914400 0.378737
vt 0.867912 0.880961
vt 0.794236 0.130266
vt 0.915959 0.379657
vt 0.917502 0.379712
vt 0.795616 0.129991
vt 0.797287 0.129828
vt 0.799234 0.129773
vt 0.801472 0.129829
vt 0.804046 0.130010
vt 0.869128 0.876418
vt 0.869897 0.877992
vt 0.914636 0.376814
vt 0.916099 0.377429
vt 0.796430 0.127307
vt 0.917549 0.377346
vt 0.798017 0.127121
vt 0.918988 0.376654
vt 0.920416 0.375379
vt 0.799836 0.127101
vt 0.801898 0.127252
vt 0.804237 0.127592
vt 0.807555 0.143576
vt 0.329731 0.893712
vt 0.809636 0.144428
vt 0.811485 0.144983
vt 0.072377 0.951043
vt 0.330022 0.897609
vt 0.071914 0.953074
vt 0.330160 0.901414
vt 0.071681 0.955180
vt 0.330160 0.905136
vt 0.071671 0.957358
vt 0.330026 0.908779
vt 0.071891 0.959611
vt 0.329754 0.912338
vt 0.072365 0.961947
vt 0.329329 0.915806
vt 0.807518 0.141348
vt 0.810156 0.141944
vt 0.812399 0.142331
vt 0.075002 0.950285
vt 0.074615 0.952493
vt 0.074398 0.954807
vt 0.074346 0.957222
vt 0.074465 0.959744
vt 0.074771 0.962386
vt 0.807460 0.139131
vt 0.810439 0.139481
vt 0.812922 0.139706
vt 0.077609 0.949857
vt 0.077301 0.952188
vt 0.077105 0.954641
vt 0.077016 0.957211
vt 0.077038 0.959904
vt 0.077183 0.962738
vt 0.807385 0.136922
vt 0.810550 0.137034
vt 0.813162 0.137102
vt 0.080202 0.949687
vt 0.079977 0.952092
vt 0.079805 0.954627
vt 0.079683 0.957284
vt 0.079613 0.960071
vt 0.079600 0.963010
vt 0.807295 0.134720
vt 0.810513 0.134601
vt 0.813162 0.134516
vt 0.082784 0.949746
vt 0.082644 0.952179
vt 0.082498 0.954741
vt 0.082346 0.957426
vt 0.082188 0.960240
vt 0.082023 0.963205
vt 0.807191 0.132525
vt 0.810335 0.132181
vt 0.812934 0.131947
vt 0.085354 0.950024
vt 0.085302 0.952441
vt 0.085186 0.954979
vt 0.085007 0.957633
vt 0.084765 0.960408
vt 0.084451 0.963327
vt 0.807071 0.130338
vt 0.810010 0.129774
vt 0.812466 0.129395
vt 0.087913 0.950531
vt 0.087951 0.952884
vt 0.087867 0.955345
vt 0.087666 0.957908
vt 0.087342 0.960578
vt 0.086884 0.963372
vt 0.806934 0.128159
vt 0.809512 0.127384
vt 0.811715 0.126864
vt 0.090457 0.951296
vt 0.090589 0.953538
vt 0.090541 0.955863
vt 0.090321 0.958267
vt 0.089920 0.960755
vt 0.089322 0.963338
vt 0.073146 0.964383
vt 0.328720 0.919164
vt 0.072155 0.965777
vt 0.327395 0.919758
vt 0.326080 0.919848
vt 0.324771 0.919519
vt 0.323469 0.918811
vt 0.850190 0.840904
vt 0.322174 0.917737
vt 0.850594 0.842277
vt 0.320885 0.916284
vt 0.851277 0.844060
vt 0.075303 0.965184
vt 0.327749 0.922697
vt 0.074505 0.967237
vt 0.326287 0.923311
vt 0.073969 0.968771
vt 0.073650 0.969907
vt 0.324837 0.923227
vt 0.323398 0.922535
vt 0.852558 0.836107
vt 0.321969 0.921260
vt 0.852692 0.837303
vt 0.853029 0.839101
vt 0.853592 0.841590
vt 0.077474 0.965761
vt 0.076882 0.968222
vt 0.076483 0.970014
vt 0.324880 0.925596
vt 0.076243 0.971307
vt 0.323351 0.924906
vt 0.076143 0.972172
vt 0.855143 0.833663
vt 0.855253 0.834979
vt 0.855515 0.837034
vt 0.855947 0.839950
vt 0.079656 0.966153
vt 0.079280 0.968846
vt 0.079025 0.970783
vt 0.078866 0.972165
vt 0.078792 0.973073
vt 0.857774 0.832207
vt 0.857859 0.833591
vt 0.858041 0.835790
vt 0.858332 0.838944
vt 0.081848 0.966378
vt 0.081696 0.969155
vt 0.081590 0.971145
vt 0.081516 0.972559
vt 0.081470 0.973482
vt 0.860445 0.831594
vt 0.860503 0.833001
vt 0.860600 0.835251
vt 0.860744 0.838489
vt 0.084050 0.966440
vt 0.084130 0.969163
vt 0.084177 0.971120
vt 0.084191 0.972513
vt 0.084173 0.973425
vt 0.863153 0.831784
vt 0.863182 0.833172
vt 0.863191 0.835384
vt 0.863180 0.838562
vt 0.086261 0.966336
vt 0.086583 0.968857
vt 0.086787 0.970688
vt 0.086892 0.972004
vt 0.919698 0.330608
vt 0.086905 0.972876
vt 0.918169 0.331292
vt 0.865901 0.832816
vt 0.865898 0.834141
vt 0.865815 0.836223
vt 0.865644 0.839186
vt 0.088484 0.966046
vt 0.089056 0.968189
vt 0.922560 0.333314
vt 0.089425 0.969782
vt 0.921096 0.332654
vt 0.089624 0.970952
vt 0.919646 0.332712
vt 0.868695 0.834837
vt 0.918206 0.333395
vt 0.916778 0.334679
vt 0.868659 0.836045
vt 0.868478 0.837884
vt 0.868137 0.840445
vt 0.852293 0.846338
vt 0.851566 0.850429
vt 0.851144 0.854379
vt 0.850976 0.858213
vt 0.851037 0.861942
vt 0.851321 0.865568
vt 0.851833 0.869089
vt 0.852600 0.872493
vt 0.854431 0.844978
vt 0.853958 0.849657
vt 0.853710 0.854114
vt 0.853649 0.858398
vt 0.853758 0.862530
vt 0.854030 0.866517
vt 0.854471 0.870353
vt 0.855100 0.874016
vt 0.856588 0.844021
vt 0.856361 0.849071
vt 0.856279 0.853848
vt 0.856318 0.858420
vt 0.856467 0.862817
vt 0.856722 0.867045
vt 0.857087 0.871096
vt 0.857573 0.874943
vt 0.858762 0.843398
vt 0.858773 0.848650
vt 0.858850 0.853603
vt 0.858983 0.858337
vt 0.859167 0.862883
vt 0.859400 0.867250
vt 0.859685 0.871430
vt 0.860026 0.875390
vt 0.860951 0.843079
vt 0.861193 0.848383
vt 0.861423 0.853385
vt 0.861645 0.858167
vt 0.861860 0.862761
vt 0.862067 0.867175
vt 0.862267 0.871401
vt 0.862459 0.875406
vt 0.863154 0.843053
vt 0.863621 0.848268
vt 0.863999 0.853197
vt 0.864305 0.857918
vt 0.864546 0.862459
vt 0.864723 0.866831
vt 0.864835 0.871024
vt 0.864874 0.875008
vt 0.865372 0.843329
vt 0.866058 0.848307
vt 0.866578 0.853037
vt 0.866963 0.857582
vt 0.867224 0.861970
vt 0.867367 0.866206
vt 0.867387 0.870285
vt 0.867270 0.874180
vt 0.867606 0.843940
vt 0.868503 0.848512
vt 0.869160 0.852897
vt 0.869617 0.857140
vt 0.869894 0.861259
vt 0.869997 0.865260
vt 0.869921 0.869136
vt 0.869645 0.872870
vt 0.849963 0.848495
vt 0.848926 0.846907
vt 0.320698 0.911686
vt 0.322125 0.913077
vt 0.323557 0.914193
vt 0.324992 0.915044
vt 0.326433 0.915621
vt 0.327878 0.915895
vt 0.849194 0.852800
vt 0.319084 0.905695
vt 0.847952 0.851425
vt 0.320601 0.907186
vt 0.322120 0.908488
vt 0.323642 0.909616
vt 0.325166 0.910577
vt 0.326692 0.911366
vt 0.328222 0.911965
vt 0.848843 0.856999
vt 0.319006 0.901498
vt 0.320579 0.902765
vt 0.322152 0.903953
vt 0.323725 0.905069
vt 0.325300 0.906113
vt 0.326874 0.907085
vt 0.328450 0.907977
vt 0.848858 0.861104
vt 0.319030 0.897389
vt 0.320624 0.898414
vt 0.322217 0.899468
vt 0.323808 0.900547
vt 0.325398 0.901650
vt 0.326987 0.902779
vt 0.328574 0.903937
vt 0.849223 0.865119
vt 0.319154 0.893367
vt 0.320735 0.894129
vt 0.322314 0.895028
vt 0.323889 0.896049
vt 0.325462 0.897188
vt 0.327031 0.898449
vt 0.328598 0.899847
vt 0.849955 0.869039
vt 0.319380 0.889435
vt 0.320914 0.889915
vt 0.322444 0.890637
vt 0.323969 0.891576
vt 0.325490 0.892726
vt 0.327006 0.894094
vt 0.328517 0.895704
vt 0.851105 0.872853
vt 0.319719 0.885602
vt 0.321168 0.885778
vt 0.322611 0.886300
vt 0.324048 0.887134
vt 0.325479 0.888268
vt 0.326904 0.889713
vt 0.328321 0.891504
vt 0.807564 0.146053
vt 0.871239 0.874374
vt 0.872192 0.875010
vt 0.914993 0.373878
vt 0.916309 0.373969
vt 0.917618 0.373640
vt 0.918920 0.372933
vt 0.800881 0.124425
vt 0.920216 0.371858
vt 0.802659 0.124674
vt 0.921504 0.370405
vt 0.922786 0.368533
vt 0.804612 0.125178
vt 0.806777 0.125990
vt 0.871993 0.870966
vt 0.873526 0.871088
vt 0.914512 0.370017
vt 0.915959 0.369744
vt 0.917400 0.369168
vt 0.918837 0.368317
vt 0.920268 0.367201
vt 0.921695 0.365810
vt 0.806571 0.123608
vt 0.923116 0.364115
vt 0.808777 0.125014
vt 0.924531 0.362058
vt 0.872433 0.867467
vt 0.874308 0.867121
vt 0.914171 0.366087
vt 0.915702 0.365490
vt 0.917229 0.364702
vt 0.918754 0.363742
vt 0.920275 0.362613
vt 0.921794 0.361311
vt 0.923309 0.359819
vt 0.810573 0.124362
vt 0.092985 0.952391
vt 0.924820 0.358101
vt 0.872611 0.863891
vt 0.874666 0.863115
vt 0.913943 0.362100
vt 0.915521 0.361209
vt 0.917097 0.360239
vt 0.918671 0.359195
vt 0.920245 0.358080
vt 0.921817 0.356891
vt 0.923388 0.355622
vt 0.093213 0.954467
vt 0.924957 0.354261
vt 0.872553 0.860247
vt 0.874654 0.859073
vt 0.913820 0.358061
vt 0.915409 0.356904
vt 0.916999 0.355776
vt 0.918590 0.354673
vt 0.920181 0.353594
vt 0.921772 0.352539
vt 0.923364 0.351514
vt 0.093206 0.956588
vt 0.924957 0.350528
vt 0.872266 0.856537
vt 0.874286 0.854996
vt 0.913796 0.353970
vt 0.915365 0.352573
vt 0.916935 0.351313
vt 0.918508 0.350175
vt 0.920084 0.349154
vt 0.921661 0.348255
vt 0.923241 0.347491
vt 0.092970 0.958751
vt 0.924824 0.346897
vt 0.871743 0.852757
vt 0.913877 0.349826
vt 0.873547 0.850882
vt 0.874666 0.849321
vt 0.915390 0.348218
vt 0.916907 0.346851
vt 0.918428 0.345701
vt 0.919953 0.344762
vt 0.921482 0.344039
vt 0.923015 0.343558
vt 0.092499 0.960959
vt 0.924554 0.343371
vt 0.870959 0.848902
vt 0.872384 0.846729
vt 0.873280 0.844990
vt 0.915491 0.343836
vt 0.916916 0.342391
vt 0.918348 0.341257
vt 0.919784 0.340424
vt 0.921227 0.339901
vt 0.922675 0.339724
vt 0.093213 0.964605
vt 0.924131 0.339963
vt 0.091767 0.963216
vt 0.869860 0.844955
vt 0.870670 0.842533
vt 0.871194 0.840655
vt 0.915685 0.339425
vt 0.871480 0.839228
vt 0.916973 0.337938
vt 0.918268 0.336852
vt 0.919571 0.336156
vt 0.920880 0.335861
vt 0.922198 0.336011
vt 0.091556 0.967046
vt 0.090720 0.965533
vt 0.374330 0.875042
vt 0.380402 0.306162
vt 0.384227 0.307075
vt 0.373336 0.870414
vt 0.388476 0.308089
vt 0.372829 0.865510
vt 0.392986 0.309166
vt 0.372829 0.860519
vt 0.397584 0.310265
vt 0.373336 0.855632
vt 0.402093 0.311343
vt 0.374330 0.851038
vt 0.406340 0.312359
vt 0.375773 0.846912
vt 0.410162 0.313274
vt 0.377609 0.843413
vt 0.413411 0.314052
vt 0.379769 0.840677
vt 0.415964 0.314664
vt 0.382168 0.838807
vt 0.417721 0.315087
vt 0.170114 0.363281
vt 0.384715 0.837876
vt 0.168189 0.363637
vt 0.387312 0.837919
vt 0.165659 0.364105
vt 0.389859 0.838936
vt 0.162622 0.364664
vt 0.392258 0.840886
vt 0.159195 0.365295
vt 0.394418 0.843696
vt 0.155509 0.365972
vt 0.396254 0.847256
vt 0.151705 0.366671
vt 0.397697 0.851430
vt 0.147931 0.367363
vt 0.398691 0.856058
vt 0.144330 0.368022
vt 0.399197 0.860962
vt 0.141042 0.368624
vt 0.399197 0.865953
vt 0.138193 0.369144
vt 0.398691 0.870840
vt 0.135892 0.369564
vt 0.649148 0.583488
vt 0.397697 0.875434
vt 0.651647 0.583784
vt 0.396254 0.879560
vt 0.654351 0.584112
vt 0.394418 0.883058
vt 0.657155 0.584459
vt 0.392258 0.885795
vt 0.659952 0.584813
vt 0.389859 0.887665
vt 0.662635 0.585159
vt 0.387312 0.888596
vt 0.665099 0.585485
vt 0.384715 0.888552
vt 0.667251 0.585778
vt 0.382168 0.887536
vt 0.669008 0.586026
vt 0.372829 0.304359
vt 0.379768 0.885585
vt 0.377609 0.882776
vt 0.374592 0.304778
vt 0.375773 0.879216
vt 0.377149 0.305387
vt 0.170114 0.458550
vt 0.669008 0.491696
vt 0.417721 0.218740
vt 0.727652 0.055947
vt 0.726808 0.050710
vt 0.373285 0.656260
vt 0.726316 0.045942
vt 0.374109 0.661585
vt 0.726114 0.041562
vt 0.375205 0.666611
vt 0.376546 0.671366
vt 0.378125 0.675859
vt 0.379949 0.680082
vt 0.382045 0.684005
vt 0.730282 0.056386
vt 0.729776 0.049899
vt 0.729510 0.044216
vt 0.372829 0.668496
vt 0.729446 0.039154
vt 0.374255 0.673806
vt 0.729566 0.034634
vt 0.376053 0.678706
vt 0.729864 0.030634
vt 0.730345 0.027176
vt 0.378241 0.683181
vt 0.380876 0.687167
vt 0.732916 0.056727
vt 0.732724 0.049467
vt 0.732668 0.043221
vt 0.732729 0.037733
vt 0.732899 0.032897
vt 0.733172 0.028683
vt 0.377170 0.685150
vt 0.733554 0.025122
vt 0.380133 0.689209
vt 0.734053 0.022318
vt 0.945669 0.114929
vt 0.735554 0.056987
vt 0.735658 0.049303
vt 0.735799 0.042749
vt 0.735976 0.037025
vt 0.736188 0.032010
vt 0.736434 0.027672
vt 0.736715 0.024043
vt 0.737032 0.021244
vt 0.942768 0.114082
vt 0.738194 0.057172
vt 0.738580 0.049363
vt 0.738908 0.042716
vt 0.739193 0.036920
vt 0.739442 0.031849
vt 0.739656 0.027468
vt 0.739834 0.023812
vt 0.739969 0.021007
vt 0.939854 0.113740
vt 0.740838 0.057287
vt 0.741492 0.049634
vt 0.741996 0.043101
vt 0.742381 0.037388
vt 0.742661 0.032378
vt 0.742839 0.028035
vt 0.742912 0.024395
vt 0.742866 0.021575
vt 0.936928 0.113883
vt 0.743485 0.057328
vt 0.744392 0.050130
vt 0.745061 0.043925
vt 0.745538 0.038460
vt 0.745843 0.033632
vt 0.745982 0.029411
vt 0.745948 0.025826
vt 0.654416 0.364272
vt 0.745721 0.022981
vt 0.933991 0.114530
vt 0.657377 0.360203
vt 0.746136 0.057287
vt 0.747278 0.050893
vt 0.748101 0.045272
vt 0.748660 0.040245
vt 0.650060 0.380990
vt 0.748983 0.035736
vt 0.651478 0.375681
vt 0.749077 0.031725
vt 0.653271 0.370776
vt 0.748935 0.028232
vt 0.655457 0.366294
vt 0.658092 0.362294
vt 0.384468 0.687568
vt 0.387413 0.686969
vt 0.390150 0.685714
vt 0.392713 0.683914
vt 0.395120 0.681621
vt 0.397376 0.678852
vt 0.399475 0.675591
vt 0.401401 0.671784
vt 0.384090 0.690521
vt 0.947630 0.118352
vt 0.387675 0.690921
vt 0.948330 0.121664
vt 0.390895 0.690167
vt 0.948759 0.124974
vt 0.393832 0.688523
vt 0.948963 0.128283
vt 0.396524 0.686101
vt 0.948963 0.131591
vt 0.398980 0.682935
vt 0.948766 0.134898
vt 0.401190 0.678992
vt 0.948364 0.138203
vt 0.403117 0.674158
vt 0.947737 0.141507
vt 0.881852 0.023941
vt 0.383835 0.692463
vt 0.944999 0.117430
vt 0.945412 0.120931
vt 0.945651 0.124438
vt 0.945742 0.127947
vt 0.945702 0.131459
vt 0.945533 0.134973
vt 0.945231 0.138489
vt 0.944783 0.142009
vt 0.878890 0.022197
vt 0.942363 0.116863
vt 0.942494 0.120469
vt 0.942545 0.124085
vt 0.942529 0.127708
vt 0.942450 0.131336
vt 0.942312 0.134969
vt 0.942111 0.138608
vt 0.941844 0.142254
vt 0.875946 0.021253
vt 0.939721 0.116617
vt 0.939575 0.120252
vt 0.939443 0.123899
vt 0.939321 0.127556
vt 0.939207 0.131222
vt 0.939101 0.134895
vt 0.939004 0.138576
vt 0.938917 0.142266
vt 0.873018 0.021007
vt 0.937073 0.116682
vt 0.936655 0.120270
vt 0.936343 0.123874
vt 0.936118 0.127489
vt 0.935972 0.131115
vt 0.935901 0.134751
vt 0.935909 0.138396
vt 0.936004 0.142054
vt 0.870105 0.021431
vt 0.661081 0.356934
vt 0.934421 0.117069
vt 0.933734 0.120532
vt 0.933246 0.124014
vt 0.932922 0.127509
vt 0.932745 0.131016
vt 0.932712 0.134535
vt 0.932826 0.138066
vt 0.933104 0.141610
vt 0.867208 0.022553
vt 0.931762 0.117810
vt 0.661311 0.358922
vt 0.930812 0.121065
vt 0.664887 0.358532
vt 0.930152 0.124338
vt 0.668102 0.359291
vt 0.929733 0.127626
vt 0.671038 0.360937
vt 0.929529 0.130927
vt 0.673732 0.363357
vt 0.929535 0.134241
vt 0.676193 0.366519
vt 0.929757 0.137568
vt 0.678410 0.370454
vt 0.930220 0.140909
vt 0.864330 0.024475
vt 0.680350 0.375276
vt 0.403119 0.667321
vt 0.402635 0.661654
vt 0.401819 0.656341
vt 0.400728 0.651322
vt 0.399389 0.646569
vt 0.397808 0.642074
vt 0.395979 0.637844
vt 0.393875 0.633909
vt 0.404680 0.668170
vt 0.881082 0.026609
vt 0.404680 0.661327
vt 0.882003 0.030989
vt 0.404097 0.655113
vt 0.882646 0.035417
vt 0.403066 0.649383
vt 0.883057 0.039882
vt 0.401642 0.644076
vt 0.883259 0.044381
vt 0.399842 0.639173
vt 0.883259 0.048912
vt 0.397650 0.634694
vt 0.883050 0.053476
vt 0.395009 0.630698
vt 0.882610 0.058077
vt 0.878409 0.025523
vt 0.879061 0.030165
vt 0.879527 0.034864
vt 0.879840 0.039605
vt 0.880015 0.044383
vt 0.880055 0.049196
vt 0.879957 0.054046
vt 0.879705 0.058938
vt 0.875748 0.024935
vt 0.876128 0.029732
vt 0.876416 0.034589
vt 0.876628 0.039490
vt 0.876773 0.044428
vt 0.876850 0.049402
vt 0.876860 0.054414
vt 0.876794 0.059470
vt 0.873098 0.024798
vt 0.873203 0.029651
vt 0.873311 0.034563
vt 0.873420 0.039518
vt 0.873532 0.044509
vt 0.873645 0.049536
vt 0.873760 0.054598
vt 0.873877 0.059704
vt 0.870458 0.025096
vt 0.870287 0.029910
vt 0.870212 0.034778
vt 0.870216 0.039685
vt 0.870293 0.044626
vt 0.870439 0.049598
vt 0.870656 0.054603
vt 0.870953 0.059648
vt 0.867828 0.025845
vt 0.867379 0.030521
vt 0.867119 0.035242
vt 0.867017 0.039996
vt 0.867055 0.044778
vt 0.867231 0.049587
vt 0.867549 0.054424
vt 0.868024 0.059294
vt 0.865210 0.027092
vt 0.681929 0.381248
vt 0.864481 0.031522
vt 0.681929 0.388104
vt 0.864034 0.035984
vt 0.681348 0.394329
vt 0.863821 0.040469
vt 0.680320 0.400066
vt 0.863820 0.044974
vt 0.678902 0.405377
vt 0.864024 0.049498
vt 0.677109 0.410279
vt 0.864439 0.054043
vt 0.674926 0.414757
vt 0.865088 0.058611
vt 0.672296 0.418746
vt 0.391438 0.630328
vt 0.388506 0.630945
vt 0.385779 0.632212
vt 0.383220 0.634019
vt 0.380815 0.636314
vt 0.378557 0.639081
vt 0.725381 0.064835
vt 0.376453 0.642335
vt 0.374518 0.646130
vt 0.726317 0.060653
vt 0.391785 0.627330
vt 0.881891 0.062727
vt 0.882788 0.065697
vt 0.388210 0.626944
vt 0.384997 0.627707
vt 0.382063 0.629357
vt 0.727467 0.079069
vt 0.379372 0.631780
vt 0.727525 0.075881
vt 0.376915 0.634944
vt 0.727817 0.072084
vt 0.374702 0.638883
vt 0.728351 0.067652
vt 0.729153 0.062492
vt 0.879269 0.063887
vt 0.388030 0.624363
vt 0.879906 0.067553
vt 0.384513 0.624848
vt 0.880328 0.069927
vt 0.730626 0.084306
vt 0.381342 0.626427
vt 0.730547 0.081746
vt 0.730647 0.078407
vt 0.730919 0.074326
vt 0.731369 0.069468
vt 0.732019 0.063704
vt 0.876637 0.064585
vt 0.877008 0.068637
vt 0.877253 0.071239
vt 0.733655 0.085892
vt 0.733681 0.083322
vt 0.733819 0.079896
vt 0.734065 0.075654
vt 0.734423 0.070556
vt 0.734908 0.064454
vt 0.873996 0.064868
vt 0.874095 0.069049
vt 0.874159 0.071727
vt 0.736731 0.086524
vt 0.736861 0.083955
vt 0.737034 0.080501
vt 0.737249 0.076206
vt 0.737507 0.071025
vt 0.737816 0.064808
vt 0.871346 0.064747
vt 0.871167 0.068815
vt 0.871049 0.071428
vt 0.739851 0.086244
vt 0.740085 0.083686
vt 0.740291 0.080264
vt 0.740469 0.076018
vt 0.740620 0.070907
vt 0.740742 0.064785
vt 0.868688 0.064209
vt 0.868225 0.067909
vt 0.665355 0.425038
vt 0.867920 0.070305
vt 0.743019 0.085010
vt 0.661834 0.424564
vt 0.658658 0.422993
vt 0.743356 0.082473
vt 0.743591 0.079142
vt 0.743728 0.075054
vt 0.743763 0.070171
vt 0.743687 0.064367
vt 0.866019 0.063211
vt 0.669085 0.422103
vt 0.865266 0.066230
vt 0.665501 0.422508
vt 0.662282 0.421759
vt 0.746681 0.080160
vt 0.659342 0.420118
vt 0.746942 0.076983
vt 0.656648 0.417700
vt 0.654188 0.414537
vt 0.747031 0.073175
vt 0.746941 0.068708
vt 0.746655 0.063486
vt 0.390856 0.635276
vt 0.392955 0.639869
vt 0.394846 0.644681
vt 0.396549 0.649691
vt 0.398070 0.654891
vt 0.399403 0.660289
vt 0.400528 0.665905
vt 0.387989 0.637127
vt 0.390030 0.642214
vt 0.391930 0.647444
vt 0.393703 0.652804
vt 0.395354 0.658289
vt 0.396878 0.663903
vt 0.398262 0.669661
vt 0.385247 0.639381
vt 0.387186 0.644825
vt 0.389052 0.650337
vt 0.390853 0.655911
vt 0.392591 0.661545
vt 0.394264 0.667241
vt 0.395864 0.673006
vt 0.382618 0.641999
vt 0.384416 0.647676
vt 0.386210 0.653347
vt 0.388000 0.659012
vt 0.389786 0.664674
vt 0.391569 0.670329
vt 0.393348 0.675979
vt 0.380100 0.644969
vt 0.381718 0.650760
vt 0.383402 0.656471
vt 0.385143 0.662110
vt 0.386941 0.667679
vt 0.388796 0.673176
vt 0.390717 0.678594
vt 0.377694 0.648303
vt 0.379095 0.654084
vt 0.380628 0.659712
vt 0.382282 0.665202
vt 0.384052 0.670557
vt 0.385943 0.675774
vt 0.387967 0.680837
vt 0.724753 0.055303
vt 0.375414 0.652039
vt 0.376553 0.657675
vt 0.377894 0.663084
vt 0.379417 0.668288
vt 0.381117 0.673294
vt 0.383000 0.678095
vt 0.385085 0.682669
vt 0.748791 0.057148
vt 0.750145 0.052036
vt 0.650509 0.393262
vt 0.751103 0.047350
vt 0.651320 0.387948
vt 0.751732 0.043017
vt 0.652405 0.382929
vt 0.653739 0.378174
vt 0.655313 0.373677
vt 0.657137 0.369445
vt 0.659235 0.365506
vt 0.661665 0.361921
vt 0.749653 0.061979
vt 0.651756 0.403391
vt 0.751732 0.056835
vt 0.652625 0.397512
vt 0.653745 0.391895
vt 0.655072 0.386496
vt 0.656587 0.381294
vt 0.658283 0.376282
vt 0.660167 0.371467
vt 0.662258 0.366870
vt 0.664600 0.362535
vt 0.750168 0.066243
vt 0.653688 0.407195
vt 0.654898 0.401266
vt 0.656276 0.395507
vt 0.657795 0.389891
vt 0.659439 0.384404
vt 0.661205 0.379042
vt 0.663098 0.373809
vt 0.665129 0.368719
vt 0.667330 0.363800
vt 0.750395 0.070037
vt 0.655792 0.410454
vt 0.657301 0.404608
vt 0.658896 0.398842
vt 0.660563 0.393144
vt 0.662294 0.387508
vt 0.664088 0.381932
vt 0.665946 0.376417
vt 0.667875 0.370970
vt 0.669892 0.365604
vt 0.658051 0.413221
vt 0.659821 0.407578
vt 0.661595 0.401927
vt 0.663372 0.396270
vt 0.665152 0.390607
vt 0.666934 0.384939
vt 0.668719 0.379265
vt 0.670508 0.373585
vt 0.672300 0.367896
vt 0.660461 0.415510
vt 0.662455 0.410189
vt 0.664371 0.404771
vt 0.666221 0.399271
vt 0.668012 0.393700
vt 0.669746 0.388059
vt 0.671421 0.382345
vt 0.673030 0.376551
vt 0.674561 0.370659
vt 0.663026 0.417307
vt 0.665207 0.412428
vt 0.667226 0.407364
vt 0.669112 0.402145
vt 0.670876 0.396788
vt 0.672522 0.391296
vt 0.674047 0.385666
vt 0.675438 0.379882
vt 0.676668 0.373911
vt 0.665763 0.418558
vt 0.668088 0.414256
vt 0.670170 0.409680
vt 0.672047 0.404877
vt 0.673742 0.399869
vt 0.675258 0.394663
vt 0.676591 0.389252
vt 0.677721 0.383614
vt 0.678607 0.377702
vt 0.668707 0.419152
vt 0.671127 0.415587
vt 0.673219 0.411662
vt 0.675039 0.407437
vt 0.676612 0.402942
vt 0.677947 0.398185
vt 0.679036 0.393158
vt 0.679853 0.387831
vt 0.680341 0.382144
vt 0.802474 0.870264
vt 0.391759 0.115557
vt 0.387934 0.114645
vt 0.803468 0.865636
vt 0.383685 0.113631
vt 0.803975 0.860733
vt 0.379175 0.112554
vt 0.803975 0.855741
vt 0.374576 0.111456
vt 0.803468 0.850855
vt 0.370067 0.110378
vt 0.802474 0.846260
vt 0.365820 0.109363
vt 0.801031 0.842134
vt 0.361998 0.108448
vt 0.799195 0.838636
vt 0.358749 0.107670
vt 0.797036 0.835899
vt 0.356196 0.107058
vt 0.794636 0.834029
vt 0.354439 0.106636
vt 0.021007 0.382631
vt 0.792089 0.833098
vt 0.022936 0.382297
vt 0.789492 0.833142
vt 0.025471 0.381859
vt 0.786945 0.834158
vt 0.028514 0.381334
vt 0.784546 0.836109
vt 0.031948 0.380742
vt 0.782386 0.838918
vt 0.035642 0.380107
vt 0.780550 0.842478
vt 0.039453 0.379452
vt 0.779107 0.846652
vt 0.043235 0.378803
vt 0.778113 0.851280
vt 0.046843 0.378185
vt 0.777607 0.856184
vt 0.050138 0.377621
vt 0.777607 0.861175
vt 0.052993 0.377133
vt 0.778113 0.866062
vt 0.055299 0.376740
vt 0.665643 0.282701
vt 0.779107 0.870657
vt 0.663133 0.282518
vt 0.780550 0.874782
vt 0.660417 0.282311
vt 0.782386 0.878281
vt 0.657600 0.282090
vt 0.784546 0.881018
vt 0.654790 0.281862
vt 0.786945 0.882887
vt 0.652095 0.281636
vt 0.789492 0.883818
vt 0.649618 0.281421
vt 0.792089 0.883775
vt 0.647455 0.281225
vt 0.794636 0.882758
vt 0.645689 0.281056
vt 0.399332 0.117360
vt 0.797036 0.880808
vt 0.799195 0.877999
vt 0.397569 0.116941
vt 0.801031 0.874439
vt 0.395012 0.116333
vt 0.055299 0.471834
vt 0.665643 0.188547
vt 0.399332 0.021007
vt 0.045045 0.683234
vt 0.046398 0.678122
vt 0.651320 0.057335
vt 0.047356 0.673436
vt 0.652131 0.052021
vt 0.047986 0.669103
vt 0.653216 0.047001
vt 0.654550 0.042247
vt 0.656124 0.037749
vt 0.657948 0.033517
vt 0.660046 0.029579
vt 0.042390 0.683373
vt 0.043532 0.676979
vt 0.044354 0.671358
vt 0.650871 0.045063
vt 0.044914 0.666331
vt 0.652289 0.039754
vt 0.045237 0.661822
vt 0.654082 0.034849
vt 0.045331 0.657811
vt 0.045189 0.654318
vt 0.656268 0.030366
vt 0.658903 0.026367
vt 0.039739 0.683414
vt 0.040646 0.676216
vt 0.041315 0.670011
vt 0.041792 0.664546
vt 0.042097 0.659718
vt 0.042235 0.655497
vt 0.655227 0.028344
vt 0.042201 0.651912
vt 0.658188 0.024275
vt 0.041975 0.649067
vt 0.929735 0.021797
vt 0.037092 0.683373
vt 0.037746 0.675720
vt 0.038249 0.669187
vt 0.038635 0.663475
vt 0.038914 0.658464
vt 0.039093 0.654122
vt 0.039165 0.650481
vt 0.039120 0.647661
vt 0.932672 0.021149
vt 0.034448 0.683259
vt 0.034834 0.675449
vt 0.035162 0.668803
vt 0.035447 0.663006
vt 0.035695 0.657935
vt 0.035910 0.653554
vt 0.036087 0.649899
vt 0.036223 0.647093
vt 0.935598 0.021007
vt 0.031807 0.683073
vt 0.031911 0.675389
vt 0.032053 0.668835
vt 0.032230 0.663111
vt 0.032442 0.658096
vt 0.032688 0.653758
vt 0.032969 0.650129
vt 0.033285 0.647330
vt 0.938512 0.021349
vt 0.029170 0.682814
vt 0.028977 0.675553
vt 0.028921 0.669307
vt 0.028983 0.663819
vt 0.029152 0.658983
vt 0.029426 0.654769
vt 0.029808 0.651208
vt 0.653489 0.688827
vt 0.030307 0.648404
vt 0.941414 0.022196
vt 0.656452 0.692886
vt 0.026536 0.682473
vt 0.026029 0.675985
vt 0.025764 0.670302
vt 0.025700 0.665240
vt 0.649148 0.672173
vt 0.025820 0.660720
vt 0.650573 0.677482
vt 0.026117 0.656720
vt 0.652372 0.682383
vt 0.026598 0.653262
vt 0.654560 0.686858
vt 0.657195 0.690844
vt 0.662476 0.025994
vt 0.665411 0.026608
vt 0.668141 0.027872
vt 0.670703 0.029676
vt 0.673111 0.031968
vt 0.675372 0.034732
vt 0.677479 0.037984
vt 0.679418 0.041775
vt 0.662122 0.022995
vt 0.927506 0.025077
vt 0.665698 0.022605
vt 0.926556 0.028332
vt 0.668913 0.023364
vt 0.925897 0.031605
vt 0.671849 0.025010
vt 0.925477 0.034893
vt 0.674543 0.027430
vt 0.925273 0.038194
vt 0.677004 0.030591
vt 0.925279 0.041507
vt 0.679221 0.034527
vt 0.925502 0.044834
vt 0.681161 0.039349
vt 0.925964 0.048176
vt 0.649658 0.845028
vt 0.661892 0.021007
vt 0.930165 0.024335
vt 0.929478 0.027799
vt 0.928990 0.031280
vt 0.928666 0.034776
vt 0.928490 0.038283
vt 0.928456 0.041801
vt 0.928571 0.045332
vt 0.928849 0.048877
vt 0.652537 0.843106
vt 0.932818 0.023949
vt 0.932399 0.027537
vt 0.932087 0.031140
vt 0.931863 0.034756
vt 0.931716 0.038381
vt 0.931646 0.042017
vt 0.931654 0.045663
vt 0.931749 0.049321
vt 0.655433 0.841984
vt 0.935465 0.023884
vt 0.935319 0.027518
vt 0.935187 0.031166
vt 0.935065 0.034823
vt 0.934951 0.038488
vt 0.934846 0.042161
vt 0.934749 0.045842
vt 0.934662 0.049533
vt 0.658346 0.841560
vt 0.938107 0.024129
vt 0.938238 0.027736
vt 0.938290 0.031352
vt 0.938273 0.034975
vt 0.938194 0.038603
vt 0.938056 0.042236
vt 0.937856 0.045875
vt 0.937588 0.049520
vt 0.661274 0.841806
vt 0.660154 0.696140
vt 0.940744 0.024696
vt 0.941157 0.028198
vt 0.941395 0.031704
vt 0.941487 0.035213
vt 0.941446 0.038725
vt 0.941277 0.042239
vt 0.940975 0.045756
vt 0.940527 0.049275
vt 0.664218 0.842750
vt 0.943374 0.025619
vt 0.660409 0.694198
vt 0.944074 0.028930
vt 0.663994 0.694598
vt 0.944504 0.032240
vt 0.667213 0.693844
vt 0.944708 0.035549
vt 0.670151 0.692200
vt 0.944708 0.038857
vt 0.672843 0.689778
vt 0.944510 0.042164
vt 0.675299 0.686612
vt 0.944109 0.045470
vt 0.677508 0.682668
vt 0.943482 0.048774
vt 0.667180 0.844494
vt 0.679436 0.677835
vt 0.681152 0.046217
vt 0.680664 0.051904
vt 0.679847 0.057231
vt 0.678758 0.062258
vt 0.677423 0.067015
vt 0.675850 0.071510
vt 0.674030 0.075734
vt 0.671938 0.079660
vt 0.682739 0.045320
vt 0.650538 0.847645
vt 0.682739 0.052177
vt 0.649809 0.852075
vt 0.682159 0.058401
vt 0.649362 0.856537
vt 0.681131 0.064138
vt 0.649149 0.861021
vt 0.679713 0.069449
vt 0.649148 0.865527
vt 0.677920 0.074352
vt 0.649352 0.870051
vt 0.675737 0.078829
vt 0.649767 0.874596
vt 0.673107 0.082819
vt 0.650416 0.879164
vt 0.653156 0.846398
vt 0.652707 0.851074
vt 0.652448 0.855795
vt 0.652345 0.860549
vt 0.652384 0.865331
vt 0.652560 0.870140
vt 0.652877 0.874977
vt 0.653352 0.879847
vt 0.655786 0.845649
vt 0.655615 0.850463
vt 0.655540 0.855331
vt 0.655545 0.860238
vt 0.655621 0.865179
vt 0.655767 0.870151
vt 0.655984 0.875156
vt 0.656281 0.880201
vt 0.658426 0.845351
vt 0.658531 0.850204
vt 0.658639 0.855116
vt 0.658749 0.860071
vt 0.658860 0.865062
vt 0.658973 0.870089
vt 0.659088 0.875151
vt 0.659205 0.880257
vt 0.661077 0.845488
vt 0.661456 0.850285
vt 0.661744 0.855142
vt 0.661956 0.860043
vt 0.662101 0.864981
vt 0.662179 0.869955
vt 0.662188 0.874967
vt 0.662122 0.880023
vt 0.663738 0.846076
vt 0.664389 0.850718
vt 0.664855 0.855417
vt 0.665169 0.860158
vt 0.665343 0.864936
vt 0.665383 0.869749
vt 0.665285 0.874599
vt 0.665033 0.879491
vt 0.666410 0.847162
vt 0.680998 0.671847
vt 0.667331 0.851542
vt 0.680998 0.665004
vt 0.667974 0.855970
vt 0.680416 0.658790
vt 0.668385 0.860435
vt 0.679384 0.653060
vt 0.668588 0.864934
vt 0.677960 0.647752
vt 0.668588 0.869465
vt 0.676160 0.642850
vt 0.668379 0.874029
vt 0.673968 0.638370
vt 0.667938 0.878630
vt 0.671327 0.634375
vt 0.669518 0.083225
vt 0.666574 0.082631
vt 0.663837 0.081379
vt 0.661272 0.079583
vt 0.658862 0.077293
vt 0.046649 0.696123
vt 0.656603 0.074527
vt 0.046421 0.692329
vt 0.654499 0.071268
vt 0.652567 0.067464
vt 0.045906 0.688065
vt 0.669896 0.086176
vt 0.651347 0.883764
vt 0.650594 0.886783
vt 0.666312 0.086581
vt 0.663093 0.085831
vt 0.660153 0.084191
vt 0.042934 0.706246
vt 0.657459 0.081773
vt 0.043196 0.703070
vt 0.654999 0.078610
vt 0.043284 0.699261
vt 0.043194 0.694794
vt 0.042909 0.689572
vt 0.654016 0.884762
vt 0.666166 0.089111
vt 0.653553 0.888462
vt 0.662645 0.088637
vt 0.653248 0.890858
vt 0.039273 0.711096
vt 0.659469 0.087066
vt 0.039610 0.708559
vt 0.039845 0.705228
vt 0.039981 0.701140
vt 0.040016 0.696258
vt 0.039941 0.690453
vt 0.656674 0.885300
vt 0.656495 0.889368
vt 0.656377 0.891981
vt 0.036105 0.712330
vt 0.036339 0.709772
vt 0.036545 0.706350
vt 0.036723 0.702104
vt 0.036874 0.696994
vt 0.036996 0.690872
vt 0.659324 0.885421
vt 0.659423 0.889602
vt 0.659487 0.892280
vt 0.032984 0.712610
vt 0.033115 0.710041
vt 0.033288 0.706587
vt 0.033503 0.702292
vt 0.033761 0.697111
vt 0.034070 0.690894
vt 0.661965 0.885138
vt 0.662336 0.889190
vt 0.662581 0.891792
vt 0.029908 0.711978
vt 0.029934 0.709409
vt 0.030072 0.705983
vt 0.030319 0.701741
vt 0.030677 0.696642
vt 0.031162 0.690540
vt 0.664597 0.884440
vt 0.665235 0.888106
vt 0.664348 0.628040
vt 0.665656 0.890480
vt 0.026879 0.710392
vt 0.660832 0.628525
vt 0.657660 0.630103
vt 0.026801 0.707832
vt 0.026900 0.704493
vt 0.027172 0.700412
vt 0.027623 0.695554
vt 0.028273 0.689791
vt 0.667220 0.883280
vt 0.668104 0.631007
vt 0.668116 0.886250
vt 0.664528 0.630621
vt 0.661315 0.631384
vt 0.023721 0.705155
vt 0.658381 0.633033
vt 0.023779 0.701967
vt 0.655691 0.635457
vt 0.024071 0.698170
vt 0.653234 0.638621
vt 0.651020 0.642559
vt 0.024604 0.693738
vt 0.025406 0.688578
vt 0.668899 0.078329
vt 0.670980 0.073753
vt 0.672858 0.068950
vt 0.674553 0.063942
vt 0.676069 0.058736
vt 0.677402 0.053325
vt 0.678532 0.047687
vt 0.666018 0.076501
vt 0.668037 0.071436
vt 0.669922 0.066218
vt 0.671687 0.060861
vt 0.673333 0.055369
vt 0.674858 0.049739
vt 0.676249 0.043954
vt 0.663266 0.074262
vt 0.665182 0.068843
vt 0.667032 0.063344
vt 0.668823 0.057773
vt 0.670557 0.052132
vt 0.672232 0.046418
vt 0.673841 0.040624
vt 0.660632 0.071651
vt 0.662406 0.066000
vt 0.664183 0.060343
vt 0.665963 0.054679
vt 0.667745 0.049011
vt 0.669530 0.043337
vt 0.671319 0.037657
vt 0.658112 0.068681
vt 0.659707 0.062915
vt 0.661374 0.057217
vt 0.663105 0.051581
vt 0.664899 0.046004
vt 0.666757 0.040490
vt 0.668686 0.035043
vt 0.655709 0.065338
vt 0.657087 0.059580
vt 0.658606 0.053964
vt 0.660250 0.048477
vt 0.662016 0.043115
vt 0.663908 0.037882
vt 0.665940 0.032792
vt 0.047986 0.682921
vt 0.653436 0.061585
vt 0.654556 0.055968
vt 0.655883 0.050569
vt 0.657398 0.045366
vt 0.659094 0.040355
vt 0.660978 0.035540
vt 0.663069 0.030943
vt 0.023906 0.682033
vt 0.023062 0.676797
vt 0.649603 0.659937
vt 0.022569 0.672028
vt 0.650428 0.665262
vt 0.022368 0.667648
vt 0.651524 0.670287
vt 0.652865 0.675043
vt 0.654444 0.679536
vt 0.656268 0.683758
vt 0.658364 0.687682
vt 0.660787 0.691244
vt 0.022570 0.686740
vt 0.650837 0.649806
vt 0.021007 0.681389
vt 0.651733 0.655716
vt 0.652872 0.661352
vt 0.654212 0.666761
vt 0.655736 0.671965
vt 0.657436 0.676970
vt 0.659319 0.681771
vt 0.661404 0.686345
vt 0.663732 0.690646
vt 0.021634 0.690921
vt 0.652772 0.646012
vt 0.654013 0.651980
vt 0.655413 0.657761
vt 0.656947 0.663389
vt 0.658601 0.668878
vt 0.660371 0.674234
vt 0.662262 0.679450
vt 0.664285 0.684513
vt 0.666469 0.689391
vt 0.654876 0.642758
vt 0.656418 0.648646
vt 0.658037 0.654437
vt 0.659720 0.660147
vt 0.661462 0.665786
vt 0.663259 0.671356
vt 0.665115 0.676853
vt 0.667035 0.682270
vt 0.669032 0.687591
vt 0.657133 0.639991
vt 0.658937 0.645676
vt 0.660735 0.651353
vt 0.662529 0.657023
vt 0.664319 0.662689
vt 0.666105 0.668350
vt 0.667888 0.674006
vt 0.669666 0.679656
vt 0.671439 0.685298
vt 0.659539 0.637696
vt 0.661566 0.643058
vt 0.663505 0.648501
vt 0.665371 0.654013
vt 0.667172 0.659587
vt 0.668910 0.665222
vt 0.670583 0.670918
vt 0.672183 0.676683
vt 0.673695 0.682529
vt 0.662097 0.635889
vt 0.664308 0.640804
vt 0.666348 0.645891
vt 0.668249 0.651121
vt 0.670022 0.656480
vt 0.671673 0.661965
vt 0.673197 0.667580
vt 0.674580 0.673338
vt 0.675794 0.679268
vt 0.664825 0.634622
vt 0.667175 0.638952
vt 0.669274 0.643546
vt 0.671165 0.648358
vt 0.672868 0.653367
vt 0.674389 0.658568
vt 0.675721 0.663966
vt 0.676846 0.669582
vt 0.677720 0.675461
vt 0.667757 0.634005
vt 0.670193 0.637586
vt 0.672298 0.641521
vt 0.674127 0.645751
vt 0.675707 0.650246
vt 0.677047 0.654999
vt 0.678138 0.660018
vt 0.678954 0.665331
vt 0.679438 0.670998
vt 0.525374 0.442618
vt 0.593885 0.363389
vt 0.590786 0.366165
vt 0.522399 0.439709
vt 0.587875 0.369226
vt 0.519626 0.436523
vt 0.585265 0.372456
vt 0.465083 0.624363
vt 0.517161 0.433181
vt 0.462075 0.626732
vt 0.515098 0.429812
vt 0.459005 0.628816
vt 0.513517 0.426546
vt 0.455992 0.630535
vt 0.512479 0.423508
vt 0.453151 0.631823
vt 0.512023 0.420815
vt 0.450591 0.632630
vt 0.512168 0.418570
vt 0.448410 0.632926
vt 0.512906 0.416860
vt 0.446694 0.632700
vt 0.313505 0.707924
vt 0.514211 0.415751
vt 0.315339 0.709157
vt 0.516032 0.415284
vt 0.317705 0.710169
vt 0.518299 0.415479
vt 0.320511 0.710922
vt 0.520925 0.416327
vt 0.323650 0.711387
vt 0.523808 0.417796
vt 0.327001 0.711546
vt 0.526839 0.419829
vt 0.529901 0.422348
vt 0.532875 0.425257
vt 0.535648 0.428444
vt 0.330236 0.351874
vt 0.538114 0.431786
vt 0.327551 0.352589
vt 0.192879 0.720690
vt 0.540176 0.435155
vt 0.194711 0.721060
vt 0.541757 0.438421
vt 0.196790 0.721480
vt 0.542795 0.441459
vt 0.199036 0.721936
vt 0.543251 0.444152
vt 0.201363 0.722409
vt 0.543107 0.446396
vt 0.203681 0.722882
vt 0.542368 0.448106
vt 0.205902 0.723336
vt 0.541063 0.449216
vt 0.207940 0.723753
vt 0.608046 0.356934
vt 0.539242 0.449682
vt 0.605774 0.357031
vt 0.536975 0.449488
vt 0.603115 0.357764
vt 0.534350 0.448640
vt 0.531466 0.447171
vt 0.600170 0.359107
vt 0.528435 0.445138
vt 0.597054 0.361006
vt 0.465083 0.711429
vt 0.327001 0.644617
vt 0.543251 0.357100
vt 0.330236 0.417720
vt 0.207940 0.633818
vt 0.608046 0.449682
vt 0.859461 0.761845
vt 0.859514 0.766934
vt 0.859563 0.771461
vt 0.859608 0.775521
vt 0.859650 0.779159
vt 0.859689 0.782388
vt 0.859725 0.785196
vt 0.859757 0.787536
vt 0.857080 0.759253
vt 0.856512 0.765037
vt 0.856177 0.770113
vt 0.856011 0.774632
vt 0.855988 0.778660
vt 0.856101 0.782214
vt 0.856356 0.785276
vt 0.856781 0.787781
vt 0.661578 0.962735
vt 0.854938 0.756865
vt 0.853925 0.763007
vt 0.853317 0.768376
vt 0.853001 0.773158
vt 0.852931 0.777429
vt 0.853096 0.781211
vt 0.820162 0.070238
vt 0.853508 0.784482
vt 0.818144 0.074488
vt 0.854211 0.787165
vt 0.664153 0.961500
vt 0.815687 0.078278
vt 0.852993 0.754647
vt 0.851659 0.760897
vt 0.850850 0.766370
vt 0.850422 0.771265
vt 0.821806 0.058977
vt 0.850318 0.775663
vt 0.820482 0.064165
vt 0.850521 0.779588
vt 0.818803 0.068983
vt 0.816752 0.073413
vt 0.814270 0.077393
vt 0.851228 0.752581
vt 0.849671 0.758727
vt 0.821806 0.045585
vt 0.848720 0.764140
vt 0.821193 0.051581
vt 0.848212 0.769019
vt 0.820179 0.057161
vt 0.818824 0.062386
vt 0.817144 0.067273
vt 0.815123 0.071805
vt 0.812701 0.075921
vt 0.820246 0.037561
vt 0.849636 0.750664
vt 0.847952 0.756500
vt 0.819998 0.043863
vt 0.819274 0.049671
vt 0.818204 0.055122
vt 0.816842 0.060269
vt 0.815201 0.065128
vt 0.813267 0.069684
vt 0.810988 0.073882
vt 0.848223 0.748900
vt 0.818331 0.036376
vt 0.817842 0.042210
vt 0.816986 0.047665
vt 0.815864 0.052847
vt 0.814517 0.057797
vt 0.812958 0.062528
vt 0.811174 0.067028
vt 0.809124 0.071255
vt 0.816095 0.035494
vt 0.815291 0.040623
vt 0.814272 0.045534
vt 0.813099 0.050288
vt 0.811793 0.054909
vt 0.810363 0.059403
vt 0.808801 0.063764
vt 0.807083 0.067968
vt 0.658619 0.961961
vt 0.859785 0.789314
vt 0.656278 0.960865
vt 0.862149 0.789580
vt 0.668062 0.738323
vt 0.654167 0.959500
vt 0.652248 0.957911
vt 0.666608 0.738974
vt 0.650501 0.956119
vt 0.665129 0.740231
vt 0.663624 0.742074
vt 0.662094 0.744523
vt 0.660535 0.747643
vt 0.857438 0.789579
vt 0.660987 0.960881
vt 0.658656 0.959402
vt 0.656492 0.957717
vt 0.654469 0.955860
vt 0.662104 0.738154
vt 0.652571 0.953849
vt 0.660499 0.740258
vt 0.650797 0.951688
vt 0.649148 0.949373
vt 0.658985 0.743180
vt 0.657578 0.747036
vt 0.812652 0.081464
vt 0.663117 0.959530
vt 0.660849 0.957731
vt 0.658689 0.955790
vt 0.656618 0.953732
vt 0.654629 0.951567
vt 0.652718 0.949301
vt 0.656374 0.743038
vt 0.650888 0.946928
vt 0.649148 0.944438
vt 0.655088 0.747293
vt 0.811205 0.080767
vt 0.665047 0.957954
vt 0.662890 0.955888
vt 0.660780 0.953746
vt 0.658711 0.951540
vt 0.656677 0.949277
vt 0.654679 0.946960
vt 0.652718 0.944586
vt 0.650796 0.942150
vt 0.652967 0.748206
vt 0.666797 0.956174
vt 0.809732 0.079467
vt 0.806700 0.081595
vt 0.664793 0.953890
vt 0.662777 0.951595
vt 0.660751 0.949291
vt 0.658718 0.946980
vt 0.656677 0.944663
vt 0.654629 0.942339
vt 0.651173 0.749689
vt 0.652571 0.940006
vt 0.808233 0.077586
vt 0.666562 0.951741
vt 0.805101 0.079447
vt 0.802463 0.079898
vt 0.664681 0.949341
vt 0.662742 0.946987
vt 0.660751 0.944677
vt 0.658711 0.942408
vt 0.656618 0.940182
vt 0.654469 0.938003
vt 0.806707 0.075103
vt 0.803592 0.076485
vt 0.666490 0.946981
vt 0.800976 0.076670
vt 0.798740 0.075971
vt 0.664681 0.944627
vt 0.662776 0.942366
vt 0.660780 0.940196
vt 0.658689 0.938119
vt 0.656492 0.936145
vt 0.142871 0.913808
vt 0.805152 0.071954
vt 0.802190 0.072593
vt 0.799695 0.072373
vt 0.666562 0.942203
vt 0.797568 0.071500
vt 0.795767 0.070061
vt 0.664793 0.940047
vt 0.662890 0.938031
vt 0.660849 0.936159
vt 0.147228 0.913808
vt 0.658656 0.934447
vt 0.145058 0.912298
vt 0.658942 0.751571
vt 0.660178 0.755682
vt 0.661416 0.759799
vt 0.662654 0.763921
vt 0.663894 0.768047
vt 0.665134 0.772177
vt 0.666375 0.776311
vt 0.667617 0.780450
vt 0.656323 0.752088
vt 0.657126 0.757218
vt 0.658143 0.762130
vt 0.659317 0.766884
vt 0.660623 0.771505
vt 0.662054 0.775998
vt 0.663618 0.780359
vt 0.665338 0.784561
vt 0.654090 0.752970
vt 0.654577 0.758805
vt 0.655432 0.764260
vt 0.656554 0.769442
vt 0.657901 0.774392
vt 0.659461 0.779123
vt 0.661247 0.783622
vt 0.663299 0.787848
vt 0.652177 0.754154
vt 0.652423 0.760457
vt 0.653147 0.766266
vt 0.654216 0.771717
vt 0.655579 0.776864
vt 0.657221 0.781722
vt 0.659157 0.786277
vt 0.661438 0.790474
vt 0.650501 0.937662
vt 0.650554 0.755611
vt 0.650618 0.762178
vt 0.651231 0.768174
vt 0.652244 0.773755
vt 0.653600 0.778980
vt 0.655281 0.783866
vt 0.657304 0.788398
vt 0.659729 0.792512
vt 0.652248 0.935879
vt 0.649211 0.757333
vt 0.138669 0.911284
vt 0.649148 0.763967
vt 0.137299 0.906983
vt 0.649668 0.769994
vt 0.136462 0.902643
vt 0.650621 0.775569
vt 0.136013 0.898273
vt 0.651946 0.780757
vt 0.135892 0.893879
vt 0.653626 0.785575
vt 0.136082 0.889461
vt 0.655678 0.790005
vt 0.136600 0.885017
vt 0.658163 0.793984
vt 0.137506 0.880545
vt 0.654167 0.934294
vt 0.140594 0.910797
vt 0.139547 0.906640
vt 0.138912 0.902444
vt 0.138574 0.898219
vt 0.138488 0.893968
vt 0.138641 0.889692
vt 0.139045 0.885391
vt 0.139747 0.881060
vt 0.142719 0.909871
vt 0.142118 0.905958
vt 0.141757 0.902009
vt 0.141571 0.898032
vt 0.141532 0.894030
vt 0.141634 0.890004
vt 0.141883 0.885953
vt 0.142307 0.881875
vt 0.668860 0.784595
vt 0.671485 0.784101
vt 0.870482 0.748908
vt 0.673724 0.783247
vt 0.675644 0.782097
vt 0.869091 0.750671
vt 0.867527 0.752587
vt 0.865794 0.754652
vt 0.863888 0.756869
vt 0.861790 0.759255
vt 0.667272 0.788546
vt 0.670237 0.789184
vt 0.672735 0.788963
vt 0.868821 0.743224
vt 0.867190 0.744804
vt 0.865431 0.746802
vt 0.863550 0.749198
vt 0.861543 0.752012
vt 0.859395 0.755310
vt 0.665720 0.791694
vt 0.668838 0.793075
vt 0.671457 0.793258
vt 0.867057 0.738770
vt 0.865244 0.740227
vt 0.863351 0.742278
vt 0.861379 0.744895
vt 0.859326 0.748104
vt 0.857185 0.752010
vt 0.664197 0.794177
vt 0.667332 0.796036
vt 0.669973 0.796486
vt 0.865206 0.735245
vt 0.863262 0.736605
vt 0.861281 0.738678
vt 0.859266 0.741429
vt 0.857216 0.744893
vt 0.855127 0.749195
vt 0.662701 0.796057
vt 0.665737 0.798183
vt 0.139272 0.872085
vt 0.668316 0.798790
vt 0.141332 0.869755
vt 0.863276 0.732526
vt 0.861244 0.733801
vt 0.859221 0.735864
vt 0.857207 0.738676
vt 0.855202 0.742275
vt 0.853207 0.746797
vt 0.661231 0.797356
vt 0.138945 0.876033
vt 0.664057 0.799546
vt 0.141165 0.872484
vt 0.861270 0.730575
vt 0.143317 0.870224
vt 0.145413 0.868909
vt 0.859193 0.731778
vt 0.857169 0.733800
vt 0.855198 0.736602
vt 0.853279 0.740223
vt 0.851421 0.744798
vt 0.140862 0.876690
vt 0.143187 0.873485
vt 0.145385 0.871427
vt 0.857107 0.730574
vt 0.147480 0.870224
vt 0.855127 0.732523
vt 0.149481 0.869755
vt 0.812895 0.021007
vt 0.853242 0.735241
vt 0.814559 0.023265
vt 0.851453 0.738764
vt 0.816050 0.026448
vt 0.849772 0.743217
vt 0.817334 0.030701
vt 0.142971 0.877761
vt 0.145349 0.875175
vt 0.147544 0.873485
vt 0.149588 0.872484
vt 0.151495 0.872085
vt 0.810323 0.021565
vt 0.811924 0.023668
vt 0.813437 0.026589
vt 0.814842 0.030443
vt 0.670673 0.778931
vt 0.669650 0.773993
vt 0.668473 0.769225
vt 0.667166 0.764600
vt 0.665736 0.760110
vt 0.664175 0.755765
vt 0.662461 0.751588
vt 0.673228 0.777370
vt 0.672367 0.771888
vt 0.671242 0.766691
vt 0.669894 0.761736
vt 0.668334 0.757010
vt 0.666552 0.752526
vt 0.664506 0.748327
vt 0.870899 0.756509
vt 0.675389 0.775752
vt 0.674660 0.769917
vt 0.673587 0.764452
vt 0.672223 0.759300
vt 0.670582 0.754446
vt 0.668650 0.749906
vt 0.666374 0.745735
vt 0.677203 0.774072
vt 0.869212 0.758734
vt 0.676585 0.768051
vt 0.870281 0.764148
vt 0.870899 0.769027
vt 0.675569 0.762457
vt 0.674212 0.757228
vt 0.672532 0.752346
vt 0.670511 0.747828
vt 0.668093 0.743737
vt 0.867259 0.760903
vt 0.868186 0.766376
vt 0.677203 0.760695
vt 0.868723 0.771272
vt 0.675877 0.755503
vt 0.868930 0.775670
vt 0.868822 0.779595
vt 0.674198 0.750689
vt 0.672149 0.746271
vt 0.669668 0.742313
vt 0.865028 0.763011
vt 0.865752 0.768381
vt 0.866175 0.773163
vt 0.866343 0.777434
vt 0.675566 0.749497
vt 0.866270 0.781216
vt 0.673549 0.745256
vt 0.865942 0.784487
vt 0.671094 0.741483
vt 0.865314 0.787169
vt 0.653052 0.961462
vt 0.862478 0.765039
vt 0.862922 0.770116
vt 0.863189 0.774635
vt 0.863305 0.778662
vt 0.863279 0.782216
vt 0.863101 0.785278
vt 0.655613 0.962715
vt 0.862747 0.787783
vt 0.813475 0.034976
vt 0.812237 0.039087
vt 0.810999 0.043204
vt 0.809760 0.047326
vt 0.808521 0.051452
vt 0.807282 0.055582
vt 0.806042 0.059717
vt 0.804802 0.063857
vt 0.803562 0.068002
vt 0.811882 0.031050
vt 0.809955 0.034994
vt 0.808239 0.039170
vt 0.806678 0.043516
vt 0.805248 0.048005
vt 0.803943 0.052631
vt 0.802768 0.057400
vt 0.801747 0.062339
vt 0.800939 0.067509
vt 0.810325 0.027931
vt 0.807911 0.031734
vt 0.805864 0.035933
vt 0.804081 0.040417
vt 0.802522 0.045143
vt 0.801175 0.050099
vt 0.800052 0.055296
vt 0.799194 0.060779
vt 0.798701 0.066657
vt 0.808797 0.025483
vt 0.806045 0.029143
vt 0.803768 0.033314
vt 0.801835 0.037854
vt 0.800195 0.042708
vt 0.798832 0.047860
vt 0.797761 0.053326
vt 0.797035 0.059162
vt 0.796783 0.065508
vt 0.153500 0.875752
vt 0.807295 0.023641
vt 0.804329 0.027147
vt 0.801909 0.031238
vt 0.799888 0.035755
vt 0.798209 0.040638
vt 0.796853 0.045868
vt 0.795839 0.051462
vt 0.795223 0.057483
vt 0.666797 0.937717
vt 0.795154 0.064089
vt 0.805818 0.022386
vt 0.151745 0.876033
vt 0.802756 0.025724
vt 0.153106 0.880545
vt 0.800275 0.029682
vt 0.153936 0.885017
vt 0.798225 0.034101
vt 0.154382 0.889461
vt 0.796547 0.038915
vt 0.154503 0.893879
vt 0.795222 0.044107
vt 0.154313 0.898273
vt 0.794268 0.049694
vt 0.153798 0.902643
vt 0.793746 0.055743
vt 0.152899 0.906983
vt 0.665047 0.935922
vt 0.793804 0.062411
vt 0.151469 0.911284
vt 0.149812 0.876690
vt 0.150850 0.881060
vt 0.151479 0.885391
vt 0.151814 0.889692
vt 0.151899 0.893968
vt 0.151747 0.898219
vt 0.151346 0.902444
vt 0.150650 0.906640
vt 0.663116 0.934324
vt 0.149545 0.910797
vt 0.147681 0.877761
vt 0.148273 0.881875
vt 0.148628 0.885953
vt 0.148811 0.890004
vt 0.148849 0.894030
vt 0.148749 0.898032
vt 0.148502 0.902009
vt 0.148084 0.905958
vt 0.147429 0.909871
vt 0.145311 0.879331
vt 0.145279 0.883050
vt 0.145248 0.886741
vt 0.145218 0.890409
vt 0.145189 0.894055
vt 0.145161 0.897680
vt 0.145134 0.901285
vt 0.145108 0.904865
vt 0.145084 0.908418
vt 0.526215 0.027864
vt 0.594693 0.107005
vt 0.591562 0.104261
vt 0.523202 0.030738
vt 0.588610 0.101227
vt 0.520382 0.033894
vt 0.585952 0.098019
vt 0.597418 0.710973
vt 0.517862 0.037212
vt 0.594385 0.708612
vt 0.515739 0.040565
vt 0.591292 0.706533
vt 0.514096 0.043823
vt 0.588256 0.704816
vt 0.512995 0.046861
vt 0.585395 0.703528
vt 0.512479 0.049562
vt 0.582817 0.702717
vt 0.512568 0.051823
vt 0.580624 0.702414
vt 0.513257 0.053557
vt 0.578898 0.702632
vt 0.722116 0.768197
vt 0.514521 0.054697
vt 0.723948 0.766988
vt 0.516311 0.055199
vt 0.726310 0.766008
vt 0.518558 0.055045
vt 0.729112 0.765296
vt 0.521176 0.054239
vt 0.732247 0.764878
vt 0.524065 0.052813
vt 0.735593 0.764771
vt 0.527112 0.050822
vt 0.530202 0.048342
vt 0.533215 0.045468
vt 0.536036 0.042312
vt 0.211759 0.566150
vt 0.538556 0.038994
vt 0.209069 0.565391
vt 0.135892 0.636846
vt 0.540678 0.035641
vt 0.137684 0.636459
vt 0.542321 0.032384
vt 0.139731 0.636028
vt 0.543422 0.029346
vt 0.141954 0.635570
vt 0.543938 0.026644
vt 0.144268 0.635102
vt 0.543850 0.024383
vt 0.146583 0.634643
vt 0.543160 0.022649
vt 0.148811 0.634209
vt 0.541896 0.021509
vt 0.150865 0.633818
vt 0.608857 0.113277
vt 0.540106 0.021007
vt 0.606607 0.113215
vt 0.537859 0.021162
vt 0.603958 0.112519
vt 0.535241 0.021967
vt 0.532353 0.023393
vt 0.601013 0.111215
vt 0.529305 0.025384
vt 0.597885 0.109353
vt 0.597418 0.624450
vt 0.735593 0.831654
vt 0.543938 0.113117
vt 0.211759 0.500564
vt 0.150865 0.724288
vt 0.608857 0.021007
vt 0.859406 0.655777
vt 0.859385 0.650687
vt 0.859368 0.646160
vt 0.859353 0.642100
vt 0.859340 0.638461
vt 0.859329 0.635232
vt 0.859321 0.632424
vt 0.859315 0.630083
vt 0.857062 0.658368
vt 0.856410 0.652583
vt 0.856001 0.647506
vt 0.855768 0.642987
vt 0.855684 0.638959
vt 0.855742 0.635405
vt 0.855949 0.632343
vt 0.856333 0.629838
vt 0.379294 0.959034
vt 0.854953 0.660755
vt 0.853852 0.654612
vt 0.853165 0.649242
vt 0.852778 0.644460
vt 0.852644 0.640189
vt 0.852750 0.636407
vt 0.047428 0.765965
vt 0.853110 0.633136
vt 0.045412 0.761723
vt 0.853769 0.630452
vt 0.376733 0.957776
vt 0.042959 0.757946
vt 0.853039 0.662973
vt 0.851613 0.656721
vt 0.850724 0.651248
vt 0.850224 0.646352
vt 0.049051 0.777181
vt 0.850053 0.641954
vt 0.047723 0.771991
vt 0.850195 0.638029
vt 0.046043 0.767176
vt 0.043995 0.762755
vt 0.041520 0.758792
vt 0.851301 0.665037
vt 0.849655 0.658891
vt 0.049051 0.790563
vt 0.848624 0.653477
vt 0.048425 0.784549
vt 0.848043 0.648598
vt 0.047403 0.778959
vt 0.046043 0.773732
vt 0.044363 0.768849
vt 0.042345 0.764328
vt 0.039932 0.760230
vt 0.047495 0.798588
vt 0.849733 0.666954
vt 0.847964 0.661117
vt 0.047227 0.792255
vt 0.046488 0.786428
vt 0.045410 0.780967
vt 0.044043 0.775817
vt 0.042402 0.770962
vt 0.040472 0.766418
vt 0.038203 0.762241
vt 0.848342 0.668718
vt 0.045566 0.799749
vt 0.045057 0.793884
vt 0.044186 0.788410
vt 0.043056 0.783218
vt 0.041705 0.778264
vt 0.040145 0.773538
vt 0.038366 0.769049
vt 0.036326 0.764843
vt 0.043319 0.800611
vt 0.042495 0.795453
vt 0.041463 0.790523
vt 0.040281 0.785759
vt 0.038972 0.781136
vt 0.037541 0.776646
vt 0.035983 0.772296
vt 0.034275 0.768112
vt 0.382300 0.958285
vt 0.859312 0.628305
vt 0.384669 0.957209
vt 0.861668 0.628040
vt 0.597789 0.813448
vt 0.386798 0.955862
vt 0.388728 0.954289
vt 0.596354 0.812764
vt 0.390478 0.952513
vt 0.594892 0.811477
vt 0.593403 0.809607
vt 0.591886 0.807134
vt 0.590338 0.803994
vt 0.856958 0.628040
vt 0.379959 0.957185
vt 0.382337 0.955726
vt 0.384531 0.954059
vt 0.386572 0.952220
vt 0.591848 0.813591
vt 0.388475 0.950225
vt 0.390244 0.948079
vt 0.590260 0.811457
vt 0.588761 0.808506
vt 0.587368 0.804625
vt 0.039934 0.754780
vt 0.377849 0.955815
vt 0.380174 0.954036
vt 0.382371 0.952114
vt 0.384462 0.950073
vt 0.386458 0.947926
vt 0.587610 0.811895
vt 0.388363 0.945675
vt 0.390172 0.943319
vt 0.586133 0.808679
vt 0.584862 0.804395
vt 0.038468 0.755444
vt 0.375929 0.954223
vt 0.378150 0.952176
vt 0.380300 0.950051
vt 0.382392 0.947863
vt 0.384433 0.945618
vt 0.386424 0.943318
vt 0.583885 0.807968
vt 0.388363 0.940961
vt 0.390244 0.938541
vt 0.582725 0.803511
vt 0.374183 0.952428
vt 0.036977 0.756714
vt 0.033965 0.754624
vt 0.376253 0.950161
vt 0.378310 0.947883
vt 0.380359 0.945597
vt 0.382400 0.943304
vt 0.384433 0.941004
vt 0.386458 0.938697
vt 0.580911 0.802060
vt 0.388475 0.936382
vt 0.035463 0.758569
vt 0.032350 0.756741
vt 0.374478 0.947998
vt 0.376400 0.945613
vt 0.378361 0.943276
vt 0.380359 0.940983
vt 0.382392 0.938731
vt 0.384462 0.936523
vt 0.386572 0.934363
vt 0.033925 0.761028
vt 0.372829 0.945680
vt 0.030826 0.759675
vt 0.028227 0.759522
vt 0.374570 0.943238
vt 0.376400 0.940899
vt 0.378310 0.938655
vt 0.380300 0.936502
vt 0.382371 0.934443
vt 0.384531 0.932487
vt 0.510299 0.917879
vt 0.032359 0.764157
vt 0.029410 0.763541
vt 0.372829 0.940745
vt 0.026930 0.763789
vt 0.374478 0.938459
vt 0.024820 0.764692
vt 0.023038 0.766163
vt 0.376253 0.936319
vt 0.378150 0.934319
vt 0.380174 0.932465
vt 0.505942 0.917879
vt 0.382337 0.930771
vt 0.508141 0.916369
vt 0.588753 0.800049
vt 0.590001 0.795913
vt 0.591246 0.791779
vt 0.592488 0.787647
vt 0.593727 0.783518
vt 0.594963 0.779390
vt 0.596197 0.775265
vt 0.597428 0.771141
vt 0.586124 0.799550
vt 0.586941 0.794391
vt 0.587967 0.789459
vt 0.589145 0.784694
vt 0.590450 0.780069
vt 0.591878 0.775578
vt 0.593433 0.771228
vt 0.595140 0.767043
vt 0.583878 0.798690
vt 0.584380 0.792824
vt 0.585244 0.787348
vt 0.586370 0.782155
vt 0.587717 0.777200
vt 0.589273 0.772473
vt 0.591050 0.767983
vt 0.593089 0.763777
vt 0.581951 0.797532
vt 0.582211 0.791197
vt 0.582943 0.785369
vt 0.584017 0.779907
vt 0.585379 0.774756
vt 0.587017 0.769900
vt 0.588944 0.765355
vt 0.591212 0.761176
vt 0.390478 0.934056
vt 0.580311 0.796103
vt 0.580388 0.789508
vt 0.581008 0.783493
vt 0.582025 0.777902
vt 0.583380 0.772673
vt 0.585057 0.767789
vt 0.587072 0.763267
vt 0.589484 0.759169
vt 0.388728 0.932258
vt 0.578949 0.794412
vt 0.514543 0.915355
vt 0.578898 0.787754
vt 0.515987 0.911054
vt 0.579424 0.781711
vt 0.516896 0.906714
vt 0.580379 0.776127
vt 0.517418 0.902345
vt 0.581703 0.770935
vt 0.517611 0.897950
vt 0.583379 0.766119
vt 0.517491 0.893532
vt 0.585424 0.761697
vt 0.517042 0.889089
vt 0.587898 0.757732
vt 0.516206 0.884616
vt 0.386798 0.930656
vt 0.512629 0.914868
vt 0.513748 0.910711
vt 0.514455 0.906516
vt 0.514862 0.902290
vt 0.515018 0.898039
vt 0.514933 0.893763
vt 0.514596 0.889462
vt 0.513960 0.885131
vt 0.510523 0.913943
vt 0.511191 0.910029
vt 0.511619 0.906080
vt 0.511872 0.902103
vt 0.511975 0.898101
vt 0.511938 0.894075
vt 0.511752 0.890025
vt 0.511391 0.885946
vt 0.598656 0.767020
vt 0.601270 0.767531
vt 0.870599 0.668718
vt 0.603498 0.768404
vt 0.605404 0.769578
vt 0.869187 0.666954
vt 0.867598 0.665037
vt 0.865839 0.662973
vt 0.863903 0.660755
vt 0.861772 0.658368
vt 0.597056 0.763087
vt 0.600006 0.762470
vt 0.602489 0.762717
vt 0.869019 0.674402
vt 0.867369 0.672821
vt 0.865585 0.670823
vt 0.863673 0.668426
vt 0.861627 0.665611
vt 0.859433 0.662311
vt 0.595490 0.759960
vt 0.598590 0.758606
vt 0.601192 0.758452
vt 0.867317 0.678856
vt 0.865488 0.677398
vt 0.863568 0.675346
vt 0.861562 0.672729
vt 0.859465 0.669518
vt 0.857269 0.665611
vt 0.593952 0.757503
vt 0.597066 0.755674
vt 0.599689 0.755257
vt 0.865514 0.682380
vt 0.863554 0.681019
vt 0.861548 0.678946
vt 0.859497 0.676194
vt 0.857399 0.672729
vt 0.855250 0.668426
vt 0.592439 0.755651
vt 0.516577 0.879823
vt 0.595452 0.753560
vt 0.514560 0.876157
vt 0.598011 0.752987
vt 0.512531 0.873827
vt 0.863620 0.685099
vt 0.861574 0.683822
vt 0.859525 0.681759
vt 0.857474 0.678946
vt 0.855419 0.675346
vt 0.853362 0.670823
vt 0.590950 0.754384
vt 0.514834 0.880105
vt 0.512665 0.876556
vt 0.861638 0.687049
vt 0.510544 0.874295
vt 0.508464 0.872980
vt 0.859548 0.685845
vt 0.857500 0.683822
vt 0.855491 0.681019
vt 0.853523 0.677398
vt 0.851601 0.672821
vt 0.512911 0.880761
vt 0.510633 0.877556
vt 0.508462 0.875498
vt 0.857476 0.687049
vt 0.506382 0.874295
vt 0.855472 0.685099
vt 0.504382 0.873827
vt 0.040209 0.815245
vt 0.853550 0.682380
vt 0.041853 0.812953
vt 0.851713 0.678856
vt 0.043324 0.809737
vt 0.849971 0.674402
vt 0.044589 0.805453
vt 0.510788 0.881832
vt 0.508448 0.879247
vt 0.506275 0.877556
vt 0.504243 0.876556
vt 0.502336 0.876157
vt 0.037616 0.814652
vt 0.039199 0.812518
vt 0.040693 0.809567
vt 0.042081 0.805686
vt 0.600478 0.772671
vt 0.599468 0.777590
vt 0.598300 0.782349
vt 0.596997 0.786972
vt 0.595567 0.791465
vt 0.594002 0.795822
vt 0.592279 0.800018
vt 0.603022 0.774250
vt 0.602175 0.779713
vt 0.601059 0.784899
vt 0.599715 0.789852
vt 0.598156 0.794582
vt 0.596369 0.799078
vt 0.594314 0.803298
vt 0.870909 0.661117
vt 0.605170 0.775893
vt 0.604454 0.781709
vt 0.603390 0.787164
vt 0.602031 0.792313
vt 0.600390 0.797171
vt 0.598454 0.801723
vt 0.596169 0.805914
vt 0.606967 0.777602
vt 0.869195 0.658891
vt 0.606362 0.783605
vt 0.870183 0.653477
vt 0.870728 0.648598
vt 0.605354 0.789190
vt 0.604002 0.794416
vt 0.602322 0.799303
vt 0.600298 0.803831
vt 0.597871 0.807941
vt 0.867213 0.656721
vt 0.868060 0.651248
vt 0.606967 0.790990
vt 0.868524 0.646352
vt 0.605645 0.796179
vt 0.868664 0.641954
vt 0.868495 0.638029
vt 0.603967 0.800997
vt 0.601914 0.805425
vt 0.599427 0.809400
vt 0.864954 0.654612
vt 0.865599 0.649242
vt 0.865950 0.644460
vt 0.866054 0.640189
vt 0.605310 0.802234
vt 0.865923 0.636407
vt 0.603291 0.806482
vt 0.865544 0.633136
vt 0.600830 0.810268
vt 0.864871 0.630452
vt 0.387834 0.957834
vt 0.862376 0.652583
vt 0.862746 0.647506
vt 0.862945 0.642987
vt 0.863001 0.638959
vt 0.862920 0.635405
vt 0.862694 0.632343
vt 0.385259 0.959065
vt 0.862298 0.629838
vt 0.040689 0.801113
vt 0.039435 0.796978
vt 0.038186 0.792846
vt 0.036940 0.788716
vt 0.035697 0.784588
vt 0.034458 0.780461
vt 0.033222 0.776336
vt 0.031989 0.772213
vt 0.030761 0.768092
vt 0.039108 0.805058
vt 0.037162 0.801085
vt 0.035434 0.796891
vt 0.033865 0.792535
vt 0.032431 0.788043
vt 0.031125 0.783422
vt 0.029954 0.778664
vt 0.028942 0.773744
vt 0.028148 0.768603
vt 0.037565 0.808198
vt 0.035131 0.804365
vt 0.033071 0.800148
vt 0.031279 0.795654
vt 0.029716 0.790925
vt 0.028369 0.785974
vt 0.027250 0.780788
vt 0.026400 0.775325
vt 0.025923 0.769477
vt 0.036052 0.810672
vt 0.033280 0.806982
vt 0.030991 0.802794
vt 0.029050 0.798244
vt 0.027405 0.793387
vt 0.026042 0.788239
vt 0.024975 0.782784
vt 0.024256 0.776968
vt 0.024020 0.770653
vt 0.500279 0.879823
vt 0.034567 0.812542
vt 0.031583 0.809009
vt 0.029151 0.804902
vt 0.027123 0.800376
vt 0.025439 0.795491
vt 0.024083 0.790265
vt 0.023071 0.784681
vt 0.022463 0.778677
vt 0.374183 0.933971
vt 0.022408 0.772099
vt 0.033108 0.813829
vt 0.502034 0.880105
vt 0.030031 0.810468
vt 0.500606 0.884616
vt 0.027539 0.806496
vt 0.499707 0.889089
vt 0.025483 0.802070
vt 0.499191 0.893532
vt 0.023800 0.797253
vt 0.499000 0.897950
vt 0.022475 0.792065
vt 0.499118 0.902345
vt 0.021523 0.786486
vt 0.499561 0.906714
vt 0.021007 0.780453
vt 0.500387 0.911054
vt 0.375929 0.932192
vt 0.021077 0.773810
vt 0.501742 0.915355
vt 0.503961 0.880761
vt 0.502858 0.885131
vt 0.502162 0.889462
vt 0.501760 0.893763
vt 0.501607 0.898039
vt 0.501689 0.902290
vt 0.502021 0.906516
vt 0.502646 0.910711
vt 0.377849 0.930610
vt 0.503679 0.914868
vt 0.506078 0.881832
vt 0.505425 0.885946
vt 0.505007 0.890025
vt 0.504760 0.894075
vt 0.504658 0.898101
vt 0.504694 0.902103
vt 0.504874 0.906080
vt 0.505226 0.910029
vt 0.505812 0.913943
vt 0.508425 0.883403
vt 0.508402 0.887122
vt 0.508376 0.890813
vt 0.508348 0.894480
vt 0.508319 0.898126
vt 0.508288 0.901752
vt 0.508255 0.905356
vt 0.508221 0.908937
vt 0.508185 0.912489
vt 0.512023 0.578104
vt 0.274197 0.574938
vt 0.514011 0.580894
vt 0.277201 0.577824
vt 0.516381 0.583730
vt 0.280011 0.580999
vt 0.519044 0.586502
vt 0.282518 0.584343
vt 0.521897 0.589104
vt 0.284626 0.587725
vt 0.524829 0.591436
vt 0.286254 0.591017
vt 0.527730 0.593407
vt 0.287340 0.594092
vt 0.530486 0.594943
vt 0.287842 0.596831
vt 0.532992 0.595984
vt 0.287740 0.599130
vt 0.535153 0.596491
vt 0.287039 0.600900
vt 0.536884 0.596443
vt 0.607134 0.492269
vt 0.285765 0.602072
vt 0.605348 0.491696
vt 0.283967 0.602603
vt 0.603092 0.491776
vt 0.281715 0.602471
vt 0.600454 0.492505
vt 0.279095 0.601682
vt 0.597535 0.493855
vt 0.276207 0.600265
vt 0.594447 0.495775
vt 0.273163 0.598276
vt 0.591308 0.498190
vt 0.270080 0.595791
vt 0.588241 0.501008
vt 0.267076 0.592905
vt 0.585361 0.504120
vt 0.264267 0.589730
vt 0.582780 0.507408
vt 0.261760 0.586386
vt 0.580598 0.510744
vt 0.259651 0.583004
vt 0.578898 0.514000
vt 0.527041 0.638505
vt 0.258023 0.579712
vt 0.524989 0.638939
vt 0.256937 0.576637
vt 0.522761 0.639401
vt 0.256436 0.573898
vt 0.520442 0.639873
vt 0.256538 0.571599
vt 0.518122 0.640337
vt 0.257239 0.569830
vt 0.515889 0.640774
vt 0.258513 0.568657
vt 0.513830 0.641168
vt 0.260310 0.568126
vt 0.512023 0.641505
vt 0.262563 0.568258
vt 0.265183 0.569048
vt 0.268070 0.570464
vt 0.271114 0.572453
vt 0.536884 0.491696
vt 0.607134 0.582436
vt 0.527041 0.728396
vt 0.287842 0.511847
vt 0.787111 0.537676
vt 0.785886 0.533514
vt 0.784657 0.529364
vt 0.783424 0.525222
vt 0.782188 0.521090
vt 0.780949 0.516965
vt 0.779707 0.512849
vt 0.778461 0.508742
vt 0.789725 0.537196
vt 0.788935 0.532006
vt 0.787927 0.527055
vt 0.786760 0.522278
vt 0.785458 0.517650
vt 0.784028 0.513162
vt 0.782462 0.508823
vt 0.780738 0.504658
vt 0.791951 0.536359
vt 0.859979 0.509810
vt 0.791478 0.530461
vt 0.790633 0.524965
vt 0.789518 0.519760
vt 0.788175 0.514801
vt 0.786616 0.510077
vt 0.784828 0.505599
vt 0.782771 0.501413
vt 0.793855 0.535227
vt 0.858570 0.511557
vt 0.860381 0.517415
vt 0.793624 0.528861
vt 0.792910 0.523013
vt 0.791847 0.517540
vt 0.790488 0.512385
vt 0.788848 0.507532
vt 0.786911 0.502998
vt 0.784625 0.498839
vt 0.856990 0.513454
vt 0.795419 0.527203
vt 0.858677 0.519619
vt 0.794815 0.521170
vt 0.859753 0.525045
vt 0.860381 0.529931
vt 0.793808 0.515569
vt 0.792457 0.510337
vt 0.790777 0.505456
vt 0.788753 0.500944
vt 0.786325 0.496864
vt 0.855244 0.515497
vt 0.856710 0.521765
vt 0.857643 0.527248
vt 0.795419 0.513835
vt 0.858190 0.532149
vt 0.794097 0.508641
vt 0.858410 0.536549
vt 0.858319 0.540471
vt 0.792419 0.503828
vt 0.790366 0.499414
vt 0.787878 0.495464
vt 0.853328 0.517691
vt 0.854468 0.523846
vt 0.855197 0.529224
vt 0.855629 0.534010
vt 0.855810 0.538282
vt 0.793758 0.502667
vt 0.855753 0.542062
vt 0.791739 0.498430
vt 0.855446 0.545328
vt 0.789278 0.494663
vt 0.854842 0.548003
vt 0.451654 0.940122
vt 0.851223 0.520052
vt 0.851911 0.525843
vt 0.852360 0.530925
vt 0.852635 0.535446
vt 0.852763 0.539474
vt 0.852752 0.543027
vt 0.852594 0.546087
vt 0.449093 0.938878
vt 0.852262 0.548587
vt 0.777211 0.504647
vt 0.774581 0.505174
vt 0.772333 0.506069
vt 0.770404 0.507269
vt 0.454205 0.963914
vt 0.768761 0.508744
vt 0.452458 0.965703
vt 0.024568 0.899880
vt 0.767397 0.510486
vt 0.450539 0.967295
vt 0.026453 0.899314
vt 0.028520 0.898301
vt 0.778795 0.500732
vt 0.775823 0.500139
vt 0.773316 0.500413
vt 0.455558 0.957133
vt 0.771175 0.501345
vt 0.453910 0.959427
vt 0.769360 0.502847
vt 0.452135 0.961577
vt 0.450238 0.963586
vt 0.028875 0.902227
vt 0.448214 0.965451
vt 0.446050 0.967156
vt 0.030977 0.900628
vt 0.780342 0.497629
vt 0.777215 0.496303
vt 0.455558 0.952198
vt 0.774584 0.496180
vt 0.453818 0.954649
vt 0.451989 0.956996
vt 0.450078 0.959250
vt 0.448088 0.961414
vt 0.446018 0.963484
vt 0.443857 0.965450
vt 0.033229 0.902045
vt 0.781857 0.495198
vt 0.778712 0.493402
vt 0.453910 0.949888
vt 0.451989 0.952282
vt 0.450027 0.954629
vt 0.448030 0.956932
vt 0.445996 0.959194
vt 0.443927 0.961413
vt 0.035312 0.902762
vt 0.441817 0.963585
vt 0.783344 0.493375
vt 0.454205 0.945457
vt 0.780297 0.491321
vt 0.452135 0.947734
vt 0.450078 0.950022
vt 0.448030 0.952318
vt 0.445989 0.954622
vt 0.443956 0.956932
vt 0.441930 0.959249
vt 0.439914 0.961575
vt 0.501032 0.819430
vt 0.784804 0.492141
vt 0.452458 0.943671
vt 0.450238 0.945729
vt 0.448088 0.947864
vt 0.445996 0.950062
vt 0.443956 0.952318
vt 0.441965 0.954628
vt 0.440026 0.956995
vt 0.504003 0.825342
vt 0.438145 0.959425
vt 0.502812 0.820848
vt 0.786235 0.491515
vt 0.450539 0.942088
vt 0.448214 0.943879
vt 0.446018 0.945812
vt 0.443927 0.947863
vt 0.441930 0.950021
vt 0.440026 0.952281
vt 0.507724 0.829271
vt 0.438217 0.954647
vt 0.506218 0.826020
vt 0.504919 0.821702
vt 0.851692 0.550376
vt 0.448428 0.940730
vt 0.446050 0.942200
vt 0.443857 0.943878
vt 0.441817 0.945727
vt 0.439914 0.947732
vt 0.511958 0.830967
vt 0.438145 0.949886
vt 0.510341 0.828797
vt 0.508814 0.825815
vt 0.507397 0.821905
vt 0.030808 0.896751
vt 0.030664 0.893202
vt 0.030526 0.889624
vt 0.030394 0.886022
vt 0.030265 0.882398
vt 0.030142 0.878754
vt 0.030023 0.875089
vt 0.029908 0.871399
vt 0.033226 0.898105
vt 0.033692 0.894169
vt 0.033929 0.890206
vt 0.033998 0.886223
vt 0.033926 0.882220
vt 0.033720 0.878200
vt 0.033372 0.874160
vt 0.032858 0.870099
vt 0.035394 0.898941
vt 0.036299 0.894743
vt 0.036801 0.890522
vt 0.037015 0.886284
vt 0.036983 0.882031
vt 0.036719 0.877762
vt 0.036211 0.873479
vt 0.035412 0.869177
vt 0.439660 0.965701
vt 0.037355 0.899347
vt 0.499071 0.811776
vt 0.038579 0.894991
vt 0.499000 0.805091
vt 0.039279 0.890618
vt 0.499515 0.799033
vt 0.039600 0.886231
vt 0.500466 0.793440
vt 0.039600 0.881833
vt 0.501792 0.788247
vt 0.039294 0.877423
vt 0.503475 0.783436
vt 0.038668 0.873002
vt 0.505532 0.779024
vt 0.037663 0.868568
vt 0.508025 0.775078
vt 0.437910 0.963912
vt 0.500399 0.813434
vt 0.500453 0.806808
vt 0.501060 0.800775
vt 0.502071 0.795175
vt 0.503427 0.789944
vt 0.505112 0.785064
vt 0.507141 0.780554
vt 0.509574 0.776477
vt 0.502010 0.814834
vt 0.502244 0.808467
vt 0.502961 0.802618
vt 0.504028 0.797146
vt 0.505391 0.791992
vt 0.507036 0.787141
vt 0.508978 0.782609
vt 0.511270 0.778453
vt 0.503911 0.815966
vt 0.504386 0.810067
vt 0.505234 0.804571
vt 0.506353 0.799366
vt 0.507699 0.794409
vt 0.509264 0.789686
vt 0.511056 0.785211
vt 0.513118 0.781027
vt 0.506134 0.816804
vt 0.506925 0.811614
vt 0.507936 0.806663
vt 0.509106 0.801887
vt 0.510412 0.797259
vt 0.511847 0.792773
vt 0.513417 0.788436
vt 0.515147 0.784273
vt 0.029801 0.867681
vt 0.027408 0.866209
vt 0.025271 0.865226
vt 0.023346 0.864650
vt 0.779395 0.550515
vt 0.780886 0.549197
vt 0.782402 0.547298
vt 0.783942 0.544800
vt 0.785510 0.541638
vt 0.032114 0.866013
vt 0.029691 0.863526
vt 0.027478 0.861927
vt 0.782195 0.552734
vt 0.025438 0.861010
vt 0.023552 0.860690
vt 0.783897 0.551349
vt 0.785514 0.549182
vt 0.787040 0.546202
vt 0.788459 0.542294
vt 0.034213 0.864853
vt 0.031832 0.861745
vt 0.029610 0.859778
vt 0.027516 0.858661
vt 0.850834 0.491372
vt 0.025538 0.858275
vt 0.786453 0.551983
vt 0.852824 0.493345
vt 0.788133 0.549657
vt 0.854738 0.496088
vt 0.789640 0.546408
vt 0.856575 0.499633
vt 0.790939 0.542093
vt 0.858327 0.504107
vt 0.511105 0.771758
vt 0.036134 0.864116
vt 0.033852 0.860659
vt 0.031675 0.858487
vt 0.846671 0.491321
vt 0.029579 0.857259
vt 0.848737 0.492550
vt 0.850770 0.494597
vt 0.852771 0.497424
vt 0.854741 0.501069
vt 0.856675 0.505668
vt 0.037895 0.863761
vt 0.512561 0.772992
vt 0.035764 0.860180
vt 0.515613 0.770942
vt 0.033679 0.857935
vt 0.518209 0.770409
vt 0.844674 0.493246
vt 0.846695 0.494547
vt 0.848727 0.496635
vt 0.850772 0.499473
vt 0.852828 0.503097
vt 0.854899 0.507645
vt 0.514044 0.774815
vt 0.517193 0.773023
vt 0.519850 0.772644
vt 0.842772 0.495942
vt 0.844707 0.497326
vt 0.846697 0.499423
vt 0.848741 0.502200
vt 0.850841 0.505690
vt 0.853004 0.510018
vt 0.515554 0.777246
vt 0.518685 0.775925
vt 0.521318 0.775805
vt 0.840969 0.499443
vt 0.842775 0.500923
vt 0.844679 0.502998
vt 0.846678 0.505639
vt 0.848777 0.508875
vt 0.850985 0.512808
vt 0.517096 0.780350
vt 0.520071 0.779761
vt 0.522580 0.780037
vt 0.839277 0.503875
vt 0.840905 0.505476
vt 0.842674 0.507496
vt 0.844580 0.509916
vt 0.846627 0.512755
vt 0.848830 0.516080
vt 0.026898 0.870348
vt 0.026634 0.874441
vt 0.026549 0.878499
vt 0.026616 0.882525
vt 0.026827 0.886522
vt 0.027190 0.890488
vt 0.027732 0.894417
vt 0.024321 0.869640
vt 0.023789 0.873997
vt 0.023559 0.878312
vt 0.023585 0.882590
vt 0.023854 0.886833
vt 0.024380 0.891041
vt 0.025207 0.895205
vt 0.022078 0.869218
vt 0.776346 0.547124
vt 0.021349 0.873725
vt 0.773873 0.543133
vt 0.021012 0.878186
vt 0.771829 0.538696
vt 0.021007 0.882609
vt 0.770154 0.533875
vt 0.021317 0.886994
vt 0.768830 0.528689
vt 0.021960 0.891340
vt 0.767874 0.523118
vt 0.022994 0.895641
vt 0.767347 0.517102
vt 0.777935 0.545630
vt 0.775524 0.541501
vt 0.773510 0.536962
vt 0.771834 0.532072
vt 0.770479 0.526848
vt 0.769462 0.521275
vt 0.768841 0.515290
vt 0.779665 0.543572
vt 0.777399 0.539360
vt 0.775473 0.534797
vt 0.773836 0.529935
vt 0.772473 0.524790
vt 0.771400 0.519346
vt 0.770666 0.513550
vt 0.781544 0.540930
vt 0.779507 0.536690
vt 0.777731 0.532182
vt 0.776175 0.527448
vt 0.774829 0.522499
vt 0.773703 0.517324
vt 0.772837 0.511882
vt 0.783597 0.537632
vt 0.781892 0.533415
vt 0.780338 0.529047
vt 0.778911 0.524550
vt 0.777605 0.519931
vt 0.776427 0.515183
vt 0.775400 0.510284
vt 0.848890 0.522614
vt 0.848944 0.527704
vt 0.848998 0.532230
vt 0.849051 0.536290
vt 0.849105 0.539927
vt 0.849158 0.543157
vt 0.849211 0.545964
vt 0.849263 0.548305
vt 0.446087 0.939642
vt 0.849315 0.550083
vt 0.846512 0.519995
vt 0.845944 0.525771
vt 0.845614 0.530842
vt 0.845456 0.535359
vt 0.845445 0.539385
vt 0.845574 0.542940
vt 0.845848 0.546005
vt 0.846296 0.548514
vt 0.443128 0.938877
vt 0.846982 0.550319
vt 0.443719 0.940729
vt 0.844377 0.517582
vt 0.843364 0.523711
vt 0.842761 0.529072
vt 0.842454 0.533849
vt 0.842397 0.538118
vt 0.842579 0.541902
vt 0.525421 0.819609
vt 0.843010 0.545177
vt 0.523405 0.823863
vt 0.843738 0.547868
vt 0.440553 0.940121
vt 0.520953 0.827660
vt 0.441590 0.942087
vt 0.517929 0.830858
vt 0.842442 0.515341
vt 0.841108 0.521575
vt 0.840305 0.527037
vt 0.839887 0.531926
vt 0.527041 0.808318
vt 0.839796 0.536322
vt 0.525712 0.813503
vt 0.840016 0.540248
vt 0.524033 0.818322
vt 0.521985 0.822758
vt 0.519511 0.826747
vt 0.439660 0.943669
vt 0.516461 0.830137
vt 0.840690 0.513255
vt 0.839134 0.519381
vt 0.527041 0.794919
vt 0.838190 0.524782
vt 0.526413 0.800902
vt 0.837693 0.529654
vt 0.525390 0.806475
vt 0.524030 0.811697
vt 0.522350 0.816585
vt 0.520332 0.821123
vt 0.517920 0.825250
vt 0.437910 0.945455
vt 0.514968 0.828816
vt 0.839113 0.511320
vt 0.525486 0.786896
vt 0.837432 0.517135
vt 0.525215 0.793176
vt 0.524474 0.798970
vt 0.523395 0.804413
vt 0.522027 0.809557
vt 0.520386 0.814417
vt 0.518457 0.818980
vt 0.516189 0.823190
vt 0.513452 0.826914
vt 0.837719 0.509539
vt 0.523555 0.785693
vt 0.523043 0.791505
vt 0.522171 0.796946
vt 0.521039 0.802119
vt 0.519688 0.807066
vt 0.518128 0.811799
vt 0.516349 0.816306
vt 0.514310 0.820545
vt 0.511911 0.824414
vt 0.521307 0.784796
vt 0.520480 0.789904
vt 0.519446 0.794802
vt 0.518263 0.799547
vt 0.516953 0.804165
vt 0.515523 0.808661
vt 0.513965 0.813029
vt 0.512258 0.817244
vt 0.510344 0.821250
vt 0.518675 0.784266
vt 0.517419 0.788359
vt 0.516168 0.792464
vt 0.514921 0.796579
vt 0.513678 0.800702
vt 0.512439 0.804834
vt 0.511203 0.808974
vt 0.509972 0.813124
vt 0.508745 0.817286
vt 0.524386 0.217550
vt 0.153806 0.528232
vt 0.526356 0.214750
vt 0.156770 0.525309
vt 0.528707 0.211907
vt 0.159531 0.522102
vt 0.531349 0.209130
vt 0.161982 0.518734
vt 0.534181 0.206526
vt 0.164029 0.515334
vt 0.537092 0.204194
vt 0.165593 0.512033
vt 0.539973 0.202226
vt 0.166615 0.508958
vt 0.542711 0.200695
vt 0.167056 0.506227
vt 0.545202 0.199662
vt 0.166897 0.503945
vt 0.547350 0.199165
vt 0.166145 0.502200
vt 0.549072 0.199225
vt 0.049020 0.604540
vt 0.164830 0.501058
vt 0.047202 0.605079
vt 0.163002 0.500564
vt 0.044926 0.604963
vt 0.160730 0.500736
vt 0.042279 0.604195
vt 0.158103 0.501569
vt 0.039362 0.602805
vt 0.155221 0.503029
vt 0.036288 0.600846
vt 0.152195 0.505061
vt 0.033174 0.598394
vt 0.149141 0.507587
vt 0.030141 0.595543
vt 0.146177 0.510510
vt 0.027306 0.592402
vt 0.143416 0.513717
vt 0.024776 0.589092
vt 0.140965 0.517085
vt 0.022649 0.585741
vt 0.138918 0.520485
vt 0.021007 0.582476
vt 0.271491 0.734303
vt 0.137354 0.523786
vt 0.269406 0.733889
vt 0.136332 0.526861
vt 0.267152 0.733441
vt 0.135892 0.529592
vt 0.264818 0.732976
vt 0.136050 0.531874
vt 0.262492 0.732512
vt 0.136802 0.533619
vt 0.260263 0.732065
vt 0.138117 0.534761
vt 0.258218 0.731655
vt 0.139945 0.535255
vt 0.256436 0.731295
vt 0.142217 0.535083
vt 0.144844 0.534250
vt 0.147726 0.532790
vt 0.150752 0.530758
vt 0.549072 0.304628
vt 0.049020 0.513848
vt 0.271491 0.644617
vt 0.167056 0.591804
vt 0.392637 0.749375
vt 0.391428 0.753513
vt 0.390210 0.757649
vt 0.388985 0.761781
vt 0.387753 0.765912
vt 0.386514 0.770040
vt 0.385269 0.774166
vt 0.384016 0.778289
vt 0.395240 0.749872
vt 0.394470 0.755033
vt 0.393476 0.759966
vt 0.392317 0.764733
vt 0.391019 0.769359
vt 0.389589 0.773850
vt 0.388020 0.778201
vt 0.386287 0.782385
vt 0.397454 0.750729
vt 0.871397 0.371285
vt 0.397002 0.756597
vt 0.396171 0.762074
vt 0.395065 0.767269
vt 0.393727 0.772225
vt 0.392168 0.776953
vt 0.390377 0.781443
vt 0.388311 0.785650
vt 0.399345 0.751885
vt 0.869988 0.369520
vt 0.871783 0.363683
vt 0.399134 0.758221
vt 0.398434 0.764051
vt 0.397380 0.769514
vt 0.396026 0.774666
vt 0.394386 0.779523
vt 0.392445 0.784069
vt 0.390151 0.788248
vt 0.868406 0.367604
vt 0.400912 0.759909
vt 0.870077 0.361458
vt 0.400322 0.765925
vt 0.871137 0.356043
vt 0.871750 0.351164
vt 0.399324 0.771516
vt 0.397977 0.776746
vt 0.396298 0.781631
vt 0.394270 0.786154
vt 0.391834 0.790253
vt 0.866659 0.365539
vt 0.868107 0.359287
vt 0.869024 0.353814
vt 0.400912 0.773289
vt 0.869556 0.348919
vt 0.399595 0.778481
vt 0.869762 0.344521
vt 0.869657 0.340596
vt 0.397918 0.783298
vt 0.395862 0.787721
vt 0.393368 0.791687
vt 0.864739 0.363321
vt 0.865862 0.357178
vt 0.866576 0.351809
vt 0.866993 0.347027
vt 0.867161 0.342756
vt 0.399231 0.784503
vt 0.867091 0.338974
vt 0.397211 0.788748
vt 0.866770 0.335703
vt 0.394745 0.792527
vt 0.866154 0.333020
vt 0.792611 0.953087
vt 0.862630 0.360934
vt 0.863302 0.355150
vt 0.863736 0.350073
vt 0.863998 0.345553
vt 0.864113 0.341526
vt 0.864089 0.337972
vt 0.863919 0.334910
vt 0.790036 0.954310
vt 0.863576 0.332405
vt 0.382754 0.782410
vt 0.380113 0.781900
vt 0.377854 0.781027
vt 0.375910 0.779852
vt 0.795257 0.929319
vt 0.374251 0.778405
vt 0.793506 0.927516
vt 0.732464 0.916042
vt 0.372868 0.776694
vt 0.791576 0.925908
vt 0.730569 0.915555
vt 0.728480 0.914630
vt 0.384330 0.786341
vt 0.381345 0.786958
vt 0.378822 0.786712
vt 0.376665 0.785809
vt 0.795022 0.933802
vt 0.374831 0.784337
vt 0.793253 0.931638
vt 0.791350 0.929613
vt 0.728217 0.918567
vt 0.789309 0.927731
vt 0.787115 0.926008
vt 0.726079 0.917056
vt 0.385865 0.789466
vt 0.382723 0.790820
vt 0.380076 0.790974
vt 0.794950 0.938579
vt 0.377806 0.790242
vt 0.793141 0.936216
vt 0.791237 0.933946
vt 0.789240 0.931766
vt 0.787149 0.929679
vt 0.723860 0.918567
vt 0.784952 0.927694
vt 0.387367 0.791921
vt 0.384204 0.793750
vt 0.795022 0.943340
vt 0.381532 0.794167
vt 0.793141 0.940930
vt 0.791202 0.938566
vt 0.789211 0.936246
vt 0.787171 0.933967
vt 0.785078 0.931731
vt 0.782928 0.929542
vt 0.388839 0.793771
vt 0.795257 0.947774
vt 0.385772 0.795862
vt 0.793253 0.945479
vt 0.791237 0.943174
vt 0.789211 0.940860
vt 0.787178 0.938539
vt 0.785137 0.936212
vt 0.783088 0.933877
vt 0.781030 0.931535
vt 0.137934 0.777846
vt 0.390281 0.795036
vt 0.793506 0.949545
vt 0.791350 0.947468
vt 0.789240 0.945314
vt 0.787171 0.943098
vt 0.785137 0.940825
vt 0.783139 0.938498
vt 0.781177 0.936115
vt 0.779255 0.933670
vt 0.139695 0.776396
vt 0.391693 0.795695
vt 0.791576 0.951111
vt 0.789309 0.949301
vt 0.787149 0.947348
vt 0.785078 0.945279
vt 0.783088 0.943105
vt 0.781177 0.940829
vt 0.779347 0.938448
vt 0.143099 0.771224
vt 0.777607 0.935950
vt 0.141785 0.775512
vt 0.862996 0.330608
vt 0.789446 0.952452
vt 0.787115 0.950961
vt 0.784952 0.949264
vt 0.782928 0.947397
vt 0.781030 0.945376
vt 0.148853 0.766302
vt 0.779255 0.943207
vt 0.147219 0.768441
vt 0.777607 0.940884
vt 0.145678 0.771396
vt 0.144247 0.775282
vt 0.726156 0.913176
vt 0.726213 0.909624
vt 0.726262 0.906043
vt 0.726304 0.902439
vt 0.726340 0.898813
vt 0.726370 0.895167
vt 0.726393 0.891500
vt 0.726410 0.887809
vt 0.723770 0.914630
vt 0.723208 0.910716
vt 0.722874 0.906767
vt 0.722704 0.902790
vt 0.722674 0.898788
vt 0.722777 0.894763
vt 0.723019 0.890712
vt 0.723426 0.886634
vt 0.782626 0.925832
vt 0.721620 0.915555
vt 0.720614 0.911398
vt 0.720006 0.907203
vt 0.719687 0.902977
vt 0.719610 0.898726
vt 0.719764 0.894451
vt 0.720161 0.890149
vt 0.720845 0.885818
vt 0.780706 0.927408
vt 0.719666 0.916042
vt 0.135974 0.785497
vt 0.718336 0.911741
vt 0.135892 0.792158
vt 0.717528 0.907401
vt 0.136401 0.798201
vt 0.717096 0.903032
vt 0.137350 0.803785
vt 0.716984 0.898637
vt 0.138676 0.808975
vt 0.717176 0.894219
vt 0.140363 0.813789
vt 0.717687 0.889776
vt 0.142427 0.818208
vt 0.718576 0.885304
vt 0.144930 0.822168
vt 0.778959 0.929182
vt 0.137284 0.783808
vt 0.137324 0.790406
vt 0.137923 0.796421
vt 0.138931 0.802011
vt 0.140288 0.807239
vt 0.141976 0.812121
vt 0.144013 0.816640
vt 0.146458 0.820733
vt 0.138877 0.782380
vt 0.139096 0.788716
vt 0.139805 0.794545
vt 0.140868 0.800007
vt 0.142231 0.805157
vt 0.143881 0.810010
vt 0.145831 0.814552
vt 0.148135 0.818726
vt 0.140763 0.781221
vt 0.141222 0.787089
vt 0.142062 0.792565
vt 0.143176 0.797758
vt 0.144523 0.802712
vt 0.146091 0.807437
vt 0.147892 0.811923
vt 0.149968 0.816126
vt 0.142973 0.780360
vt 0.143750 0.785521
vt 0.144752 0.790453
vt 0.145918 0.795218
vt 0.147224 0.799841
vt 0.148663 0.804330
vt 0.150241 0.808678
vt 0.151983 0.812858
vt 0.726419 0.884090
vt 0.728770 0.882519
vt 0.730878 0.881449
vt 0.732783 0.880792
vt 0.384846 0.736659
vt 0.386355 0.737946
vt 0.387887 0.739817
vt 0.389443 0.742290
vt 0.391024 0.745431
vt 0.724061 0.882519
vt 0.726415 0.879934
vt 0.728582 0.878244
vt 0.387622 0.734477
vt 0.730594 0.877243
vt 0.732465 0.876844
vt 0.389344 0.735829
vt 0.390979 0.737964
vt 0.392524 0.740915
vt 0.393959 0.744797
vt 0.721929 0.881449
vt 0.724225 0.878244
vt 0.726391 0.876186
vt 0.728450 0.874982
vt 0.862289 0.389615
vt 0.730412 0.874514
vt 0.391878 0.735229
vt 0.864276 0.387665
vt 0.393579 0.737522
vt 0.866186 0.384946
vt 0.395105 0.740739
vt 0.868017 0.381422
vt 0.396424 0.745024
vt 0.869759 0.376968
vt 0.148025 0.825511
vt 0.719985 0.880792
vt 0.722172 0.877243
vt 0.724288 0.874982
vt 0.858127 0.389615
vt 0.726345 0.873668
vt 0.860192 0.388411
vt 0.862224 0.386389
vt 0.864221 0.383585
vt 0.866183 0.379964
vt 0.868107 0.375387
vt 0.718210 0.880511
vt 0.149462 0.824245
vt 0.720244 0.876844
vt 0.152536 0.826328
vt 0.722265 0.874514
vt 0.155153 0.826895
vt 0.856128 0.387665
vt 0.858149 0.386389
vt 0.860180 0.384325
vt 0.862220 0.381512
vt 0.864270 0.377912
vt 0.866330 0.373389
vt 0.150928 0.822393
vt 0.154097 0.824215
vt 0.156773 0.824625
vt 0.854223 0.384946
vt 0.856158 0.383585
vt 0.858146 0.381512
vt 0.860186 0.378760
vt 0.862279 0.375294
vt 0.864432 0.370991
vt 0.152423 0.819936
vt 0.155570 0.821283
vt 0.158221 0.821431
vt 0.852414 0.381422
vt 0.854219 0.379964
vt 0.856121 0.377912
vt 0.858117 0.375294
vt 0.860209 0.372083
vt 0.862409 0.368177
vt 0.153951 0.816809
vt 0.156939 0.817420
vt 0.159463 0.817168
vt 0.850712 0.376968
vt 0.852341 0.375387
vt 0.854108 0.373389
vt 0.856010 0.370991
vt 0.858051 0.368177
vt 0.860247 0.364877
vt 0.729391 0.886634
vt 0.729763 0.890712
vt 0.729954 0.894763
vt 0.729990 0.898788
vt 0.729881 0.902790
vt 0.729618 0.906767
vt 0.729173 0.910716
vt 0.731946 0.885818
vt 0.732593 0.890149
vt 0.732935 0.894451
vt 0.733019 0.898726
vt 0.732858 0.902977
vt 0.732439 0.907203
vt 0.731715 0.911398
vt 0.734174 0.885304
vt 0.381813 0.740026
vt 0.735021 0.889776
vt 0.379351 0.744003
vt 0.735474 0.894219
vt 0.377314 0.748432
vt 0.735593 0.898637
vt 0.375643 0.753251
vt 0.735394 0.903032
vt 0.374320 0.758441
vt 0.734861 0.907401
vt 0.373362 0.764021
vt 0.733934 0.911741
vt 0.372829 0.770053
vt 0.383422 0.741485
vt 0.381024 0.745597
vt 0.379018 0.750128
vt 0.377346 0.755015
vt 0.375992 0.760243
vt 0.374972 0.765827
vt 0.374344 0.771830
vt 0.385170 0.743513
vt 0.382917 0.747706
vt 0.381000 0.752260
vt 0.379368 0.757119
vt 0.378006 0.762269
vt 0.376929 0.767724
vt 0.376187 0.773539
vt 0.387065 0.746130
vt 0.385042 0.750351
vt 0.383274 0.754849
vt 0.381723 0.759580
vt 0.380377 0.764533
vt 0.379247 0.769720
vt 0.378373 0.775182
vt 0.389130 0.749409
vt 0.387438 0.753607
vt 0.385893 0.757966
vt 0.384470 0.762460
vt 0.383165 0.767083
vt 0.381983 0.771842
vt 0.380947 0.776761
vt 0.860291 0.358343
vt 0.860331 0.353253
vt 0.860372 0.348726
vt 0.860413 0.344666
vt 0.860454 0.341028
vt 0.860496 0.337799
vt 0.860538 0.334991
vt 0.860580 0.332651
vt 0.787077 0.953520
vt 0.860623 0.330873
vt 0.857920 0.360934
vt 0.857336 0.355150
vt 0.856992 0.350073
vt 0.856821 0.345553
vt 0.856797 0.341526
vt 0.856912 0.337972
vt 0.857175 0.334910
vt 0.857611 0.332405
vt 0.784071 0.954259
vt 0.858286 0.330608
vt 0.784736 0.952412
vt 0.855789 0.363321
vt 0.854761 0.357178
vt 0.854143 0.351809
vt 0.853821 0.347027
vt 0.853751 0.342756
vt 0.853918 0.338974
vt 0.162314 0.777643
vt 0.854337 0.335703
vt 0.160301 0.773397
vt 0.855052 0.333020
vt 0.781509 0.952994
vt 0.157854 0.769613
vt 0.782626 0.951036
vt 0.154840 0.766435
vt 0.853859 0.365539
vt 0.852508 0.359287
vt 0.851690 0.353814
vt 0.851257 0.348919
vt 0.163914 0.788889
vt 0.851152 0.344521
vt 0.162581 0.783701
vt 0.851358 0.340596
vt 0.160901 0.778886
vt 0.158857 0.774460
vt 0.156389 0.770487
vt 0.780706 0.949437
vt 0.153352 0.767124
vt 0.852110 0.367603
vt 0.850538 0.361458
vt 0.163914 0.802278
vt 0.849578 0.356043
vt 0.163273 0.796277
vt 0.849066 0.351164
vt 0.162241 0.790695
vt 0.160877 0.785470
vt 0.159197 0.780586
vt 0.157183 0.776059
vt 0.154780 0.771950
vt 0.778959 0.947637
vt 0.151843 0.768415
vt 0.850535 0.369520
vt 0.162363 0.810303
vt 0.848839 0.363683
vt 0.162071 0.803992
vt 0.161317 0.798179
vt 0.160229 0.792726
vt 0.158857 0.787579
vt 0.157216 0.782723
vt 0.155291 0.778172
vt 0.153032 0.773982
vt 0.150311 0.770290
vt 0.849142 0.371284
vt 0.160419 0.811483
vt 0.159886 0.805640
vt 0.159000 0.800180
vt 0.157859 0.794996
vt 0.156504 0.790045
vt 0.154944 0.785317
vt 0.153169 0.780822
vt 0.151140 0.776603
vt 0.148758 0.772767
vt 0.158159 0.812361
vt 0.157313 0.807224
vt 0.156266 0.802307
vt 0.155074 0.797551
vt 0.153760 0.792931
vt 0.152330 0.788439
vt 0.150777 0.784083
vt 0.149079 0.779887
vt 0.147181 0.775911
vt 0.155518 0.812876
vt 0.154246 0.808759
vt 0.152984 0.804638
vt 0.151730 0.800515
vt 0.150484 0.796389
vt 0.149244 0.792261
vt 0.148012 0.788130
vt 0.146788 0.783996
vt 0.145574 0.779859
vt 0.912923 0.646357
vt 0.456179 0.464224
vt 0.459417 0.466679
vt 0.912923 0.642925
vt 0.462534 0.469050
vt 0.913358 0.639593
vt 0.465410 0.471246
vt 0.914212 0.636491
vt 0.467934 0.473184
vt 0.915452 0.633737
vt 0.470009 0.474788
vt 0.591086 0.301395
vt 0.917029 0.631437
vt 0.592980 0.303063
vt 0.918884 0.629680
vt 0.595065 0.304154
vt 0.920945 0.628533
vt 0.597262 0.304628
vt 0.923133 0.628040
vt 0.599486 0.304464
vt 0.925364 0.628220
vt 0.601651 0.303671
vt 0.927552 0.629067
vt 0.603675 0.302278
vt 0.400405 0.357100
vt 0.929613 0.630547
vt 0.398353 0.358618
vt 0.931468 0.632604
vt 0.395849 0.360485
vt 0.933046 0.635158
vt 0.392989 0.362630
vt 0.934285 0.638112
vt 0.389882 0.364970
vt 0.935139 0.641352
vt 0.386648 0.367416
vt 0.935574 0.644754
vt 0.383412 0.369874
vt 0.935574 0.648187
vt 0.380297 0.372248
vt 0.935139 0.651518
vt 0.377424 0.374448
vt 0.934285 0.654620
vt 0.374902 0.376389
vt 0.933046 0.657374
vt 0.372829 0.377997
vt 0.736528 0.330608
vt 0.931468 0.659674
vt 0.734586 0.330754
vt 0.929614 0.661431
vt 0.732471 0.330907
vt 0.927552 0.662578
vt 0.730264 0.331061
vt 0.925364 0.663071
vt 0.728051 0.331209
vt 0.923133 0.662891
vt 0.725917 0.331346
vt 0.920945 0.662045
vt 0.723942 0.331467
vt 0.442419 0.453910
vt 0.918884 0.660565
vt 0.444470 0.455429
vt 0.917029 0.658508
vt 0.446975 0.457297
vt 0.915452 0.655953
vt 0.914212 0.652999
vt 0.449836 0.459441
vt 0.913358 0.649759
vt 0.452944 0.461780
vt 0.603675 0.188547
vt 0.400405 0.475107
vt 0.736528 0.425038
vt 0.470009 0.357100
vt 0.794194 0.735948
vt 0.796340 0.739150
vt 0.798194 0.742662
vt 0.799808 0.746430
vt 0.801204 0.750431
vt 0.802389 0.754655
vt 0.803356 0.759112
vt 0.804082 0.763825
vt 0.791573 0.736506
vt 0.793631 0.740385
vt 0.795474 0.744488
vt 0.797139 0.748778
vt 0.798642 0.753236
vt 0.799988 0.757858
vt 0.801173 0.762648
vt 0.802179 0.767626
vt 0.789137 0.737638
vt 0.791064 0.742042
vt 0.792852 0.746587
vt 0.794522 0.751250
vt 0.796086 0.756020
vt 0.797548 0.760895
vt 0.798904 0.765876
vt 0.800144 0.770976
vt 0.786855 0.739246
vt 0.788615 0.744050
vt 0.790310 0.748913
vt 0.791948 0.753828
vt 0.793537 0.758789
vt 0.795076 0.763796
vt 0.796565 0.768849
vt 0.797999 0.773954
vt 0.784711 0.741283
vt 0.786272 0.746375
vt 0.787840 0.751446
vt 0.789414 0.756502
vt 0.790992 0.761545
vt 0.792575 0.766576
vt 0.794162 0.771593
vt 0.795755 0.776595
vt 0.782702 0.743736
vt 0.858251 0.204649
vt 0.784031 0.749007
vt 0.785441 0.754179
vt 0.786916 0.759270
vt 0.788451 0.764289
vt 0.790044 0.769238
vt 0.791696 0.774115
vt 0.793415 0.778911
vt 0.780832 0.746619
vt 0.857696 0.207973
vt 0.781896 0.751957
vt 0.783114 0.757118
vt 0.784458 0.762134
vt 0.785916 0.767019
vt 0.787484 0.771778
vt 0.789167 0.776407
vt 0.790976 0.780890
vt 0.779116 0.749977
vt 0.856848 0.211680
vt 0.858251 0.216458
vt 0.779879 0.755257
vt 0.780867 0.760284
vt 0.782042 0.765103
vt 0.783385 0.769734
vt 0.784891 0.774183
vt 0.786566 0.778444
vt 0.788427 0.782497
vt 0.804518 0.768848
vt 0.198501 0.909004
vt 0.805938 0.769567
vt 0.200865 0.909973
vt 0.203223 0.910499
vt 0.205577 0.910625
vt 0.207925 0.910363
vt 0.210269 0.909701
vt 0.764000 0.226837
vt 0.212607 0.908595
vt 0.802970 0.772827
vt 0.197858 0.911373
vt 0.804530 0.774898
vt 0.975740 0.213195
vt 0.200482 0.912927
vt 0.973114 0.213652
vt 0.203093 0.913770
vt 0.970501 0.213880
vt 0.205694 0.913993
vt 0.967900 0.213902
vt 0.208284 0.913620
vt 0.965311 0.213724
vt 0.210864 0.912626
vt 0.962733 0.213340
vt 0.213431 0.910922
vt 0.960168 0.212728
vt 0.765185 0.232183
vt 0.801243 0.776217
vt 0.802801 0.779199
vt 0.976298 0.210256
vt 0.973513 0.210522
vt 0.970740 0.210639
vt 0.967978 0.210621
vt 0.965226 0.210473
vt 0.962486 0.210191
vt 0.959758 0.209760
vt 0.766734 0.236524
vt 0.799366 0.779117
vt 0.800827 0.782704
vt 0.976655 0.207317
vt 0.973781 0.207395
vt 0.970918 0.207404
vt 0.968064 0.207349
vt 0.965220 0.207233
vt 0.962384 0.207053
vt 0.959560 0.206804
vt 0.768564 0.240091
vt 0.797355 0.781576
vt 0.798638 0.785515
vt 0.976830 0.204377
vt 0.973931 0.204271
vt 0.971041 0.204174
vt 0.968158 0.204084
vt 0.965282 0.204001
vt 0.962414 0.203925
vt 0.959555 0.203858
vt 0.770639 0.242982
vt 0.795214 0.783608
vt 0.796243 0.787661
vt 0.976830 0.201437
vt 0.973968 0.201150
vt 0.971111 0.200949
vt 0.968259 0.200826
vt 0.965412 0.200778
vt 0.962571 0.200808
vt 0.959736 0.200924
vt 0.772949 0.245225
vt 0.792938 0.785197
vt 0.793633 0.789113
vt 0.976649 0.198497
vt 0.973886 0.198031
vt 0.971125 0.197730
vt 0.968368 0.197575
vt 0.965612 0.197564
vt 0.962859 0.197700
vt 0.960109 0.198000
vt 0.775504 0.246792
vt 0.790513 0.786298
vt 0.790778 0.789770
vt 0.976267 0.195557
vt 0.973674 0.194916
vt 0.971080 0.194516
vt 0.968485 0.194333
vt 0.965889 0.194361
vt 0.963292 0.194605
vt 0.778134 0.249916
vt 0.960695 0.195089
vt 0.778340 0.247585
vt 0.765408 0.226057
vt 0.766025 0.221007
vt 0.766925 0.216294
vt 0.768061 0.211861
vt 0.769410 0.207680
vt 0.770965 0.203744
vt 0.772732 0.200061
vt 0.774735 0.196657
vt 0.766781 0.230045
vt 0.767749 0.224799
vt 0.768934 0.219814
vt 0.770297 0.215044
vt 0.771821 0.210470
vt 0.773502 0.206084
vt 0.775344 0.201892
vt 0.777365 0.197917
vt 0.768363 0.233469
vt 0.769633 0.228175
vt 0.771051 0.223065
vt 0.772591 0.218106
vt 0.774240 0.213282
vt 0.775995 0.208588
vt 0.777860 0.204030
vt 0.779847 0.199622
vt 0.770117 0.236423
vt 0.771649 0.231206
vt 0.773259 0.226093
vt 0.774933 0.221064
vt 0.776665 0.216109
vt 0.778452 0.211227
vt 0.780297 0.206420
vt 0.782205 0.201696
vt 0.772027 0.238953
vt 0.773784 0.233925
vt 0.775549 0.228918
vt 0.777319 0.223928
vt 0.779095 0.218951
vt 0.780875 0.213987
vt 0.782660 0.209036
vt 0.784452 0.204102
vt 0.774089 0.241073
vt 0.776034 0.236340
vt 0.777916 0.231546
vt 0.779747 0.226700
vt 0.781529 0.221805
vt 0.783265 0.216863
vt 0.784954 0.211873
vt 0.786590 0.206830
vt 0.776306 0.242770
vt 0.778403 0.238443
vt 0.780366 0.233972
vt 0.782218 0.229378
vt 0.783969 0.224673
vt 0.785622 0.219860
vt 0.787175 0.214936
vt 0.788616 0.209890
vt 0.778697 0.243997
vt 0.780904 0.240201
vt 0.782906 0.236173
vt 0.784737 0.231953
vt 0.786414 0.227557
vt 0.787942 0.222992
vt 0.789316 0.218252
vt 0.790519 0.213319
vt 0.834288 0.214762
vt 0.777022 0.193590
vt 0.776821 0.190995
vt 0.211905 0.876491
vt 0.209523 0.875601
vt 0.207154 0.875120
vt 0.204797 0.875008
vt 0.202452 0.875256
vt 0.200118 0.875873
vt 0.197798 0.876900
vt 0.794541 0.733247
vt 0.779602 0.194203
vt 0.212619 0.873807
vt 0.780008 0.190746
vt 0.780262 0.188547
vt 0.209982 0.872312
vt 0.207362 0.871502
vt 0.204759 0.871291
vt 0.202171 0.871652
vt 0.199599 0.872612
vt 0.791235 0.730574
vt 0.197045 0.874258
vt 0.791353 0.732909
vt 0.781981 0.195398
vt 0.782834 0.191515
vt 0.210300 0.870181
vt 0.783368 0.189084
vt 0.842098 0.189816
vt 0.207516 0.869179
vt 0.844908 0.188757
vt 0.204751 0.868909
vt 0.847678 0.188547
vt 0.202002 0.869338
vt 0.850412 0.189147
vt 0.199272 0.870500
vt 0.853107 0.190595
vt 0.788104 0.731004
vt 0.788489 0.733589
vt 0.784192 0.197076
vt 0.785384 0.193068
vt 0.838824 0.194083
vt 0.786131 0.190585
vt 0.841767 0.192066
vt 0.844666 0.191027
vt 0.847528 0.190828
vt 0.850355 0.191430
vt 0.785280 0.732404
vt 0.853144 0.192872
vt 0.855890 0.195291
vt 0.785875 0.735054
vt 0.786251 0.199190
vt 0.787692 0.195307
vt 0.838565 0.196903
vt 0.841529 0.195024
vt 0.844454 0.194067
vt 0.847344 0.193896
vt 0.850203 0.194474
vt 0.853027 0.195838
vt 0.855812 0.198124
vt 0.783478 0.737205
vt 0.788163 0.201726
vt 0.789769 0.198202
vt 0.838464 0.200288
vt 0.841384 0.198657
vt 0.844270 0.197839
vt 0.847128 0.197712
vt 0.849959 0.198242
vt 0.852761 0.199462
vt 0.781291 0.740011
vt 0.855530 0.201496
vt 0.789924 0.204699
vt 0.835679 0.206414
vt 0.791604 0.201783
vt 0.838524 0.204261
vt 0.841333 0.202998
vt 0.844116 0.202381
vt 0.846878 0.202315
vt 0.849620 0.202771
vt 0.852341 0.203777
vt 0.855036 0.205430
vt 0.791518 0.208155
vt 0.836120 0.210212
vt 0.838762 0.208908
vt 0.841384 0.208160
vt 0.843992 0.207824
vt 0.846589 0.207840
vt 0.849174 0.208191
vt 0.851748 0.208894
vt 0.854307 0.210008
vt 0.773843 0.193854
vt 0.212703 0.880582
vt 0.771362 0.197299
vt 0.213261 0.884643
vt 0.769264 0.201195
vt 0.213618 0.888684
vt 0.767501 0.205486
vt 0.213794 0.892706
vt 0.766059 0.210156
vt 0.213794 0.896710
vt 0.764951 0.215220
vt 0.213612 0.900695
vt 0.764227 0.220736
vt 0.213231 0.904660
vt 0.210077 0.879971
vt 0.210476 0.884301
vt 0.210744 0.888601
vt 0.210895 0.892876
vt 0.210931 0.897126
vt 0.210849 0.901351
vt 0.210637 0.905546
vt 0.207464 0.879653
vt 0.207703 0.884138
vt 0.207881 0.888588
vt 0.208004 0.893007
vt 0.208074 0.897398
vt 0.208089 0.901759
vt 0.208043 0.906085
vt 0.204863 0.879600
vt 0.204941 0.884138
vt 0.205027 0.888639
vt 0.205121 0.893106
vt 0.205222 0.897543
vt 0.205331 0.901946
vt 0.205448 0.906312
vt 0.202273 0.879803
vt 0.202189 0.884297
vt 0.202182 0.888753
vt 0.202245 0.893174
vt 0.202375 0.897563
vt 0.202575 0.901919
vt 0.202852 0.906236
vt 0.199695 0.880272
vt 0.199448 0.884620
vt 0.199347 0.888931
vt 0.199377 0.893209
vt 0.199533 0.897456
vt 0.199821 0.901670
vt 0.200255 0.905846
vt 0.197130 0.881032
vt 0.797391 0.736257
vt 0.196719 0.885122
vt 0.799725 0.739821
vt 0.196522 0.889179
vt 0.801662 0.743811
vt 0.196517 0.893206
vt 0.803253 0.748173
vt 0.196698 0.897205
vt 0.804511 0.752891
vt 0.197071 0.901174
vt 0.805423 0.757981
vt 0.197657 0.905110
vt 0.805938 0.763498
vt 0.855647 0.215848
vt 0.778004 0.758979
vt 0.856407 0.220517
vt 0.778719 0.763723
vt 0.856859 0.224765
vt 0.857055 0.228663
vt 0.779679 0.768198
vt 0.780862 0.772429
vt 0.782260 0.776423
vt 0.783880 0.780173
vt 0.785747 0.783654
vt 0.787909 0.786809
vt 0.853293 0.215424
vt 0.853750 0.221200
vt 0.853998 0.226259
vt 0.777607 0.769825
vt 0.854071 0.230763
vt 0.778864 0.774547
vt 0.853985 0.234783
vt 0.780456 0.778905
vt 0.853745 0.238338
vt 0.853346 0.241409
vt 0.782398 0.782881
vt 0.784741 0.786421
vt 0.975644 0.192617
vt 0.787603 0.789396
vt 0.850942 0.215087
vt 0.851117 0.221547
vt 0.851179 0.227104
vt 0.851141 0.231985
vt 0.851012 0.236285
vt 0.850794 0.240031
vt 0.781483 0.784585
vt 0.850486 0.243195
vt 0.784115 0.788193
vt 0.850078 0.245685
vt 0.973901 0.189582
vt 0.787407 0.791084
vt 0.973306 0.191806
vt 0.848593 0.214824
vt 0.848503 0.221656
vt 0.848389 0.227484
vt 0.848249 0.232574
vt 0.848082 0.237033
vt 0.847890 0.240890
vt 0.847673 0.244116
vt 0.847429 0.246603
vt 0.971322 0.188840
vt 0.970963 0.191312
vt 0.846245 0.214626
vt 0.845905 0.221567
vt 0.845625 0.227475
vt 0.845389 0.232627
vt 0.845190 0.237136
vt 0.845027 0.241031
vt 0.844901 0.244282
vt 0.844819 0.246778
vt 0.968732 0.188547
vt 0.968614 0.191103
vt 0.843899 0.214491
vt 0.843321 0.221289
vt 0.842885 0.227095
vt 0.842560 0.232171
vt 0.842333 0.236626
vt 0.842202 0.240487
vt 0.842169 0.243726
vt 0.842247 0.246236
vt 0.966131 0.188684
vt 0.966261 0.191171
vt 0.841554 0.214423
vt 0.840753 0.220813
vt 0.840170 0.226324
vt 0.839763 0.231179
vt 0.839514 0.235471
vt 0.839417 0.239225
vt 0.839478 0.242416
vt 0.787870 0.242885
vt 0.839714 0.244951
vt 0.963520 0.189271
vt 0.785103 0.246402
vt 0.963902 0.191524
vt 0.781708 0.249186
vt 0.839212 0.214427
vt 0.838204 0.220100
vt 0.837486 0.225090
vt 0.837005 0.229555
vt 0.792274 0.228137
vt 0.836739 0.233562
vt 0.790830 0.232802
vt 0.836679 0.237130
vt 0.789069 0.237098
vt 0.836833 0.240240
vt 0.786976 0.241008
vt 0.784504 0.244477
vt 0.781539 0.247374
vt 0.836871 0.214519
vt 0.792274 0.217193
vt 0.835679 0.219049
vt 0.791362 0.221874
vt 0.834843 0.223206
vt 0.834300 0.227052
vt 0.790219 0.226288
vt 0.788868 0.230463
vt 0.787315 0.234405
vt 0.785555 0.238107
vt 0.783564 0.241543
vt 0.781295 0.244659
vt 0.482372 0.297648
vt 0.456747 0.128198
vt 0.453510 0.125749
vt 0.481937 0.294439
vt 0.450393 0.123401
vt 0.481084 0.291387
vt 0.447514 0.121246
vt 0.479845 0.288611
vt 0.444984 0.119366
vt 0.478269 0.286217
vt 0.442902 0.117833
vt 0.476415 0.284297
vt 0.441345 0.116707
vt 0.474355 0.282924
vt 0.472168 0.282152
vt 0.469939 0.282009
vt 0.467752 0.282503
vt 0.256436 0.373943
vt 0.465692 0.283613
vt 0.257946 0.372750
vt 0.463838 0.285297
vt 0.259990 0.371160
vt 0.462262 0.287490
vt 0.262488 0.369235
vt 0.461023 0.290108
vt 0.265344 0.367047
vt 0.460170 0.293051
vt 0.268449 0.364681
vt 0.459735 0.296204
vt 0.271683 0.362228
vt 0.459735 0.299448
vt 0.274923 0.359783
vt 0.460170 0.302657
vt 0.278043 0.357439
vt 0.461023 0.305709
vt 0.280923 0.355286
vt 0.462261 0.308485
vt 0.283454 0.353407
vt 0.463838 0.310879
vt 0.285537 0.351874
vt 0.735593 0.722757
vt 0.465692 0.312799
vt 0.733650 0.722621
vt 0.467752 0.314172
vt 0.731535 0.722467
vt 0.469938 0.314944
vt 0.729329 0.722301
vt 0.472168 0.315087
vt 0.727117 0.722129
vt 0.474355 0.314593
vt 0.724984 0.721957
vt 0.476415 0.313483
vt 0.723012 0.721792
vt 0.470465 0.138745
vt 0.478269 0.311799
vt 0.468426 0.137150
vt 0.479845 0.309606
vt 0.465931 0.135219
vt 0.481084 0.306988
vt 0.481937 0.304045
vt 0.463079 0.133026
vt 0.482372 0.300892
vt 0.459978 0.130655
vt 0.463083 0.199166
vt 0.285537 0.469833
vt 0.735593 0.628040
vt 0.470465 0.021007
vt 0.259025 0.808441
vt 0.778955 0.358899
vt 0.257830 0.803896
vt 0.779705 0.363621
vt 0.256989 0.799730
vt 0.256442 0.795878
vt 0.780692 0.368080
vt 0.781893 0.372303
vt 0.783302 0.376296
vt 0.784924 0.380053
vt 0.786783 0.383547
vt 0.780035 0.349893
vt 0.258272 0.812734
vt 0.256436 0.808161
vt 0.780864 0.355118
vt 0.781900 0.360110
vt 0.783108 0.364906
vt 0.784473 0.369526
vt 0.785989 0.373976
vt 0.787662 0.378250
vt 0.789506 0.382329
vt 0.257830 0.816523
vt 0.781758 0.346507
vt 0.782899 0.351778
vt 0.784172 0.356894
vt 0.785554 0.361883
vt 0.787035 0.366756
vt 0.788613 0.371517
vt 0.790291 0.376162
vt 0.792079 0.380680
vt 0.783628 0.343605
vt 0.785040 0.348801
vt 0.786508 0.353924
vt 0.788024 0.358985
vt 0.789584 0.363991
vt 0.791187 0.368942
vt 0.792833 0.373838
vt 0.794528 0.378672
vt 0.785632 0.341141
vt 0.787277 0.346155
vt 0.788904 0.351175
vt 0.790519 0.356200
vt 0.792122 0.361229
vt 0.793715 0.366263
vt 0.795296 0.371300
vt 0.796865 0.376342
vt 0.787764 0.339099
vt 0.789606 0.343827
vt 0.791358 0.348640
vt 0.793036 0.353524
vt 0.794649 0.358472
vt 0.796199 0.363481
vt 0.797683 0.368554
vt 0.799094 0.373698
vt 0.790029 0.337495
vt 0.792031 0.341829
vt 0.793871 0.346327
vt 0.795578 0.350961
vt 0.797166 0.355719
vt 0.798638 0.360595
vt 0.799991 0.365595
vt 0.801211 0.370731
vt 0.792442 0.336375
vt 0.794561 0.340195
vt 0.796448 0.344258
vt 0.798145 0.348523
vt 0.799669 0.352970
vt 0.801026 0.357593
vt 0.802210 0.362398
vt 0.803203 0.367405
vt 0.788928 0.386725
vt 0.975643 0.260044
vt 0.788562 0.389389
vt 0.973305 0.259215
vt 0.788304 0.391153
vt 0.970962 0.258701
vt 0.968614 0.258473
vt 0.966261 0.258521
vt 0.787419 0.628040
vt 0.963903 0.258855
vt 0.961540 0.259504
vt 0.787592 0.629769
vt 0.791558 0.386173
vt 0.791759 0.389727
vt 0.976266 0.262990
vt 0.973672 0.262329
vt 0.971078 0.261908
vt 0.968484 0.261704
vt 0.965888 0.261709
vt 0.963292 0.261932
vt 0.960695 0.262394
vt 0.790759 0.629405
vt 0.793998 0.385043
vt 0.794626 0.389044
vt 0.976647 0.265935
vt 0.973884 0.265447
vt 0.971123 0.265123
vt 0.968366 0.264946
vt 0.965611 0.264912
vt 0.962858 0.265025
vt 0.960109 0.265301
vt 0.793610 0.630067
vt 0.796278 0.383433
vt 0.797239 0.387574
vt 0.976828 0.268877
vt 0.973965 0.268567
vt 0.971108 0.268343
vt 0.968257 0.268196
vt 0.965411 0.268125
vt 0.962570 0.268131
vt 0.959736 0.268223
vt 0.796218 0.631521
vt 0.798416 0.381390
vt 0.799628 0.385416
vt 0.976828 0.271817
vt 0.973929 0.271688
vt 0.971039 0.271568
vt 0.968156 0.271454
vt 0.965281 0.271347
vt 0.962413 0.271247
vt 0.959555 0.271156
vt 0.798614 0.633667
vt 0.800414 0.378927
vt 0.801804 0.382599
vt 0.976653 0.274756
vt 0.973779 0.274811
vt 0.970916 0.274797
vt 0.968062 0.274718
vt 0.965218 0.274578
vt 0.962384 0.274375
vt 0.959560 0.274101
vt 0.800808 0.636474
vt 0.802269 0.376031
vt 0.803758 0.379095
vt 0.976296 0.277692
vt 0.973511 0.277936
vt 0.970738 0.278030
vt 0.967976 0.277990
vt 0.965225 0.277819
vt 0.962485 0.277513
vt 0.959758 0.277059
vt 0.802789 0.639973
vt 0.803966 0.372655
vt 0.975739 0.280627
vt 0.805456 0.374804
vt 0.916405 0.191153
vt 0.973113 0.281062
vt 0.913765 0.189603
vt 0.970500 0.281269
vt 0.911145 0.188765
vt 0.967900 0.281270
vt 0.908542 0.188547
vt 0.965310 0.281070
vt 0.905954 0.188924
vt 0.962733 0.280665
vt 0.903384 0.189922
vt 0.960169 0.280031
vt 0.900832 0.191630
vt 0.804527 0.644263
vt 0.787877 0.632397
vt 0.785709 0.635572
vt 0.783841 0.639066
vt 0.782222 0.642825
vt 0.780828 0.646823
vt 0.279212 0.794593
vt 0.779652 0.651053
vt 0.778700 0.655522
vt 0.279020 0.798487
vt 0.777998 0.660257
vt 0.278571 0.802726
vt 0.790472 0.632923
vt 0.788374 0.636754
vt 0.786507 0.640827
vt 0.784832 0.645100
vt 0.783330 0.649555
vt 0.781995 0.654184
vt 0.780832 0.658995
vt 0.280414 0.806808
vt 0.779861 0.664005
vt 0.792891 0.634032
vt 0.790913 0.638376
vt 0.789097 0.642884
vt 0.787413 0.647527
vt 0.785848 0.652292
vt 0.784399 0.657176
vt 0.783069 0.662181
vt 0.781871 0.667322
vt 0.795165 0.635626
vt 0.793349 0.640364
vt 0.791622 0.645186
vt 0.789968 0.650079
vt 0.788379 0.655034
vt 0.786853 0.660051
vt 0.785392 0.665130
vt 0.784004 0.670280
vt 0.797307 0.637657
vt 0.795689 0.642680
vt 0.794088 0.647709
vt 0.792499 0.652743
vt 0.790920 0.657780
vt 0.789351 0.662820
vt 0.787792 0.667865
vt 0.786245 0.672913
vt 0.799322 0.640112
vt 0.797938 0.645316
vt 0.796497 0.650447
vt 0.795006 0.655516
vt 0.793471 0.660529
vt 0.791891 0.665488
vt 0.790267 0.670391
vt 0.788593 0.675232
vt 0.801206 0.643005
vt 0.800092 0.648282
vt 0.798847 0.653405
vt 0.797490 0.658401
vt 0.796032 0.663282
vt 0.794476 0.668050
vt 0.792819 0.672702
vt 0.791051 0.677227
vt 0.802944 0.646382
vt 0.802142 0.651612
vt 0.801132 0.656609
vt 0.799947 0.661412
vt 0.798605 0.666038
vt 0.797110 0.670495
vt 0.795457 0.674777
vt 0.793630 0.678864
vt 0.277813 0.807380
vt 0.275461 0.807771
vt 0.273110 0.808073
vt 0.270761 0.808303
vt 0.268412 0.808467
vt 0.266064 0.808568
vt 0.263716 0.808603
vt 0.261370 0.808566
vt 0.779122 0.669258
vt 0.279014 0.811563
vt 0.276476 0.813197
vt 0.273917 0.814274
vt 0.271343 0.814940
vt 0.268756 0.815254
vt 0.266158 0.815233
vt 0.263546 0.814860
vt 0.260920 0.814075
vt 0.780835 0.672626
vt 0.279861 0.815280
vt 0.277203 0.817783
vt 0.274509 0.819397
vt 0.271789 0.820363
vt 0.269045 0.820780
vt 0.266281 0.820674
vt 0.263494 0.820018
vt 0.260680 0.818715
vt 0.780156 0.343485
vt 0.280414 0.818609
vt 0.782705 0.675514
vt 0.781327 0.679190
vt 0.277695 0.821722
vt 0.274928 0.823714
vt 0.272126 0.824894
vt 0.269293 0.825383
vt 0.266433 0.825215
vt 0.263543 0.824357
vt 0.260618 0.822685
vt 0.782121 0.339977
vt 0.784715 0.677967
vt 0.783517 0.681997
vt 0.277975 0.825096
vt 0.275191 0.827341
vt 0.272366 0.828664
vt 0.269507 0.829200
vt 0.266614 0.828988
vt 0.263686 0.827990
vt 0.260717 0.826069
vt 0.784300 0.337159
vt 0.786862 0.680000
vt 0.278050 0.827928
vt 0.785917 0.684143
vt 0.785355 0.686745
vt 0.275304 0.830307
vt 0.272515 0.831708
vt 0.269687 0.832269
vt 0.266822 0.832029
vt 0.263920 0.830949
vt 0.785999 0.332444
vt 0.260973 0.828892
vt 0.786686 0.335002
vt 0.789150 0.681599
vt 0.788536 0.685601
vt 0.275262 0.832582
vt 0.788183 0.688139
vt 0.904029 0.232365
vt 0.272567 0.833990
vt 0.906805 0.233363
vt 0.269832 0.834551
vt 0.909569 0.233628
vt 0.267059 0.834301
vt 0.912319 0.233194
vt 0.264247 0.833203
vt 0.915055 0.232027
vt 0.788813 0.331039
vt 0.789287 0.333536
vt 0.791593 0.682717
vt 0.791405 0.686270
vt 0.901635 0.228746
vt 0.791317 0.688560
vt 0.904256 0.230237
vt 0.906865 0.231042
vt 0.909465 0.231249
vt 0.912056 0.230883
vt 0.791932 0.330608
vt 0.914637 0.229918
vt 0.917207 0.228268
vt 0.792134 0.332860
vt 0.275915 0.802004
vt 0.276160 0.796953
vt 0.777607 0.649379
vt 0.276230 0.792452
vt 0.778857 0.644656
vt 0.276139 0.788434
vt 0.780444 0.640295
vt 0.275894 0.784878
vt 0.275489 0.781804
vt 0.782384 0.636312
vt 0.784727 0.632760
vt 0.273283 0.801620
vt 0.273341 0.796068
vt 0.273299 0.791189
vt 0.273165 0.786890
vt 0.272942 0.783144
vt 0.781495 0.634560
vt 0.272628 0.779977
vt 0.784126 0.630943
vt 0.272213 0.777484
vt 0.963521 0.256596
vt 0.270669 0.801473
vt 0.270551 0.795648
vt 0.270406 0.790559
vt 0.270235 0.786101
vt 0.270037 0.782244
vt 0.269814 0.779017
vt 0.269563 0.776528
vt 0.966132 0.256032
vt 0.268069 0.801526
vt 0.267785 0.795618
vt 0.267545 0.790465
vt 0.267341 0.785957
vt 0.267172 0.782062
vt 0.267040 0.778812
vt 0.266951 0.776316
vt 0.968732 0.255916
vt 0.265483 0.801766
vt 0.265043 0.795958
vt 0.264714 0.790880
vt 0.264482 0.786426
vt 0.264345 0.782565
vt 0.264306 0.779328
vt 0.264377 0.776821
vt 0.971322 0.256230
vt 0.262913 0.802205
vt 0.262326 0.796690
vt 0.261914 0.791832
vt 0.261660 0.787539
vt 0.261558 0.783786
vt 0.261612 0.780599
vt 0.782382 0.384649
vt 0.261843 0.778069
vt 0.973901 0.256994
vt 0.785016 0.388258
vt 0.260359 0.802882
vt 0.259637 0.797885
vt 0.259152 0.793416
vt 0.778542 0.369805
vt 0.258881 0.789408
vt 0.779818 0.374521
vt 0.258817 0.785842
vt 0.781423 0.378875
vt 0.258966 0.782736
vt 0.783371 0.382854
vt 0.785711 0.386401
vt 0.795032 0.335838
vt 0.797217 0.339001
vt 0.799103 0.342486
vt 0.800741 0.346237
vt 0.802154 0.350228
vt 0.803350 0.354453
vt 0.804322 0.358918
vt 0.805046 0.363649
vt 0.805471 0.368701
vt 0.795301 0.333210
vt 0.916369 0.225630
vt 0.798182 0.336187
vt 0.916984 0.221497
vt 0.800543 0.339726
vt 0.917362 0.217408
vt 0.802502 0.343701
vt 0.917541 0.213351
vt 0.804110 0.348054
vt 0.917541 0.209324
vt 0.805382 0.352771
vt 0.917367 0.205325
vt 0.806304 0.357867
vt 0.917015 0.201356
vt 0.806825 0.363397
vt 0.916464 0.197419
vt 0.806825 0.369490
vt 0.915675 0.193526
vt 0.914028 0.226661
vt 0.914385 0.222264
vt 0.914591 0.217916
vt 0.914670 0.213605
vt 0.914634 0.209327
vt 0.914486 0.205080
vt 0.914223 0.200866
vt 0.913832 0.196689
vt 0.913290 0.192561
vt 0.911682 0.227283
vt 0.911788 0.222737
vt 0.911827 0.218244
vt 0.911809 0.213789
vt 0.911739 0.209368
vt 0.911619 0.204979
vt 0.911446 0.200622
vt 0.911216 0.196305
vt 0.910920 0.192040
vt 0.909333 0.227534
vt 0.909192 0.222945
vt 0.909068 0.218408
vt 0.908956 0.213909
vt 0.908855 0.209441
vt 0.908764 0.205004
vt 0.908683 0.200600
vt 0.908614 0.196233
vt 0.908562 0.191918
vt 0.906980 0.227427
vt 0.906597 0.222896
vt 0.906314 0.218413
vt 0.906111 0.213964
vt 0.905981 0.209545
vt 0.905920 0.205153
vt 0.905933 0.200791
vt 0.906025 0.196464
vt 0.906218 0.192184
vt 0.904624 0.226950
vt 0.904004 0.222582
vt 0.903564 0.218254
vt 0.903274 0.213955
vt 0.903117 0.209681
vt 0.903089 0.205430
vt 0.903196 0.201204
vt 0.903451 0.197007
vt 0.903886 0.192850
vt 0.902264 0.226062
vt 0.794600 0.685915
vt 0.901412 0.221975
vt 0.797437 0.682915
vt 0.900821 0.217915
vt 0.799762 0.679357
vt 0.900446 0.213876
vt 0.801691 0.675369
vt 0.900265 0.209854
vt 0.803275 0.671007
vt 0.900272 0.205850
vt 0.804529 0.666286
vt 0.900474 0.201863
vt 0.805437 0.661189
vt 0.900892 0.197897
vt 0.805950 0.655663
vt 0.901570 0.193958
vt 0.805950 0.649580
vt 0.794225 0.683256
vt 0.796356 0.680068
vt 0.798200 0.676565
vt 0.799805 0.672801
vt 0.801194 0.668801
vt 0.802375 0.664573
vt 0.803340 0.660109
vt 0.804067 0.655383
vt 0.804506 0.650343
vt 0.930136 0.752156
vt 0.930815 0.755198
vt 0.276992 0.893675
vt 0.931239 0.757907
vt 0.276069 0.890828
vt 0.931450 0.760342
vt 0.275000 0.888230
vt 0.273798 0.885857
vt 0.272467 0.883703
vt 0.271004 0.881773
vt 0.269394 0.880093
vt 0.928240 0.752158
vt 0.928692 0.756025
vt 0.928965 0.759318
vt 0.276347 0.886484
vt 0.929087 0.762170
vt 0.275050 0.883815
vt 0.929072 0.764635
vt 0.928925 0.766730
vt 0.273550 0.881486
vt 0.271840 0.879513
vt 0.269887 0.877946
vt 0.978688 0.494469
vt 0.926345 0.752131
vt 0.926582 0.756506
vt 0.926711 0.760157
vt 0.926749 0.763266
vt 0.926704 0.765910
vt 0.274228 0.880100
vt 0.926578 0.768110
vt 0.272363 0.878082
vt 0.926368 0.769844
vt 0.976940 0.492329
vt 0.270200 0.876565
vt 0.976622 0.493450
vt 0.924451 0.752081
vt 0.924481 0.756734
vt 0.924473 0.760580
vt 0.924432 0.763832
vt 0.924358 0.766577
vt 0.924254 0.768838
vt 0.924119 0.770592
vt 0.974739 0.491606
vt 0.974546 0.492844
vt 0.922558 0.752009
vt 0.922388 0.756747
vt 0.922248 0.760651
vt 0.922130 0.763947
vt 0.922032 0.766724
vt 0.921951 0.769006
vt 0.921890 0.770769
vt 0.972525 0.491321
vt 0.972461 0.492599
vt 0.920666 0.751917
vt 0.920303 0.756554
vt 0.920035 0.760388
vt 0.919845 0.763634
vt 0.919723 0.766376
vt 0.919668 0.768640
vt 0.919681 0.770400
vt 0.970300 0.491453
vt 0.970367 0.492701
vt 0.918775 0.751804
vt 0.918225 0.756145
vt 0.917835 0.759773
vt 0.917576 0.762870
vt 0.917434 0.765510
vt 0.917404 0.767714
vt 0.921520 0.526913
vt 0.917492 0.769460
vt 0.968063 0.492024
vt 0.919847 0.529096
vt 0.917828 0.530810
vt 0.968264 0.493163
vt 0.916886 0.751667
vt 0.916158 0.755483
vt 0.915651 0.758743
vt 0.915326 0.761575
vt 0.923071 0.520324
vt 0.915166 0.764034
vt 0.922025 0.523100
vt 0.915165 0.766135
vt 0.920746 0.525558
vt 0.919221 0.527684
vt 0.966151 0.494038
vt 0.917416 0.529430
vt 0.267606 0.878713
vt 0.265807 0.879878
vt 0.264189 0.881365
vt 0.262721 0.883119
vt 0.261389 0.885114
vt 0.260188 0.887343
vt 0.259123 0.889813
vt 0.258209 0.892550
vt 0.267621 0.876907
vt 0.978031 0.495906
vt 0.265345 0.877674
vt 0.978536 0.498280
vt 0.263387 0.879006
vt 0.978846 0.500652
vt 0.261673 0.880775
vt 0.978993 0.503022
vt 0.260172 0.882924
vt 0.978993 0.505390
vt 0.258876 0.885438
vt 0.978851 0.507756
vt 0.257794 0.888332
vt 0.978561 0.510120
vt 0.256956 0.891663
vt 0.978109 0.512482
vt 0.976150 0.495247
vt 0.976451 0.497759
vt 0.976625 0.500271
vt 0.976692 0.502785
vt 0.976663 0.505299
vt 0.976541 0.507813
vt 0.976322 0.510328
vt 0.975997 0.512843
vt 0.974265 0.494842
vt 0.974364 0.497429
vt 0.974404 0.500021
vt 0.974394 0.502616
vt 0.974338 0.505213
vt 0.974238 0.507812
vt 0.974092 0.510414
vt 0.973895 0.513020
vt 0.972374 0.494666
vt 0.972276 0.497273
vt 0.972185 0.499888
vt 0.972099 0.502507
vt 0.972018 0.505131
vt 0.971941 0.507759
vt 0.971869 0.510391
vt 0.971802 0.513029
vt 0.970479 0.494712
vt 0.970185 0.497285
vt 0.969966 0.499868
vt 0.969806 0.502458
vt 0.969702 0.505053
vt 0.969650 0.507655
vt 0.969653 0.510262
vt 0.969716 0.512876
vt 0.968579 0.494987
vt 0.968093 0.497471
vt 0.967747 0.499966
vt 0.967517 0.502469
vt 0.967390 0.504980
vt 0.967365 0.507498
vt 0.967444 0.510023
vt 0.967639 0.512556
vt 0.966674 0.495516
vt 0.915247 0.530683
vt 0.965999 0.497849
vt 0.912918 0.530118
vt 0.965529 0.500194
vt 0.910850 0.528965
vt 0.965230 0.502549
vt 0.908984 0.527358
vt 0.965084 0.504912
vt 0.907293 0.525355
vt 0.965088 0.507283
vt 0.905770 0.522972
vt 0.965245 0.509662
vt 0.904424 0.520192
vt 0.965572 0.512051
vt 0.903279 0.516959
vt 0.257475 0.895609
vt 0.258209 0.898745
vt 0.259123 0.901585
vt 0.260188 0.904179
vt 0.261389 0.906550
vt 0.262721 0.908706
vt 0.264189 0.910640
vt 0.265807 0.912328
vt 0.977461 0.514842
vt 0.256436 0.895559
vt 0.977437 0.558583
vt 0.256956 0.899510
vt 0.978095 0.560896
vt 0.257794 0.902936
vt 0.978554 0.563246
vt 0.258876 0.905957
vt 0.978848 0.565624
vt 0.260172 0.908625
vt 0.978993 0.568026
vt 0.261673 0.910955
vt 0.978993 0.570453
vt 0.263387 0.912932
vt 0.978844 0.572904
vt 0.265345 0.914504
vt 0.978529 0.575383
vt 0.975545 0.515360
vt 0.975524 0.558023
vt 0.975989 0.560475
vt 0.976323 0.562969
vt 0.976546 0.565493
vt 0.976671 0.568045
vt 0.976700 0.570623
vt 0.976630 0.573227
vt 0.976450 0.575863
vt 0.973639 0.515629
vt 0.973620 0.557733
vt 0.973891 0.560268
vt 0.974096 0.562847
vt 0.974248 0.565457
vt 0.974351 0.568095
vt 0.974407 0.570758
vt 0.974414 0.573449
vt 0.974367 0.576172
vt 0.971742 0.515673
vt 0.971724 0.557687
vt 0.971798 0.560255
vt 0.971874 0.562864
vt 0.971953 0.565504
vt 0.972032 0.568170
vt 0.972113 0.570862
vt 0.972195 0.573579
vt 0.972279 0.576327
vt 0.969854 0.515499
vt 0.969835 0.557877
vt 0.969712 0.560427
vt 0.969657 0.563016
vt 0.969660 0.565632
vt 0.969715 0.568271
vt 0.969819 0.570933
vt 0.969975 0.573618
vt 0.970188 0.576331
vt 0.967974 0.515100
vt 0.967953 0.558311
vt 0.967631 0.560793
vt 0.967445 0.563306
vt 0.967371 0.565842
vt 0.967399 0.568398
vt 0.967525 0.570971
vt 0.967752 0.573565
vt 0.968092 0.576181
vt 0.966105 0.514451
vt 0.966080 0.559014
vt 0.902395 0.513137
vt 0.965558 0.561373
vt 0.902557 0.509146
vt 0.965238 0.563752
vt 0.903082 0.505651
vt 0.965085 0.566147
vt 0.903884 0.502540
vt 0.965084 0.568555
vt 0.904930 0.499762
vt 0.965230 0.570976
vt 0.906209 0.497306
vt 0.965527 0.573410
vt 0.907732 0.495183
vt 0.965992 0.575860
vt 0.909532 0.493444
vt 0.267606 0.913718
vt 0.269393 0.912542
vt 0.271004 0.911048
vt 0.272467 0.909290
vt 0.932234 0.741311
vt 0.273798 0.907294
vt 0.932050 0.743678
vt 0.275000 0.905066
vt 0.931658 0.746256
vt 0.276069 0.902600
vt 0.276992 0.899871
vt 0.931036 0.749066
vt 0.267621 0.915551
vt 0.978015 0.577899
vt 0.978658 0.579510
vt 0.269887 0.914776
vt 0.271840 0.913438
vt 0.929850 0.734861
vt 0.273550 0.911666
vt 0.930000 0.736860
vt 0.275050 0.909516
vt 0.929987 0.739198
vt 0.929817 0.741862
vt 0.929485 0.744865
vt 0.928972 0.748259
vt 0.976139 0.578540
vt 0.270200 0.916222
vt 0.976596 0.580528
vt 0.927480 0.731787
vt 0.272363 0.914960
vt 0.927682 0.733344
vt 0.927756 0.735386
vt 0.927714 0.737844
vt 0.927562 0.740699
vt 0.927294 0.743970
vt 0.926898 0.747726
vt 0.974255 0.578938
vt 0.974522 0.581137
vt 0.925419 0.730917
vt 0.925491 0.732449
vt 0.925490 0.734518
vt 0.925421 0.737045
vt 0.925289 0.740009
vt 0.925090 0.743431
vt 0.924817 0.747390
vt 0.972366 0.579116
vt 0.972437 0.581388
vt 0.923339 0.730574
vt 0.923282 0.732095
vt 0.923205 0.734170
vt 0.923112 0.736720
vt 0.923002 0.739720
vt 0.922876 0.743193
vt 0.922731 0.747221
vt 0.970470 0.579082
vt 0.970343 0.581296
vt 0.921241 0.730737
vt 0.921054 0.732257
vt 0.920903 0.734320
vt 0.920786 0.736845
vt 0.920702 0.739811
vt 0.920652 0.743240
vt 0.920639 0.747210
vt 0.968568 0.578828
vt 0.919124 0.731426
vt 0.968238 0.580846
vt 0.914183 0.491321
vt 0.916457 0.492374
vt 0.918806 0.732961
vt 0.918582 0.734990
vt 0.918444 0.737444
vt 0.918388 0.740303
vt 0.918418 0.743587
vt 0.918541 0.747365
vt 0.966659 0.578331
vt 0.911695 0.492201
vt 0.966121 0.579986
vt 0.914030 0.492756
vt 0.916537 0.734286
vt 0.916102 0.493902
vt 0.916240 0.736265
vt 0.917971 0.495505
vt 0.919663 0.497507
vt 0.916082 0.738597
vt 0.916057 0.741267
vt 0.916171 0.744290
vt 0.916437 0.747717
vt 0.267590 0.910693
vt 0.265925 0.908623
vt 0.264374 0.906370
vt 0.262926 0.903951
vt 0.261578 0.901372
vt 0.260333 0.898627
vt 0.259202 0.895699
vt 0.269243 0.908822
vt 0.267576 0.906450
vt 0.265987 0.903958
vt 0.264469 0.901356
vt 0.263017 0.898649
vt 0.261636 0.895832
vt 0.260333 0.892895
vt 0.270787 0.906754
vt 0.269157 0.904148
vt 0.267567 0.901483
vt 0.266015 0.898765
vt 0.264498 0.895996
vt 0.263017 0.893174
vt 0.261578 0.890293
vt 0.272233 0.904508
vt 0.270673 0.901728
vt 0.269117 0.898951
vt 0.267564 0.896177
vt 0.266015 0.893406
vt 0.264469 0.890638
vt 0.262926 0.887874
vt 0.273583 0.902091
vt 0.272127 0.899195
vt 0.270637 0.896364
vt 0.269117 0.893592
vt 0.267567 0.890877
vt 0.265987 0.888221
vt 0.264374 0.885630
vt 0.274836 0.899496
vt 0.273517 0.896544
vt 0.272127 0.893720
vt 0.270673 0.891010
vt 0.269157 0.888411
vt 0.267576 0.885926
vt 0.265925 0.883569
vt 0.932234 0.752109
vt 0.275979 0.896704
vt 0.274836 0.893764
vt 0.273583 0.891013
vt 0.272233 0.888431
vt 0.270787 0.886014
vt 0.269243 0.883768
vt 0.267590 0.881709
vt 0.914997 0.751502
vt 0.914103 0.754475
vt 0.923071 0.513080
vt 0.913487 0.757140
vt 0.922420 0.515992
vt 0.913104 0.759549
vt 0.921597 0.518672
vt 0.920619 0.521144
vt 0.919491 0.523413
vt 0.918208 0.525474
vt 0.916752 0.527303
vt 0.915090 0.528854
vt 0.914324 0.748344
vt 0.922501 0.506911
vt 0.912913 0.751274
vt 0.921799 0.510137
vt 0.920941 0.513156
vt 0.919953 0.516003
vt 0.918847 0.518695
vt 0.917628 0.521237
vt 0.916291 0.523624
vt 0.914825 0.525838
vt 0.913201 0.527847
vt 0.913907 0.745489
vt 0.921338 0.504269
vt 0.920414 0.507448
vt 0.919385 0.510492
vt 0.918267 0.513423
vt 0.917071 0.516252
vt 0.915798 0.518982
vt 0.914446 0.521611
vt 0.913006 0.524126
vt 0.911460 0.526507
vt 0.913703 0.742886
vt 0.920050 0.501907
vt 0.918934 0.504972
vt 0.917764 0.507971
vt 0.916549 0.510917
vt 0.915292 0.513814
vt 0.913996 0.516663
vt 0.912660 0.519463
vt 0.911277 0.522209
vt 0.909840 0.524890
vt 0.913693 0.740510
vt 0.918649 0.499798
vt 0.917369 0.502686
vt 0.916086 0.505579
vt 0.914800 0.508477
vt 0.913511 0.511379
vt 0.912220 0.514284
vt 0.910927 0.517192
vt 0.909631 0.520106
vt 0.908332 0.523024
vt 0.917139 0.497934
vt 0.915721 0.500585
vt 0.914351 0.503312
vt 0.913021 0.506102
vt 0.911728 0.508947
vt 0.910469 0.511847
vt 0.909247 0.514804
vt 0.908064 0.517823
vt 0.906930 0.520917
vt 0.915517 0.496323
vt 0.913988 0.498676
vt 0.912559 0.501174
vt 0.911213 0.503793
vt 0.909942 0.506520
vt 0.908743 0.509352
vt 0.907620 0.512293
vt 0.906580 0.515354
vt 0.905639 0.518560
vt 0.913770 0.494991
vt 0.912160 0.496978
vt 0.910703 0.499178
vt 0.909371 0.501557
vt 0.908153 0.504096
vt 0.907046 0.506791
vt 0.906053 0.509646
vt 0.905185 0.512680
vt 0.904470 0.515927
vt 0.911872 0.493997
vt 0.910218 0.495535
vt 0.908769 0.497356
vt 0.907488 0.499411
vt 0.906361 0.501679
vt 0.905382 0.504152
vt 0.904557 0.506838
vt 0.903900 0.509758
vt 0.903448 0.512961
vt 0.714759 0.239411
vt 0.718893 0.237043
vt 0.721940 0.235302
vt 0.330816 0.266638
vt 0.326693 0.266390
vt 0.322551 0.266124
vt 0.593181 0.889501
vt 0.590193 0.887777
vt 0.586081 0.885416
vt 0.581946 0.883050
vt 0.578898 0.881313
vt 0.148512 0.257467
vt 0.144640 0.255663
vt 0.140389 0.255852
vt 0.707657 0.243490
vt 0.710647 0.241771
vt 0.714763 0.232383
vt 0.718896 0.230203
vt 0.721943 0.228976
vt 0.330179 0.272117
vt 0.326127 0.271261
vt 0.322056 0.270386
vt 0.593183 0.894421
vt 0.590195 0.892182
vt 0.586083 0.889632
vt 0.581949 0.887455
vt 0.578900 0.886232
vt 0.147902 0.261962
vt 0.143943 0.260801
vt 0.707660 0.237165
vt 0.139605 0.261632
vt 0.136049 0.264234
vt 0.710650 0.234931
vt 0.714773 0.225472
vt 0.718906 0.223478
vt 0.721952 0.222757
vt 0.328918 0.277464
vt 0.325006 0.276014
vt 0.321075 0.274544
vt 0.593190 0.899257
vt 0.590202 0.896513
vt 0.586089 0.893778
vt 0.581955 0.891785
vt 0.578907 0.891069
vt 0.147789 0.266477
vt 0.143814 0.265961
vt 0.139459 0.267437
vt 0.135892 0.270512
vt 0.710660 0.228205
vt 0.714789 0.218797
vt 0.718922 0.216982
vt 0.721966 0.216749
vt 0.327052 0.282585
vt 0.323347 0.280566
vt 0.319624 0.278528
vt 0.593203 0.903927
vt 0.590213 0.900694
vt 0.586100 0.897781
vt 0.581966 0.895967
vt 0.578920 0.895739
vt 0.148174 0.270935
vt 0.144255 0.271055
vt 0.139955 0.273169
vt 0.136428 0.276709
vt 0.710675 0.221709
vt 0.714811 0.212473
vt 0.718943 0.210827
vt 0.327109 0.289245
vt 0.721986 0.211057
vt 0.324614 0.287394
vt 0.321181 0.284841
vt 0.593220 0.908352
vt 0.317728 0.282268
vt 0.315181 0.280366
vt 0.590228 0.904656
vt 0.586114 0.901573
vt 0.581981 0.899929
vt 0.578937 0.900163
vt 0.149052 0.275259
vt 0.145258 0.275997
vt 0.141084 0.278728
vt 0.137648 0.282721
vt 0.710697 0.215554
vt 0.714840 0.206607
vt 0.718971 0.205118
vt 0.323900 0.294018
vt 0.321647 0.291809
vt 0.318543 0.288765
vt 0.315420 0.285702
vt 0.313114 0.283440
vt 0.590247 0.908330
vt 0.586133 0.905090
vt 0.582000 0.903603
vt 0.578958 0.904266
vt 0.150407 0.279375
vt 0.146807 0.280701
vt 0.142826 0.284020
vt 0.139532 0.288443
vt 0.710725 0.209845
vt 0.714873 0.201299
vt 0.140392 0.298268
vt 0.719003 0.199952
vt 0.320172 0.298283
vt 0.318199 0.295753
vt 0.315478 0.292271
vt 0.312738 0.288769
vt 0.310714 0.286187
vt 0.590269 0.911653
vt 0.586154 0.908271
vt 0.582023 0.906926
vt 0.578983 0.907978
vt 0.152216 0.283213
vt 0.148874 0.285087
vt 0.145152 0.288955
vt 0.710757 0.204680
vt 0.142048 0.293779
vt 0.714911 0.196641
vt 0.143581 0.303259
vt 0.719041 0.195419
vt 0.315990 0.301967
vt 0.314332 0.299160
vt 0.312040 0.295299
vt 0.309730 0.291419
vt 0.590295 0.914569
vt 0.308020 0.288559
vt 0.454385 0.762503
vt 0.586179 0.911062
vt 0.450429 0.763145
vt 0.582049 0.909841
vt 0.446367 0.762438
vt 0.579012 0.911234
vt 0.443287 0.760572
vt 0.154449 0.286707
vt 0.151425 0.289081
vt 0.148022 0.293447
vt 0.145151 0.298637
vt 0.714953 0.192712
vt 0.147319 0.307675
vt 0.719082 0.191595
vt 0.311424 0.305006
vt 0.310110 0.301970
vt 0.308288 0.297797
vt 0.306447 0.293605
vt 0.305080 0.290517
vt 0.454271 0.765328
vt 0.450320 0.765849
vt 0.446253 0.765263
vt 0.443160 0.763726
vt 0.157066 0.289798
vt 0.154416 0.292613
vt 0.151387 0.297421
vt 0.148789 0.302934
vt 0.714999 0.189580
vt 0.151544 0.311437
vt 0.719126 0.188547
vt 0.151482 0.314035
vt 0.306554 0.307348
vt 0.305606 0.304137
vt 0.304284 0.299723
vt 0.302943 0.295290
vt 0.301943 0.292025
vt 0.454181 0.768374
vt 0.450233 0.768765
vt 0.446163 0.768309
vt 0.443059 0.767129
vt 0.160023 0.292432
vt 0.157796 0.295623
vt 0.155189 0.300807
vt 0.152900 0.306596
vt 0.156181 0.314484
vt 0.155996 0.317000
vt 0.301462 0.308955
vt 0.300897 0.305622
vt 0.300098 0.301043
vt 0.299281 0.296445
vt 0.298663 0.293060
vt 0.454115 0.771590
vt 0.450170 0.771844
vt 0.446097 0.771525
vt 0.442986 0.770720
vt 0.163269 0.294564
vt 0.161506 0.298060
vt 0.159363 0.303549
vt 0.157414 0.309561
vt 0.161154 0.316761
vt 0.160834 0.319216
vt 0.296235 0.309796
vt 0.296063 0.306400
vt 0.295802 0.301735
vt 0.295521 0.297051
vt 0.295297 0.293602
vt 0.454075 0.774920
vt 0.450132 0.775032
vt 0.446057 0.774856
vt 0.442941 0.774439
vt 0.166750 0.296159
vt 0.165484 0.299882
vt 0.163838 0.305599
vt 0.162253 0.311777
vt 0.166375 0.318232
vt 0.165916 0.320647
vt 0.290964 0.309860
vt 0.291188 0.306459
vt 0.291468 0.301787
vt 0.291730 0.297096
vt 0.291902 0.293643
vt 0.454062 0.778308
vt 0.450119 0.778275
vt 0.446044 0.778243
vt 0.442926 0.778223
vt 0.170404 0.297188
vt 0.169661 0.301058
vt 0.168537 0.306922
vt 0.167334 0.313208
vt 0.171756 0.318869
vt 0.171152 0.321267
vt 0.285737 0.309144
vt 0.286355 0.305797
vt 0.287172 0.301199
vt 0.287970 0.296581
vt 0.288536 0.293182
vt 0.454075 0.781695
vt 0.450132 0.781517
vt 0.446057 0.781631
vt 0.442941 0.782006
vt 0.174171 0.297634
vt 0.173965 0.301568
vt 0.173380 0.307496
vt 0.172571 0.313828
vt 0.177204 0.318662
vt 0.176455 0.321066
vt 0.280645 0.307661
vt 0.281646 0.304425
vt 0.282986 0.299979
vt 0.284308 0.295514
vt 0.285256 0.292226
vt 0.454115 0.785025
vt 0.450170 0.784704
vt 0.446097 0.784960
vt 0.442986 0.785724
vt 0.177985 0.297489
vt 0.178324 0.301403
vt 0.178283 0.307310
vt 0.177873 0.313627
vt 0.718557 0.492364
vt 0.182627 0.317616
vt 0.181733 0.320048
vt 0.714441 0.491321
vt 0.275775 0.305435
vt 0.277142 0.302367
vt 0.278983 0.298150
vt 0.280805 0.293914
vt 0.282120 0.290793
vt 0.454181 0.788238
vt 0.450233 0.787780
vt 0.446163 0.788174
vt 0.443059 0.789313
vt 0.181781 0.296757
vt 0.182663 0.300566
vt 0.183164 0.306368
vt 0.183151 0.312609
vt 0.718498 0.495469
vt 0.187932 0.315747
vt 0.714384 0.494342
vt 0.271209 0.302506
vt 0.272920 0.299659
vt 0.275230 0.295742
vt 0.277521 0.291807
vt 0.279179 0.288907
vt 0.454271 0.791282
vt 0.450320 0.790694
vt 0.446253 0.791217
vt 0.443160 0.792712
vt 0.185495 0.295449
vt 0.186907 0.299071
vt 0.187938 0.304686
vt 0.188314 0.310790
vt 0.718440 0.499372
vt 0.193028 0.313088
vt 0.714328 0.498140
vt 0.267027 0.298924
vt 0.269052 0.296345
vt 0.271792 0.292797
vt 0.274513 0.289230
vt 0.454385 0.794102
vt 0.276486 0.286599
vt 0.444301 0.896863
vt 0.450429 0.793394
vt 0.448441 0.893365
vt 0.446367 0.794038
vt 0.452561 0.892160
vt 0.443287 0.795862
vt 0.455558 0.893572
vt 0.189062 0.293587
vt 0.190983 0.296943
vt 0.192525 0.302293
vt 0.193273 0.308202
vt 0.197827 0.309684
vt 0.718384 0.504006
vt 0.714273 0.502651
vt 0.263300 0.294748
vt 0.265605 0.292484
vt 0.268728 0.289365
vt 0.271832 0.286227
vt 0.274085 0.283910
vt 0.444286 0.893962
vt 0.448426 0.890588
vt 0.452546 0.889259
vt 0.455541 0.890333
vt 0.192421 0.291205
vt 0.194823 0.294220
vt 0.196844 0.299229
vt 0.197944 0.304890
vt 0.722504 0.507405
vt 0.718331 0.509293
vt 0.714222 0.507796
vt 0.260090 0.290052
vt 0.262637 0.288141
vt 0.266090 0.285505
vt 0.269523 0.282849
vt 0.272018 0.280886
vt 0.444274 0.890652
vt 0.448416 0.887419
vt 0.452535 0.885949
vt 0.455529 0.886636
vt 0.195516 0.288341
vt 0.198359 0.290948
vt 0.200823 0.295548
vt 0.202246 0.300909
vt 0.722453 0.512550
vt 0.718282 0.515142
vt 0.257455 0.284915
vt 0.714174 0.513488
vt 0.711181 0.513724
vt 0.260199 0.283391
vt 0.263923 0.281282
vt 0.267627 0.279154
vt 0.441214 0.890690
vt 0.270320 0.277577
vt 0.444268 0.886989
vt 0.448409 0.883913
vt 0.452528 0.882286
vt 0.455521 0.882545
vt 0.198293 0.285046
vt 0.201533 0.287183
vt 0.204393 0.291312
vt 0.206107 0.296328
vt 0.722405 0.518242
vt 0.718238 0.521453
vt 0.714131 0.519630
vt 0.711141 0.519404
vt 0.258334 0.278314
vt 0.262265 0.276769
vt 0.266176 0.275206
vt 0.441211 0.886275
vt 0.444266 0.883036
vt 0.448407 0.880128
vt 0.452526 0.878333
vt 0.455519 0.878130
vt 0.200704 0.281376
vt 0.204289 0.282988
vt 0.207494 0.286593
vt 0.209460 0.291225
vt 0.722362 0.524384
vt 0.718199 0.528117
vt 0.714093 0.526116
vt 0.711106 0.525402
vt 0.257072 0.272998
vt 0.261143 0.272044
vt 0.265195 0.271071
vt 0.441214 0.881612
vt 0.444268 0.878860
vt 0.448409 0.876131
vt 0.452528 0.874157
vt 0.455521 0.873466
vt 0.202709 0.277394
vt 0.206580 0.278437
vt 0.210072 0.281473
vt 0.212247 0.285689
vt 0.722324 0.530870
vt 0.718166 0.535022
vt 0.714061 0.532835
vt 0.711077 0.531616
vt 0.256436 0.267534
vt 0.260577 0.267187
vt 0.264700 0.266821
vt 0.441221 0.876780
vt 0.444274 0.874533
vt 0.448416 0.871990
vt 0.452535 0.869830
vt 0.455529 0.868634
vt 0.204273 0.273167
vt 0.208368 0.273606
vt 0.212083 0.276038
vt 0.725333 0.539850
vt 0.214422 0.279812
vt 0.722292 0.537589
vt 0.718140 0.542048
vt 0.714036 0.539673
vt 0.711053 0.537939
vt 0.256436 0.262015
vt 0.260577 0.262281
vt 0.264700 0.262528
vt 0.441234 0.871862
vt 0.444286 0.870130
vt 0.448426 0.867774
vt 0.452546 0.865427
vt 0.455541 0.863716
vt 0.205370 0.268769
vt 0.209621 0.268579
vt 0.213492 0.270383
vt 0.725310 0.546174
vt 0.722267 0.544427
vt 0.718121 0.549075
vt 0.714017 0.546512
vt 0.711036 0.544264
vt 0.257072 0.256535
vt 0.261143 0.257410
vt 0.265195 0.258266
vt 0.441251 0.866942
vt 0.444301 0.865724
vt 0.448441 0.863557
vt 0.452561 0.861022
vt 0.202424 0.266875
vt 0.455558 0.858797
vt 0.205980 0.264273
vt 0.210318 0.263442
vt 0.214276 0.264603
vt 0.725293 0.552498
vt 0.722248 0.551266
vt 0.718109 0.555984
vt 0.714006 0.553236
vt 0.711026 0.550482
vt 0.258334 0.251189
vt 0.262265 0.252658
vt 0.266176 0.254108
vt 0.441272 0.862105
vt 0.444320 0.861393
vt 0.448459 0.859411
vt 0.452580 0.856690
vt 0.202525 0.262832
vt 0.206093 0.259758
vt 0.210447 0.258281
vt 0.214422 0.258798
vt 0.725282 0.558716
vt 0.722237 0.557990
vt 0.718106 0.562656
vt 0.714002 0.559729
vt 0.711022 0.556487
vt 0.260199 0.246067
vt 0.263923 0.248105
vt 0.267627 0.250125
vt 0.441297 0.857433
vt 0.444343 0.857209
vt 0.448481 0.855406
vt 0.452603 0.852506
vt 0.202179 0.258841
vt 0.205707 0.255300
vt 0.210006 0.253187
vt 0.213926 0.253067
vt 0.725279 0.564721
vt 0.722233 0.564483
vt 0.718109 0.568977
vt 0.714006 0.565881
vt 0.260090 0.239355
vt 0.711026 0.562176
vt 0.262637 0.241258
vt 0.266090 0.243831
vt 0.441326 0.853006
vt 0.269523 0.246384
vt 0.272018 0.248234
vt 0.444369 0.853245
vt 0.448506 0.851611
vt 0.452629 0.848542
vt 0.201393 0.254969
vt 0.204829 0.250976
vt 0.209003 0.248245
vt 0.212797 0.247508
vt 0.725282 0.570410
vt 0.722237 0.570635
vt 0.718121 0.574839
vt 0.714017 0.571585
vt 0.263300 0.234582
vt 0.265605 0.236843
vt 0.268728 0.239907
vt 0.271832 0.242951
vt 0.274085 0.245160
vt 0.444397 0.849568
vt 0.448533 0.848092
vt 0.452658 0.844865
vt 0.200180 0.251283
vt 0.203474 0.246860
vt 0.207454 0.243541
vt 0.211055 0.242215
vt 0.725293 0.575685
vt 0.722248 0.576339
vt 0.718140 0.580140
vt 0.714036 0.576745
vt 0.267027 0.230317
vt 0.269052 0.232899
vt 0.271792 0.236401
vt 0.274513 0.239883
vt 0.276486 0.242413
vt 0.444428 0.846242
vt 0.448563 0.844907
vt 0.196904 0.252335
vt 0.452689 0.841539
vt 0.198560 0.247847
vt 0.201665 0.243022
vt 0.205387 0.239155
vt 0.208729 0.237281
vt 0.725310 0.580457
vt 0.722267 0.581499
vt 0.718166 0.584792
vt 0.086071 0.857259
vt 0.714061 0.581272
vt 0.082115 0.857901
vt 0.271210 0.226633
vt 0.272920 0.229493
vt 0.275230 0.233373
vt 0.277521 0.237233
vt 0.279179 0.240041
vt 0.444461 0.843322
vt 0.448594 0.842112
vt 0.194991 0.249340
vt 0.196561 0.244718
vt 0.199433 0.239528
vt 0.202836 0.235162
vt 0.725333 0.584643
vt 0.205859 0.232788
vt 0.093213 0.859832
vt 0.722292 0.586026
vt 0.090134 0.857966
vt 0.085890 0.861766
vt 0.081939 0.862287
vt 0.275775 0.223594
vt 0.277142 0.226682
vt 0.278983 0.230874
vt 0.280805 0.235047
vt 0.282120 0.238083
vt 0.444495 0.840859
vt 0.448626 0.839755
vt 0.192748 0.246691
vt 0.194218 0.241951
vt 0.196816 0.236438
vt 0.199845 0.231630
vt 0.202494 0.228815
vt 0.093050 0.863888
vt 0.089957 0.862352
vt 0.085746 0.866626
vt 0.081798 0.867017
vt 0.280645 0.221251
vt 0.281646 0.224516
vt 0.282986 0.228949
vt 0.284308 0.233362
vt 0.444529 0.838896
vt 0.285256 0.236574
vt 0.190152 0.247031
vt 0.448659 0.837876
vt 0.190213 0.244434
vt 0.191570 0.239592
vt 0.193859 0.233804
vt 0.196466 0.228619
vt 0.198692 0.225428
vt 0.092920 0.868262
vt 0.089817 0.867082
vt 0.085641 0.871756
vt 0.081696 0.872010
vt 0.285737 0.219645
vt 0.286355 0.223030
vt 0.287172 0.227628
vt 0.287970 0.232207
vt 0.288536 0.235540
vt 0.187245 0.245122
vt 0.187431 0.242606
vt 0.188663 0.237683
vt 0.190612 0.231671
vt 0.192755 0.226182
vt 0.194518 0.222686
vt 0.092826 0.872880
vt 0.089715 0.872075
vt 0.085577 0.877070
vt 0.081634 0.877181
vt 0.290964 0.218803
vt 0.291188 0.222252
vt 0.291468 0.226936
vt 0.291730 0.231602
vt 0.291902 0.234998
vt 0.184128 0.243694
vt 0.184447 0.241239
vt 0.185547 0.236255
vt 0.187132 0.230077
vt 0.188778 0.224360
vt 0.190043 0.220637
vt 0.092768 0.877662
vt 0.089653 0.877246
vt 0.085556 0.882475
vt 0.081614 0.882441
vt 0.296236 0.218740
vt 0.296063 0.222193
vt 0.295802 0.226884
vt 0.295522 0.231556
vt 0.295297 0.234957
vt 0.180856 0.242773
vt 0.181315 0.240357
vt 0.182274 0.235334
vt 0.183477 0.229048
vt 0.184601 0.223184
vt 0.185344 0.219313
vt 0.092749 0.882527
vt 0.089632 0.882506
vt 0.085577 0.887879
vt 0.081634 0.887701
vt 0.301462 0.219456
vt 0.300897 0.222855
vt 0.300098 0.227473
vt 0.299281 0.232071
vt 0.298663 0.235418
vt 0.177483 0.242373
vt 0.178086 0.239975
vt 0.178901 0.234934
vt 0.179710 0.228602
vt 0.180296 0.222674
vt 0.180502 0.218740
vt 0.092768 0.887390
vt 0.089653 0.887766
vt 0.085641 0.893190
vt 0.081696 0.892870
vt 0.306554 0.220939
vt 0.305606 0.224227
vt 0.304284 0.228692
vt 0.302943 0.233138
vt 0.301943 0.236373
vt 0.174068 0.242502
vt 0.174817 0.240099
vt 0.175486 0.235064
vt 0.175896 0.228746
vt 0.175937 0.222839
vt 0.175598 0.218926
vt 0.092826 0.892171
vt 0.089715 0.892934
vt 0.085746 0.898318
vt 0.081798 0.897860
vt 0.311425 0.223164
vt 0.310110 0.226285
vt 0.308288 0.230521
vt 0.306447 0.234738
vt 0.170669 0.243158
vt 0.305080 0.237807
vt 0.590354 0.856635
vt 0.586235 0.855605
vt 0.171563 0.240727
vt 0.172087 0.235719
vt 0.172100 0.229479
vt 0.171599 0.223677
vt 0.170717 0.219868
vt 0.092920 0.896785
vt 0.089817 0.897924
vt 0.085890 0.903173
vt 0.081939 0.902585
vt 0.315990 0.226094
vt 0.314332 0.228994
vt 0.312041 0.232929
vt 0.309730 0.236845
vt 0.308020 0.239693
vt 0.590324 0.858581
vt 0.586206 0.857468
vt 0.168380 0.241848
vt 0.168762 0.236891
vt 0.168387 0.230787
vt 0.167355 0.225172
vt 0.165943 0.221549
vt 0.093050 0.901155
vt 0.089957 0.902649
vt 0.086071 0.907673
vt 0.714911 0.282062
vt 0.082115 0.906965
vt 0.719041 0.278551
vt 0.320172 0.229676
vt 0.318199 0.232307
vt 0.315478 0.235874
vt 0.312739 0.239422
vt 0.310714 0.242001
vt 0.590295 0.861028
vt 0.586179 0.859810
vt 0.165323 0.243443
vt 0.165568 0.238558
vt 0.164820 0.232648
vt 0.163278 0.227299
vt 0.093213 0.905205
vt 0.161357 0.223943
vt 0.707793 0.281876
vt 0.090134 0.907029
vt 0.710794 0.283279
vt 0.714873 0.277434
vt 0.719003 0.274047
vt 0.323900 0.233852
vt 0.321647 0.236168
vt 0.318543 0.239306
vt 0.315420 0.242425
vt 0.313115 0.244690
vt 0.590269 0.863932
vt 0.162443 0.245486
vt 0.586154 0.862590
vt 0.582023 0.859205
vt 0.162560 0.240691
vt 0.161460 0.235031
vt 0.159439 0.230022
vt 0.157037 0.227006
vt 0.707759 0.277711
vt 0.710757 0.278775
vt 0.714840 0.272153
vt 0.718971 0.268907
vt 0.327109 0.238548
vt 0.324614 0.240511
vt 0.321181 0.243167
vt 0.317728 0.245803
vt 0.315181 0.247714
vt 0.590247 0.867246
vt 0.586133 0.865763
vt 0.582000 0.862519
vt 0.159789 0.243255
vt 0.158365 0.237894
vt 0.155902 0.233294
vt 0.153058 0.230687
vt 0.707729 0.272957
vt 0.710725 0.273635
vt 0.714811 0.266308
vt 0.329745 0.243685
vt 0.718944 0.263220
vt 0.721986 0.259509
vt 0.327052 0.245261
vt 0.323347 0.247389
vt 0.319624 0.249498
vt 0.593220 0.870667
vt 0.316879 0.251023
vt 0.590228 0.870913
vt 0.586114 0.869272
vt 0.581981 0.866185
vt 0.157302 0.246205
vt 0.155589 0.241189
vt 0.152728 0.237060
vt 0.149488 0.234924
vt 0.707703 0.267698
vt 0.710697 0.267947
vt 0.714789 0.260001
vt 0.718922 0.257082
vt 0.721966 0.253833
vt 0.328918 0.250338
vt 0.325006 0.251902
vt 0.321075 0.253447
vt 0.593203 0.875085
vt 0.590213 0.874868
vt 0.586100 0.873058
vt 0.581966 0.870141
vt 0.155143 0.249491
vt 0.153177 0.244859
vt 0.149972 0.241254
vt 0.146387 0.239642
vt 0.707683 0.262021
vt 0.710675 0.261809
vt 0.714773 0.253339
vt 0.718906 0.250598
vt 0.721952 0.247837
vt 0.330179 0.255654
vt 0.326127 0.256627
vt 0.322056 0.257581
vt 0.593191 0.879750
vt 0.590202 0.879046
vt 0.586089 0.877057
vt 0.581955 0.874318
vt 0.153348 0.253057
vt 0.151172 0.248842
vt 0.147681 0.245806
vt 0.143810 0.244763
vt 0.707669 0.256026
vt 0.710660 0.255326
vt 0.714763 0.246437
vt 0.718896 0.243881
vt 0.721943 0.241625
vt 0.330816 0.261118
vt 0.326693 0.261484
vt 0.322551 0.261831
vt 0.593183 0.884583
vt 0.590195 0.883373
vt 0.586083 0.881200
vt 0.151947 0.256842
vt 0.581949 0.878646
vt 0.578900 0.876395
vt 0.149608 0.253068
vt 0.145893 0.250636
vt 0.141799 0.250197
vt 0.707660 0.249813
vt 0.710650 0.248608
vt 0.257364 0.100902
vt 0.255435 0.088928
vt 0.136933 0.093943
vt 0.254307 0.078024
vt 0.138818 0.106119
vt 0.253846 0.068009
vt 0.141324 0.117611
vt 0.144391 0.128484
vt 0.148001 0.138759
vt 0.152172 0.148414
vt 0.156964 0.157385
vt 0.263378 0.101907
vt 0.262220 0.087072
vt 0.261612 0.074077
vt 0.135892 0.121923
vt 0.261467 0.062501
vt 0.139150 0.134063
vt 0.261740 0.052166
vt 0.143263 0.145269
vt 0.262421 0.043020
vt 0.263520 0.035113
vt 0.148267 0.155501
vt 0.154291 0.164616
vt 0.269400 0.102686
vt 0.268961 0.086084
vt 0.268833 0.071802
vt 0.268973 0.059253
vt 0.269360 0.048195
vt 0.269987 0.038560
vt 0.145817 0.160003
vt 0.270859 0.030416
vt 0.152592 0.169285
vt 0.272000 0.024005
vt 0.409736 0.519839
vt 0.275431 0.103279
vt 0.275670 0.085709
vt 0.275993 0.070722
vt 0.276398 0.057633
vt 0.276883 0.046167
vt 0.277445 0.036247
vt 0.278087 0.027949
vt 0.278812 0.021549
vt 0.403101 0.517903
vt 0.281470 0.103704
vt 0.282352 0.085846
vt 0.283102 0.070648
vt 0.283753 0.057394
vt 0.284322 0.045798
vt 0.284812 0.035781
vt 0.285218 0.027422
vt 0.285527 0.021007
vt 0.396438 0.517121
vt 0.287515 0.103965
vt 0.289010 0.086467
vt 0.290162 0.071527
vt 0.291043 0.058465
vt 0.291682 0.047008
vt 0.292090 0.037078
vt 0.292257 0.028754
vt 0.292152 0.022306
vt 0.389748 0.517447
vt 0.293568 0.104059
vt 0.295641 0.087599
vt 0.297172 0.073412
vt 0.298263 0.060916
vt 0.298960 0.049876
vt 0.299276 0.040223
vt 0.299199 0.032026
vt 0.030966 0.037785
vt 0.298681 0.025520
vt 0.383032 0.518927
vt 0.037738 0.028481
vt 0.299629 0.103965
vt 0.302241 0.089345
vt 0.304121 0.076491
vt 0.305401 0.064996
vt 0.021007 0.076014
vt 0.306140 0.054687
vt 0.024248 0.063874
vt 0.306355 0.045514
vt 0.028349 0.052659
vt 0.306029 0.037528
vt 0.033348 0.042408
vt 0.039374 0.033263
vt 0.162505 0.165531
vt 0.169239 0.164163
vt 0.175497 0.161293
vt 0.181359 0.157177
vt 0.186863 0.151935
vt 0.192020 0.145603
vt 0.196820 0.138145
vt 0.201225 0.129441
vt 0.161640 0.172285
vt 0.414219 0.527667
vt 0.169838 0.173200
vt 0.415820 0.535238
vt 0.177200 0.171476
vt 0.416802 0.542808
vt 0.183917 0.167716
vt 0.417269 0.550374
vt 0.190072 0.162179
vt 0.417269 0.557938
vt 0.195688 0.154939
vt 0.416817 0.565499
vt 0.200740 0.145921
vt 0.415899 0.573058
vt 0.205149 0.134869
vt 0.414465 0.580614
vt 0.062240 0.225458
vt 0.161057 0.176726
vt 0.408204 0.525558
vt 0.409149 0.533564
vt 0.409693 0.541581
vt 0.409903 0.549606
vt 0.409810 0.557636
vt 0.409424 0.565672
vt 0.408734 0.573712
vt 0.407710 0.581760
vt 0.055466 0.221471
vt 0.402175 0.524261
vt 0.402476 0.532508
vt 0.402593 0.540776
vt 0.402555 0.549060
vt 0.402375 0.557356
vt 0.402059 0.565664
vt 0.401601 0.573985
vt 0.400988 0.582320
vt 0.048734 0.219312
vt 0.396134 0.523699
vt 0.395801 0.532010
vt 0.395498 0.540350
vt 0.395219 0.548713
vt 0.394959 0.557094
vt 0.394718 0.565493
vt 0.394496 0.573910
vt 0.394297 0.582349
vt 0.042039 0.218750
vt 0.390081 0.523848
vt 0.389123 0.532052
vt 0.388410 0.540292
vt 0.387897 0.548559
vt 0.387562 0.556850
vt 0.387401 0.565163
vt 0.387419 0.573500
vt 0.387636 0.581864
vt 0.035379 0.219719
vt 0.046206 0.021007
vt 0.384014 0.524731
vt 0.382444 0.532652
vt 0.381329 0.540613
vt 0.380588 0.548605
vt 0.380184 0.556624
vt 0.380108 0.564670
vt 0.380369 0.572744
vt 0.381005 0.580848
vt 0.028755 0.222285
vt 0.377934 0.526428
vt 0.046732 0.025553
vt 0.375764 0.533870
vt 0.054909 0.024660
vt 0.374255 0.541354
vt 0.062261 0.026397
vt 0.373295 0.548873
vt 0.068975 0.030161
vt 0.372829 0.556421
vt 0.075135 0.035694
vt 0.372843 0.563998
vt 0.080762 0.042923
vt 0.373352 0.571605
vt 0.085833 0.051922
vt 0.374409 0.579246
vt 0.022173 0.226679
vt 0.090268 0.062947
vt 0.205152 0.119236
vt 0.204046 0.106277
vt 0.202181 0.094128
vt 0.199686 0.082652
vt 0.196623 0.071784
vt 0.193009 0.061505
vt 0.188826 0.051833
vt 0.184014 0.042834
vt 0.208721 0.121176
vt 0.060478 0.231559
vt 0.208721 0.105530
vt 0.062585 0.241574
vt 0.207389 0.091321
vt 0.064054 0.251699
vt 0.205030 0.078218
vt 0.064995 0.261911
vt 0.201774 0.066082
vt 0.065457 0.272198
vt 0.197659 0.054872
vt 0.065457 0.282558
vt 0.192646 0.044628
vt 0.064979 0.292994
vt 0.186607 0.035492
vt 0.063973 0.303516
vt 0.054367 0.229076
vt 0.055856 0.239692
vt 0.056923 0.250436
vt 0.057639 0.261277
vt 0.058038 0.272203
vt 0.058131 0.283208
vt 0.057906 0.294298
vt 0.057331 0.305484
vt 0.048283 0.227732
vt 0.049149 0.238702
vt 0.049808 0.249807
vt 0.050295 0.261013
vt 0.050624 0.272305
vt 0.050802 0.283679
vt 0.050824 0.295139
vt 0.050673 0.306700
vt 0.042222 0.227418
vt 0.042462 0.238516
vt 0.042708 0.249748
vt 0.042959 0.261078
vt 0.043214 0.272491
vt 0.043473 0.283984
vt 0.043735 0.295560
vt 0.044002 0.307234
vt 0.036185 0.228101
vt 0.035794 0.239109
vt 0.035622 0.250239
vt 0.035633 0.261460
vt 0.035807 0.272756
vt 0.036141 0.284126
vt 0.036638 0.295572
vt 0.037318 0.307107
vt 0.030172 0.229813
vt 0.029145 0.240505
vt 0.028551 0.251300
vt 0.028316 0.262171
vt 0.028405 0.273105
vt 0.028807 0.284102
vt 0.029534 0.295162
vt 0.030619 0.306298
vt 0.024185 0.232665
vt 0.093878 0.076602
vt 0.022518 0.242795
vt 0.093878 0.092281
vt 0.021496 0.252996
vt 0.092551 0.106514
vt 0.021010 0.263251
vt 0.090200 0.119632
vt 0.021007 0.273552
vt 0.086957 0.131776
vt 0.021472 0.283898
vt 0.082858 0.142987
vt 0.022421 0.294290
vt 0.077866 0.153225
vt 0.023906 0.304736
vt 0.071851 0.162347
vt 0.178443 0.034646
vt 0.171739 0.036057
vt 0.165502 0.038955
vt 0.159651 0.043087
vt 0.154151 0.048334
vt 0.148990 0.054661
vt 0.252170 0.121225
vt 0.144178 0.062102
vt 0.139754 0.070778
vt 0.254310 0.111663
vt 0.179235 0.027792
vt 0.062329 0.314148
vt 0.064379 0.320938
vt 0.171060 0.026908
vt 0.163713 0.028653
vt 0.157004 0.032425
vt 0.256940 0.153773
vt 0.150852 0.037966
vt 0.257073 0.146483
vt 0.145234 0.045202
vt 0.257741 0.137801
vt 0.140173 0.054208
vt 0.258961 0.127666
vt 0.260795 0.115867
vt 0.056333 0.316799
vt 0.170649 0.021007
vt 0.057790 0.325182
vt 0.162608 0.022116
vt 0.058753 0.330611
vt 0.264163 0.165749
vt 0.155356 0.025725
vt 0.263983 0.159893
vt 0.264211 0.152259
vt 0.264833 0.142928
vt 0.265863 0.131818
vt 0.267350 0.118640
vt 0.050314 0.318397
vt 0.051162 0.327662
vt 0.051722 0.333611
vt 0.271089 0.169374
vt 0.271149 0.163499
vt 0.271465 0.155665
vt 0.272027 0.145965
vt 0.272846 0.134306
vt 0.273955 0.120354
vt 0.044275 0.319042
vt 0.044501 0.328603
vt 0.044649 0.334726
vt 0.278123 0.170819
vt 0.278421 0.164945
vt 0.278817 0.157048
vt 0.279308 0.147225
vt 0.279899 0.135380
vt 0.280605 0.121164
vt 0.038217 0.318766
vt 0.037807 0.328069
vt 0.037536 0.334043
vt 0.285259 0.170179
vt 0.285793 0.164331
vt 0.286264 0.156505
vt 0.286672 0.146797
vt 0.287016 0.135111
vt 0.287296 0.121112
vt 0.032137 0.317537
vt 0.031079 0.325996
vt 0.055980 0.176736
vt 0.030381 0.331475
vt 0.292502 0.167358
vt 0.047930 0.175651
vt 0.040668 0.172059
vt 0.293272 0.161557
vt 0.293810 0.153940
vt 0.294122 0.144591
vt 0.294202 0.133428
vt 0.294030 0.120155
vt 0.026036 0.315254
vt 0.064509 0.170024
vt 0.024312 0.322159
vt 0.056315 0.170951
vt 0.048953 0.169236
vt 0.300875 0.156268
vt 0.042232 0.165485
vt 0.301473 0.149004
vt 0.036071 0.159956
vt 0.030446 0.152723
vt 0.301675 0.140296
vt 0.301470 0.130080
vt 0.300816 0.118140
vt 0.177113 0.045960
vt 0.181912 0.056464
vt 0.186235 0.067467
vt 0.190129 0.078921
vt 0.193607 0.090813
vt 0.196655 0.103156
vt 0.199227 0.115998
vt 0.170556 0.050193
vt 0.175222 0.061825
vt 0.179567 0.073784
vt 0.183622 0.086039
vt 0.187397 0.098582
vt 0.190882 0.111420
vt 0.194045 0.124586
vt 0.164286 0.055347
vt 0.168720 0.067795
vt 0.172987 0.080398
vt 0.177106 0.093144
vt 0.181079 0.106027
vt 0.184904 0.119053
vt 0.188563 0.132234
vt 0.158275 0.061333
vt 0.162386 0.074314
vt 0.166488 0.087281
vt 0.170581 0.100237
vt 0.174666 0.113181
vt 0.178742 0.126114
vt 0.182809 0.139034
vt 0.152516 0.068125
vt 0.156217 0.081366
vt 0.160066 0.094425
vt 0.164048 0.107319
vt 0.168158 0.120054
vt 0.172402 0.132624
vt 0.176793 0.145012
vt 0.147015 0.075748
vt 0.150218 0.088968
vt 0.153725 0.101837
vt 0.157506 0.114389
vt 0.161554 0.126635
vt 0.165878 0.138563
vt 0.170505 0.150140
vt 0.250735 0.099429
vt 0.141802 0.084291
vt 0.144406 0.097178
vt 0.147472 0.109546
vt 0.150955 0.121446
vt 0.154843 0.132892
vt 0.159149 0.143870
vt 0.163916 0.154330
vt 0.305700 0.103647
vt 0.308796 0.091958
vt 0.022034 0.104075
vt 0.310986 0.081243
vt 0.023887 0.091925
vt 0.312425 0.071335
vt 0.026368 0.080447
vt 0.029419 0.069575
vt 0.033019 0.059291
vt 0.037188 0.049613
vt 0.041986 0.040607
vt 0.047543 0.032410
vt 0.307671 0.114694
vt 0.024884 0.127236
vt 0.312425 0.102933
vt 0.026872 0.113793
vt 0.029432 0.100949
vt 0.032467 0.088603
vt 0.035931 0.076708
vt 0.039809 0.065248
vt 0.044117 0.054239
vt 0.048898 0.043727
vt 0.054253 0.033814
vt 0.308849 0.124444
vt 0.029302 0.135935
vt 0.032069 0.122376
vt 0.035221 0.109209
vt 0.038693 0.096367
vt 0.042452 0.083820
vt 0.046491 0.071560
vt 0.050818 0.059594
vt 0.055465 0.047954
vt 0.060497 0.036706
vt 0.309368 0.133120
vt 0.034113 0.143387
vt 0.037563 0.130019
vt 0.041211 0.116835
vt 0.045022 0.103806
vt 0.048981 0.090918
vt 0.053083 0.078167
vt 0.057331 0.065557
vt 0.061743 0.053101
vt 0.066354 0.040831
vt 0.039279 0.149713
vt 0.043326 0.136811
vt 0.047383 0.123889
vt 0.051446 0.110953
vt 0.055516 0.098003
vt 0.059592 0.085042
vt 0.063674 0.072068
vt 0.067762 0.059080
vt 0.071861 0.046071
vt 0.044789 0.154948
vt 0.049349 0.142781
vt 0.053730 0.130391
vt 0.057961 0.117816
vt 0.062057 0.105077
vt 0.066021 0.092177
vt 0.069850 0.079112
vt 0.073530 0.065864
vt 0.077030 0.052391
vt 0.050655 0.159056
vt 0.055641 0.147901
vt 0.060259 0.136320
vt 0.064570 0.124388
vt 0.068604 0.112138
vt 0.072369 0.099580
vt 0.075856 0.086706
vt 0.079037 0.073479
vt 0.081849 0.059827
vt 0.056913 0.161917
vt 0.062231 0.152080
vt 0.066989 0.141617
vt 0.071284 0.130634
vt 0.075158 0.119184
vt 0.078626 0.107279
vt 0.081674 0.094906
vt 0.084258 0.082014
vt 0.086282 0.068496
vt 0.063645 0.163275
vt 0.069180 0.155124
vt 0.073963 0.146148
vt 0.078124 0.136488
vt 0.081722 0.126209
vt 0.084775 0.115332
vt 0.087265 0.103837
vt 0.089132 0.091657
vt 0.090248 0.078652
s 1
usemtl None
f 1/1/1 2/2/2 10/16/3 9/15/4
f 2/2/2 3/4/5 11/17/6 10/16/3
f 3/4/5 4/6/7 12/18/8 11/17/6
f 4/6/7 5/8/9 13/19/10 12/18/8
f 5/8/9 6/10/11 14/20/12 13/19/10
f 6/10/11 7/12/13 15/22/14 14/20/12
f 7/13/13 8/14/15 16/23/16 15/21/14
f 8/14/15 65/76/17 73/92/18 16/23/16
f 9/15/4 10/16/3 18/26/19 17/25/20
f 10/16/3 11/17/6 19/27/21 18/26/19
f 11/17/6 12/18/8 20/28/22 19/27/21
f 12/18/8 13/19/10 21/29/23 20/28/22
f 13/19/10 14/20/12 22/30/24 21/29/23
f 14/20/12 15/22/14 23/31/25 22/30/24
f 15/22/14 16/24/16 24/32/26 23/31/25
f 16/24/16 73/91/18 81/102/27 24/32/26
f 17/25/20 18/26/19 26/34/28 25/33/29
f 18/26/19 19/27/21 27/35/30 26/34/28
f 19/27/21 20/28/22 28/36/31 27/35/30
f 20/28/22 21/29/23 29/37/32 28/36/31
f 21/29/23 22/30/24 30/38/33 29/37/32
f 22/30/24 23/31/25 31/39/34 30/38/33
f 23/31/25 24/32/26 32/40/35 31/39/34
f 24/32/26 81/102/27 89/111/36 32/40/35
f 25/33/29 26/34/28 34/42/37 33/41/38
f 26/34/28 27/35/30 35/43/39 34/42/37
f 27/35/30 28/36/31 36/44/40 35/43/39
f 28/36/31 29/37/32 37/45/41 36/44/40
f 29/37/32 30/38/33 38/46/42 37/45/41
f 30/38/33 31/39/34 39/47/43 38/46/42
f 31/39/34 32/40/35 40/48/44 39/47/43
f 32/40/35 89/111/36 97/120/45 40/48/44
f 33/41/38 34/42/37 42/50/46 41/49/47
f 34/42/37 35/43/39 43/51/48 42/50/46
f 35/43/39 36/44/40 44/52/49 43/51/48
f 36/44/40 37/45/41 45/53/50 44/52/49
f 37/45/41 38/46/42 46/54/51 45/53/50
f 38/46/42 39/47/43 47/55/52 46/54/51
f 39/47/43 40/48/44 48/56/53 47/55/52
f 40/48/44 97/120/45 105/129/54 48/56/53
f 41/49/47 42/50/46 50/58/55 49/57/56
f 42/50/46 43/51/48 51/59/57 50/58/55
f 43/51/48 44/52/49 52/60/58 51/59/57
f 44/52/49 45/53/50 53/61/59 52/60/58
f 45/53/50 46/54/51 54/62/60 53/61/59
f 46/54/51 47/55/52 55/63/61 54/62/60
f 47/55/52 48/56/53 56/64/62 55/63/61
f 48/56/53 105/129/54 113/138/63 56/64/62
f 49/57/56 50/58/55 58/66/64 57/65/65
f 50/58/55 51/59/57 59/67/66 58/66/64
f 51/59/57 52/60/58 60/68/67 59/67/66
f 52/60/58 53/61/59 61/69/68 60/68/67
f 53/61/59 54/62/60 62/70/69 61/69/68
f 54/62/60 55/63/61 63/72/70 62/70/69
f 55/63/61 56/64/62 64/74/71 63/72/70
f 56/64/62 113/138/63 121/147/72 64/74/71
f 57/65/65 58/66/64 307/379/73 306/377/74
f 58/66/64 59/67/66 308/381/75 307/379/73
f 59/67/66 60/68/67 309/383/76 308/381/75
f 60/68/67 61/69/68 310/385/77 309/383/76
f 61/69/68 62/70/69 311/387/78 310/385/77
f 62/71/69 63/73/70 312/389/79 311/388/78
f 63/73/70 64/75/71 313/390/80 312/389/79
f 64/75/71 121/149/72 314/391/81 313/390/80
f 65/76/17 66/78/82 74/94/83 73/92/18
f 66/77/82 67/79/84 75/96/85 74/95/83
f 67/79/84 68/81/86 76/97/87 75/96/85
f 68/81/86 69/83/88 77/98/89 76/97/87
f 69/83/88 70/85/90 78/99/91 77/98/89
f 70/85/90 71/87/92 79/100/93 78/99/91
f 71/87/92 72/89/94 80/101/95 79/100/93
f 72/89/94 129/158/96 137/171/97 80/101/95
f 73/93/18 74/95/83 82/104/98 81/103/27
f 74/95/83 75/96/85 83/105/99 82/104/98
f 75/96/85 76/97/87 84/106/100 83/105/99
f 76/97/87 77/98/89 85/107/101 84/106/100
f 77/98/89 78/99/91 86/108/102 85/107/101
f 78/99/91 79/100/93 87/109/103 86/108/102
f 79/100/93 80/101/95 88/110/104 87/109/103
f 80/101/95 137/171/97 145/185/105 88/110/104
f 81/103/27 82/104/98 90/113/106 89/112/36
f 82/104/98 83/105/99 91/114/107 90/113/106
f 83/105/99 84/106/100 92/115/108 91/114/107
f 84/106/100 85/107/101 93/116/109 92/115/108
f 85/107/101 86/108/102 94/117/110 93/116/109
f 86/108/102 87/109/103 95/118/111 94/117/110
f 87/109/103 88/110/104 96/119/112 95/118/111
f 88/110/104 145/185/105 153/194/113 96/119/112
f 89/112/36 90/113/106 98/122/114 97/121/45
f 90/113/106 91/114/107 99/123/115 98/122/114
f 91/114/107 92/115/108 100/124/116 99/123/115
f 92/115/108 93/116/109 101/125/117 100/124/116
f 93/116/109 94/117/110 102/126/118 101/125/117
f 94/117/110 95/118/111 103/127/119 102/126/118
f 95/118/111 96/119/112 104/128/120 103/127/119
f 96/119/112 153/194/113 161/203/121 104/128/120
f 97/121/45 98/122/114 106/131/122 105/130/54
f 98/122/114 99/123/115 107/132/123 106/131/122
f 99/123/115 100/124/116 108/133/124 107/132/123
f 100/124/116 101/125/117 109/134/125 108/133/124
f 101/125/117 102/126/118 110/135/126 109/134/125
f 102/126/118 103/127/119 111/136/127 110/135/126
f 103/127/119 104/128/120 112/137/128 111/136/127
f 104/128/120 161/203/121 169/212/129 112/137/128
f 105/130/54 106/131/122 114/140/130 113/139/63
f 106/131/122 107/132/123 115/141/131 114/140/130
f 107/132/123 108/133/124 116/142/132 115/141/131
f 108/133/124 109/134/125 117/143/133 116/142/132
f 109/134/125 110/135/126 118/144/134 117/143/133
f 110/135/126 111/136/127 119/145/135 118/144/134
f 111/136/127 112/137/128 120/146/136 119/145/135
f 112/137/128 169/212/129 177/221/137 120/146/136
f 113/139/63 114/140/130 122/151/138 121/148/72
f 114/140/130 115/141/131 123/152/139 122/151/138
f 115/141/131 116/142/132 124/153/140 123/152/139
f 116/142/132 117/143/133 125/154/141 124/153/140
f 117/143/133 118/144/134 126/155/142 125/154/141
f 118/144/134 119/145/135 127/156/143 126/155/142
f 119/145/135 120/146/136 128/157/144 127/156/143
f 120/146/136 177/221/137 185/230/145 128/157/144
f 121/149/72 122/150/138 323/402/146 314/391/81
f 122/151/138 123/152/139 332/412/147 323/401/146
f 123/152/139 124/153/140 341/422/148 332/412/147
f 124/153/140 125/154/141 350/433/149 341/422/148
f 125/154/141 126/155/142 359/444/150 350/433/149
f 126/155/142 127/156/143 368/455/151 359/444/150
f 127/156/143 128/157/144 377/469/152 368/455/151
f 128/157/144 185/230/145 386/483/153 377/469/152
f 129/158/96 130/160/154 138/173/155 137/171/97
f 130/161/154 131/162/156 139/174/157 138/172/155
f 131/162/156 132/163/158 140/176/159 139/174/157
f 132/163/158 133/164/160 141/179/161 140/176/159
f 133/164/160 134/166/162 142/181/163 141/179/161
f 134/165/162 135/167/164 143/183/165 142/182/163
f 135/167/164 136/169/166 144/184/167 143/183/165
f 136/169/166 193/243/168 201/256/169 144/184/167
f 137/171/97 138/173/155 146/186/170 145/185/105
f 138/173/155 139/175/157 147/187/171 146/186/170
f 139/175/157 140/177/159 148/188/172 147/187/171
f 140/178/159 141/180/161 149/190/173 148/189/172
f 141/180/161 142/182/163 150/191/174 149/190/173
f 142/182/163 143/183/165 151/192/175 150/191/174
f 143/183/165 144/184/167 152/193/176 151/192/175
f 144/184/167 201/256/169 209/269/177 152/193/176
f 145/185/105 146/186/170 154/195/178 153/194/113
f 146/186/170 147/187/171 155/196/179 154/195/178
f 147/187/171 148/188/172 156/197/180 155/196/179
f 148/189/172 149/190/173 157/199/181 156/198/180
f 149/190/173 150/191/174 158/200/182 157/199/181
f 150/191/174 151/192/175 159/201/183 158/200/182
f 151/192/175 152/193/176 160/202/184 159/201/183
f 152/193/176 209/269/177 217/278/185 160/202/184
f 153/194/113 154/195/178 162/204/186 161/203/121
f 154/195/178 155/196/179 163/205/187 162/204/186
f 155/196/179 156/197/180 164/206/188 163/205/187
f 156/198/180 157/199/181 165/208/189 164/207/188
f 157/199/181 158/200/182 166/209/190 165/208/189
f 158/200/182 159/201/183 167/210/191 166/209/190
f 159/201/183 160/202/184 168/211/192 167/210/191
f 160/202/184 217/278/185 225/287/193 168/211/192
f 161/203/121 162/204/186 170/213/194 169/212/129
f 162/204/186 163/205/187 171/214/195 170/213/194
f 163/205/187 164/206/188 172/215/196 171/214/195
f 164/207/188 165/208/189 173/217/197 172/216/196
f 165/208/189 166/209/190 174/218/198 173/217/197
f 166/209/190 167/210/191 175/219/199 174/218/198
f 167/210/191 168/211/192 176/220/200 175/219/199
f 168/211/192 225/287/193 233/296/201 176/220/200
f 169/212/129 170/213/194 178/222/202 177/221/137
f 170/213/194 171/214/195 179/223/203 178/222/202
f 171/214/195 172/215/196 180/224/204 179/223/203
f 172/216/196 173/217/197 181/226/205 180/225/204
f 173/217/197 174/218/198 182/227/206 181/226/205
f 174/218/198 175/219/199 183/228/207 182/227/206
f 175/219/199 176/220/200 184/229/208 183/228/207
f 176/220/200 233/296/201 241/305/209 184/229/208
f 177/221/137 178/222/202 186/231/210 185/230/145
f 178/222/202 179/223/203 187/232/211 186/231/210
f 179/223/203 180/224/204 188/234/212 187/232/211
f 180/225/204 181/226/205 189/237/213 188/235/212
f 181/226/205 182/227/206 190/240/214 189/237/213
f 182/227/206 183/228/207 191/241/215 190/240/214
f 183/228/207 184/229/208 192/242/216 191/241/215
f 184/229/208 241/305/209 249/314/217 192/242/216
f 185/230/145 186/231/210 385/482/218 386/483/153
f 186/231/210 187/232/211 384/479/219 385/482/218
f 187/233/211 188/236/212 383/478/220 384/480/219
f 188/236/212 189/238/213 382/477/221 383/478/220
f 189/238/213 190/239/214 381/476/222 382/477/221
f 190/240/214 191/241/215 380/473/223 381/475/222
f 191/241/215 192/242/216 379/471/224 380/473/223
f 192/242/216 249/314/217 378/470/225 379/471/224
f 193/243/168 194/244/226 202/257/227 201/256/169
f 194/244/226 195/246/228 203/258/229 202/257/227
f 195/246/228 196/248/230 204/260/231 203/258/229
f 196/249/230 197/250/232 205/261/233 204/259/231
f 197/250/232 198/251/234 206/263/235 205/261/233
f 198/251/234 199/253/236 207/266/237 206/263/235
f 199/252/236 200/255/238 208/268/239 207/267/237
f 200/255/238 1/1/1 9/15/4 208/268/239
f 201/256/169 202/257/227 210/270/240 209/269/177
f 202/257/227 203/258/229 211/271/241 210/270/240
f 203/258/229 204/260/231 212/272/242 211/271/241
f 204/260/231 205/262/233 213/273/243 212/272/242
f 205/262/233 206/264/235 214/274/244 213/273/243
f 206/265/235 207/267/237 215/276/245 214/275/244
f 207/267/237 208/268/239 216/277/246 215/276/245
f 208/268/239 9/15/4 17/25/20 216/277/246
f 209/269/177 210/270/240 218/279/247 217/278/185
f 210/270/240 211/271/241 219/280/248 218/279/247
f 211/271/241 212/272/242 220/281/249 219/280/248
f 212/272/242 213/273/243 221/282/250 220/281/249
f 213/273/243 214/274/244 222/283/251 221/282/250
f 214/275/244 215/276/245 223/285/252 222/284/251
f 215/276/245 216/277/246 224/286/253 223/285/252
f 216/277/246 17/25/20 25/33/29 224/286/253
f 217/278/185 218/279/247 226/288/254 225/287/193
f 218/279/247 219/280/248 227/289/255 226/288/254
f 219/280/248 220/281/249 228/290/256 227/289/255
f 220/281/249 221/282/250 229/291/257 228/290/256
f 221/282/250 222/283/251 230/292/258 229/291/257
f 222/284/251 223/285/252 231/294/259 230/293/258
f 223/285/252 224/286/253 232/295/260 231/294/259
f 224/286/253 25/33/29 33/41/38 232/295/260
f 225/287/193 226/288/254 234/297/261 233/296/201
f 226/288/254 227/289/255 235/298/262 234/297/261
f 227/289/255 228/290/256 236/299/263 235/298/262
f 228/290/256 229/291/257 237/300/264 236/299/263
f 229/291/257 230/292/258 238/301/265 237/300/264
f 230/293/258 231/294/259 239/303/266 238/302/265
f 231/294/259 232/295/260 240/304/267 239/303/266
f 232/295/260 33/41/38 41/49/47 240/304/267
f 233/296/201 234/297/261 242/306/268 241/305/209
f 234/297/261 235/298/262 243/307/269 242/306/268
f 235/298/262 236/299/263 244/308/270 243/307/269
f 236/299/263 237/300/264 245/309/271 244/308/270
f 237/300/264 238/301/265 246/310/272 245/309/271
f 238/302/265 239/303/266 247/312/273 246/311/272
f 239/303/266 240/304/267 248/313/274 247/312/273
f 240/304/267 41/49/47 49/57/56 248/313/274
f 241/305/209 242/306/268 250/315/275 249/314/217
f 242/306/268 243/307/269 251/316/276 250/315/275
f 243/307/269 244/308/270 252/317/277 251/316/276
f 244/308/270 245/309/271 253/318/278 252/317/277
f 245/309/271 246/310/272 254/320/279 253/318/278
f 246/311/272 247/312/273 255/324/280 254/321/279
f 247/312/273 248/313/274 256/325/281 255/324/280
f 248/313/274 49/57/56 57/65/65 256/325/281
f 249/314/217 250/315/275 369/458/282 378/470/225
f 250/315/275 251/316/276 360/446/283 369/458/282
f 251/316/276 252/317/277 351/435/284 360/446/283
f 252/317/277 253/318/278 342/424/285 351/435/284
f 253/319/278 254/322/279 333/414/286 342/425/285
f 254/322/279 255/323/280 324/404/287 333/414/286
f 255/324/280 256/325/281 315/392/288 324/403/287
f 256/325/281 57/65/65 306/377/74 315/392/288
f 193/243/168 136/169/166 257/326/289 194/244/226
f 136/170/166 135/168/164 258/328/290 257/327/289
f 135/168/164 134/166/162 259/329/291 258/328/290
f 134/166/162 133/164/160 260/330/292 259/329/291
f 133/164/160 132/163/158 261/331/293 260/330/292
f 132/163/158 131/162/156 262/332/294 261/331/293
f 131/162/156 130/161/154 263/333/295 262/332/294
f 130/161/154 129/159/96 72/90/94 263/333/295
f 194/245/226 257/327/289 264/334/296 195/247/228
f 257/327/289 258/328/290 265/335/297 264/334/296
f 258/328/290 259/329/291 266/336/298 265/335/297
f 259/329/291 260/330/292 267/337/299 266/336/298
f 260/330/292 261/331/293 268/338/300 267/337/299
f 261/331/293 262/332/294 269/339/301 268/338/300
f 262/332/294 263/333/295 270/340/302 269/339/301
f 263/333/295 72/90/94 71/88/92 270/340/302
f 195/247/228 264/334/296 271/341/303 196/249/230
f 264/334/296 265/335/297 272/342/304 271/341/303
f 265/335/297 266/336/298 273/343/305 272/342/304
f 266/336/298 267/337/299 274/344/306 273/343/305
f 267/337/299 268/338/300 275/345/307 274/344/306
f 268/338/300 269/339/301 276/346/308 275/345/307
f 269/339/301 270/340/302 277/347/309 276/346/308
f 270/340/302 71/88/92 70/86/90 277/347/309
f 196/249/230 271/341/303 278/348/310 197/250/232
f 271/341/303 272/342/304 279/349/311 278/348/310
f 272/342/304 273/343/305 280/350/312 279/349/311
f 273/343/305 274/344/306 281/351/313 280/350/312
f 274/344/306 275/345/307 282/352/314 281/351/313
f 275/345/307 276/346/308 283/353/315 282/352/314
f 276/346/308 277/347/309 284/354/316 283/353/315
f 277/347/309 70/86/90 69/84/88 284/354/316
f 197/250/232 278/348/310 285/355/317 198/251/234
f 278/348/310 279/349/311 286/356/318 285/355/317
f 279/349/311 280/350/312 287/357/319 286/356/318
f 280/350/312 281/351/313 288/358/320 287/357/319
f 281/351/313 282/352/314 289/359/321 288/358/320
f 282/352/314 283/353/315 290/360/322 289/359/321
f 283/353/315 284/354/316 291/361/323 290/360/322
f 284/354/316 69/84/88 68/82/86 291/361/323
f 198/251/234 285/355/317 292/362/324 199/253/236
f 285/355/317 286/356/318 293/363/325 292/362/324
f 286/356/318 287/357/319 294/364/326 293/363/325
f 287/357/319 288/358/320 295/365/327 294/364/326
f 288/358/320 289/359/321 296/366/328 295/365/327
f 289/359/321 290/360/322 297/367/329 296/366/328
f 290/360/322 291/361/323 298/368/330 297/367/329
f 291/361/323 68/82/86 67/80/84 298/368/330
f 199/253/236 292/362/324 299/370/331 200/254/238
f 292/362/324 293/363/325 300/371/332 299/370/331
f 293/363/325 294/364/326 301/372/333 300/371/332
f 294/364/326 295/365/327 302/373/334 301/372/333
f 295/365/327 296/366/328 303/374/335 302/373/334
f 296/366/328 297/367/329 304/375/336 303/374/335
f 297/367/329 298/368/330 305/376/337 304/375/336
f 298/368/330 67/80/84 66/78/82 305/376/337
f 200/255/238 299/369/331 2/2/2 1/1/1
f 299/370/331 300/371/332 3/5/5 2/3/2
f 300/371/332 301/372/333 4/7/7 3/5/5
f 301/372/333 302/373/334 5/9/9 4/7/7
f 302/373/334 303/374/335 6/11/11 5/9/9
f 303/374/335 304/375/336 7/13/13 6/11/11
f 304/375/336 305/376/337 8/14/15 7/13/13
f 305/376/337 66/78/82 65/76/17 8/14/15
f 306/378/74 307/380/73 316/394/338 315/393/288
f 307/380/73 308/382/75 317/395/339 316/394/338
f 308/382/75 309/384/76 318/396/340 317/395/339
f 309/384/76 310/386/77 319/397/341 318/396/340
f 310/386/77 311/388/78 320/398/342 319/397/341
f 311/388/78 312/389/79 321/399/343 320/398/342
f 312/389/79 313/390/80 322/400/344 321/399/343
f 313/390/80 314/391/81 323/402/146 322/400/344
f 315/393/288 316/394/338 325/405/345 324/404/287
f 316/394/338 317/395/339 326/406/346 325/405/345
f 317/395/339 318/396/340 327/407/347 326/406/346
f 318/396/340 319/397/341 328/408/348 327/407/347
f 319/397/341 320/398/342 329/409/349 328/408/348
f 320/398/342 321/399/343 330/410/350 329/409/349
f 321/399/343 322/400/344 331/411/351 330/410/350
f 322/400/344 323/402/146 332/413/147 331/411/351
f 324/404/287 325/405/345 334/415/352 333/414/286
f 325/405/345 326/406/346 335/416/353 334/415/352
f 326/406/346 327/407/347 336/417/354 335/416/353
f 327/407/347 328/408/348 337/418/355 336/417/354
f 328/408/348 329/409/349 338/419/356 337/418/355
f 329/409/349 330/410/350 339/420/357 338/419/356
f 330/410/350 331/411/351 340/421/358 339/420/357
f 331/411/351 332/413/147 341/423/148 340/421/358
f 333/414/286 334/415/352 343/426/359 342/425/285
f 334/415/352 335/416/353 344/427/360 343/426/359
f 335/416/353 336/417/354 345/428/361 344/427/360
f 336/417/354 337/418/355 346/429/362 345/428/361
f 337/418/355 338/419/356 347/430/363 346/429/362
f 338/419/356 339/420/357 348/431/364 347/430/363
f 339/420/357 340/421/358 349/432/365 348/431/364
f 340/421/358 341/423/148 350/434/149 349/432/365
f 342/425/285 343/426/359 352/437/366 351/436/284
f 343/426/359 344/427/360 353/438/367 352/437/366
f 344/427/360 345/428/361 354/439/368 353/438/367
f 345/428/361 346/429/362 355/440/369 354/439/368
f 346/429/362 347/430/363 356/441/370 355/440/369
f 347/430/363 348/431/364 357/442/371 356/441/370
f 348/431/364 349/432/365 358/443/372 357/442/371
f 349/432/365 350/434/149 359/445/150 358/443/372
f 351/436/284 352/437/366 361/448/373 360/447/283
f 352/437/366 353/438/367 362/449/374 361/448/373
f 353/438/367 354/439/368 363/450/375 362/449/374
f 354/439/368 355/440/369 364/451/376 363/450/375
f 355/440/369 356/441/370 365/452/377 364/451/376
f 356/441/370 357/442/371 366/453/378 365/452/377
f 357/442/371 358/443/372 367/454/379 366/453/378
f 358/443/372 359/445/150 368/456/151 367/454/379
f 360/447/283 361/448/373 370/460/380 369/457/282
f 361/448/373 362/449/374 371/461/381 370/460/380
f 362/449/374 363/450/375 372/462/382 371/461/381
f 363/450/375 364/451/376 373/463/383 372/462/382
f 364/451/376 365/452/377 374/464/384 373/463/383
f 365/452/377 366/453/378 375/465/385 374/464/384
f 366/453/378 367/454/379 376/466/386 375/465/385
f 367/454/379 368/456/151 377/468/152 376/466/386
f 369/458/282 370/459/380 379/471/224 378/470/225
f 370/460/380 371/461/381 380/474/223 379/472/224
f 371/461/381 372/462/382 381/476/222 380/474/223
f 372/462/382 373/463/383 382/477/221 381/476/222
f 373/463/383 374/464/384 383/478/220 382/477/221
f 374/464/384 375/465/385 384/480/219 383/478/220
f 375/465/385 376/466/386 385/481/218 384/480/219
f 376/467/386 377/469/152 386/483/153 385/482/218
f 387/484/387 395/497/388 396/498/389 388/485/390
f 388/486/390 396/499/389 397/500/391 389/487/392
f 389/487/392 397/500/391 398/502/393 390/488/394
f 390/488/394 398/502/393 399/504/395 391/490/396
f 391/489/396 399/505/395 400/506/397 392/491/398
f 392/491/398 400/506/397 401/507/399 393/493/400
f 393/493/400 401/507/399 402/508/401 394/496/402
f 394/496/402 402/508/401 459/587/403 451/571/404
f 395/497/388 403/509/405 404/511/406 396/498/389
f 396/499/389 404/510/406 405/512/407 397/500/391
f 397/501/391 405/514/407 406/515/408 398/503/393
f 398/503/393 406/515/408 407/516/409 399/505/395
f 399/505/395 407/516/409 408/517/410 400/506/397
f 400/506/397 408/517/410 409/518/411 401/507/399
f 401/507/399 409/518/411 410/519/412 402/508/401
f 402/508/401 410/519/412 467/596/413 459/587/403
f 403/509/405 411/520/414 412/521/415 404/511/406
f 404/511/406 412/521/415 413/522/416 405/513/407
f 405/514/407 413/523/416 414/524/417 406/515/408
f 406/515/408 414/524/417 415/525/418 407/516/409
f 407/516/409 415/525/418 416/526/419 408/517/410
f 408/517/410 416/526/419 417/527/420 409/518/411
f 409/518/411 417/527/420 418/528/421 410/519/412
f 410/519/412 418/528/421 475/605/422 467/596/413
f 411/520/414 419/529/423 420/530/424 412/521/415
f 412/521/415 420/530/424 421/531/425 413/522/416
f 413/523/416 421/532/425 422/533/426 414/524/417
f 414/524/417 422/533/426 423/534/427 415/525/418
f 415/525/418 423/534/427 424/535/428 416/526/419
f 416/526/419 424/535/428 425/536/429 417/527/420
f 417/527/420 425/536/429 426/537/430 418/528/421
f 418/528/421 426/537/430 483/614/431 475/605/422
f 419/529/423 427/538/432 428/539/433 420/530/424
f 420/530/424 428/539/433 429/540/434 421/531/425
f 421/532/425 429/541/434 430/542/435 422/533/426
f 422/533/426 430/542/435 431/543/436 423/534/427
f 423/534/427 431/543/436 432/544/437 424/535/428
f 424/535/428 432/544/437 433/545/438 425/536/429
f 425/536/429 433/545/438 434/546/439 426/537/430
f 426/537/430 434/546/439 491/623/440 483/614/431
f 427/538/432 435/547/441 436/548/442 428/539/433
f 428/539/433 436/548/442 437/550/443 429/540/434
f 429/541/434 437/551/443 438/554/444 430/542/435
f 430/542/435 438/554/444 439/555/445 431/543/436
f 431/543/436 439/555/445 440/556/446 432/544/437
f 432/544/437 440/556/446 441/557/447 433/545/438
f 433/545/438 441/557/447 442/558/448 434/546/439
f 434/546/439 442/558/448 499/632/449 491/623/440
f 435/547/441 443/559/450 444/560/451 436/548/442
f 436/549/442 444/561/451 445/562/452 437/552/443
f 437/552/443 445/562/452 446/564/453 438/553/444
f 438/554/444 446/563/453 447/565/454 439/555/445
f 439/555/445 447/565/454 448/568/455 440/556/446
f 440/556/446 448/568/455 449/569/456 441/557/447
f 441/557/447 449/569/456 450/570/457 442/558/448
f 442/558/448 450/570/457 507/641/458 499/632/449
f 443/559/450 692/859/459 693/860/460 444/560/451
f 444/561/451 693/861/460 694/862/461 445/562/452
f 445/562/452 694/862/461 695/863/462 446/564/453
f 446/564/453 695/863/462 696/864/463 447/566/454
f 447/566/454 696/864/463 697/866/464 448/567/455
f 448/568/455 697/865/464 698/867/465 449/569/456
f 449/569/456 698/867/465 699/870/466 450/570/457
f 450/570/457 699/870/466 700/871/467 507/641/458
f 451/571/404 459/587/403 460/588/468 452/573/469
f 452/573/469 460/588/468 461/589/470 453/574/471
f 453/575/471 461/590/470 462/591/472 454/577/473
f 454/577/473 462/591/472 463/592/474 455/579/475
f 455/579/475 463/592/474 464/593/476 456/581/477
f 456/581/477 464/593/476 465/594/478 457/583/479
f 457/583/479 465/594/478 466/595/480 458/585/481
f 458/585/481 466/595/480 523/662/482 515/650/483
f 459/587/403 467/596/413 468/597/484 460/588/468
f 460/588/468 468/597/484 469/598/485 461/589/470
f 461/590/470 469/599/485 470/600/486 462/591/472
f 462/591/472 470/600/486 471/601/487 463/592/474
f 463/592/474 471/601/487 472/602/488 464/593/476
f 464/593/476 472/602/488 473/603/489 465/594/478
f 465/594/478 473/603/489 474/604/490 466/595/480
f 466/595/480 474/604/490 531/675/491 523/662/482
f 467/596/413 475/605/422 476/606/492 468/597/484
f 468/597/484 476/606/492 477/607/493 469/598/485
f 469/599/485 477/608/493 478/609/494 470/600/486
f 470/600/486 478/609/494 479/610/495 471/601/487
f 471/601/487 479/610/495 480/611/496 472/602/488
f 472/602/488 480/611/496 481/612/497 473/603/489
f 473/603/489 481/612/497 482/613/498 474/604/490
f 474/604/490 482/613/498 539/686/499 531/675/491
f 475/605/422 483/614/431 484/615/500 476/606/492
f 476/606/492 484/615/500 485/616/501 477/607/493
f 477/608/493 485/617/501 486/618/502 478/609/494
f 478/609/494 486/618/502 487/619/503 479/610/495
f 479/610/495 487/619/503 488/620/504 480/611/496
f 480/611/496 488/620/504 489/621/505 481/612/497
f 481/612/497 489/621/505 490/622/506 482/613/498
f 482/613/498 490/622/506 547/695/507 539/686/499
f 483/614/431 491/623/440 492/624/508 484/615/500
f 484/615/500 492/624/508 493/625/509 485/616/501
f 485/617/501 493/626/509 494/627/510 486/618/502
f 486/618/502 494/627/510 495/628/511 487/619/503
f 487/619/503 495/628/511 496/629/512 488/620/504
f 488/620/504 496/629/512 497/630/513 489/621/505
f 489/621/505 497/630/513 498/631/514 490/622/506
f 490/622/506 498/631/514 555/704/515 547/695/507
f 491/623/440 499/632/449 500/633/516 492/624/508
f 492/624/508 500/633/516 501/634/517 493/625/509
f 493/626/509 501/635/517 502/636/518 494/627/510
f 494/627/510 502/636/518 503/637/519 495/628/511
f 495/628/511 503/637/519 504/638/520 496/629/512
f 496/629/512 504/638/520 505/639/521 497/630/513
f 497/630/513 505/639/521 506/640/522 498/631/514
f 498/631/514 506/640/522 563/713/523 555/704/515
f 499/632/449 507/641/458 508/642/524 500/633/516
f 500/633/516 508/642/524 509/643/525 501/634/517
f 501/635/517 509/644/525 510/645/526 502/636/518
f 502/636/518 510/645/526 511/646/527 503/637/519
f 503/637/519 511/646/527 512/647/528 504/638/520
f 504/638/520 512/647/528 513/648/529 505/639/521
f 505/639/521 513/648/529 514/649/530 506/640/522
f 506/640/522 514/649/530 571/724/531 563/713/523
f 507/641/458 700/871/467 709/882/532 508/642/524
f 508/642/524 709/882/532 718/893/533 509/643/525
f 509/644/525 718/894/533 727/905/534 510/645/526
f 510/645/526 727/905/534 736/916/535 511/646/527
f 511/646/527 736/916/535 745/927/536 512/647/528
f 512/647/528 745/927/536 754/939/537 513/648/529
f 513/648/529 754/939/537 763/952/538 514/649/530
f 514/649/530 763/952/538 772/964/539 571/724/531
f 515/650/483 523/662/482 524/664/540 516/652/541
f 516/653/541 524/663/540 525/665/542 517/654/543
f 517/654/543 525/665/542 526/668/544 518/655/545
f 518/655/545 526/668/544 527/669/546 519/656/547
f 519/656/547 527/669/546 528/671/548 520/658/549
f 520/657/549 528/672/548 529/673/550 521/659/551
f 521/659/551 529/673/550 530/674/552 522/661/553
f 522/661/553 530/674/552 587/745/554 579/737/555
f 523/662/482 531/675/491 532/676/556 524/664/540
f 524/664/540 532/676/556 533/677/557 525/666/542
f 525/666/542 533/677/557 534/679/558 526/667/544
f 526/668/544 534/678/558 535/680/559 527/669/546
f 527/670/546 535/682/559 536/683/560 528/672/548
f 528/672/548 536/683/560 537/684/561 529/673/550
f 529/673/550 537/684/561 538/685/562 530/674/552
f 530/674/552 538/685/562 595/753/563 587/745/554
f 531/675/491 539/686/499 540/687/564 532/676/556
f 532/676/556 540/687/564 541/688/565 533/677/557
f 533/677/557 541/688/565 542/689/566 534/679/558
f 534/679/558 542/689/566 543/690/567 535/681/559
f 535/682/559 543/691/567 544/692/568 536/683/560
f 536/683/560 544/692/568 545/693/569 537/684/561
f 537/684/561 545/693/569 546/694/570 538/685/562
f 538/685/562 546/694/570 603/761/571 595/753/563
f 539/686/499 547/695/507 548/696/572 540/687/564
f 540/687/564 548/696/572 549/697/573 541/688/565
f 541/688/565 549/697/573 550/698/574 542/689/566
f 542/689/566 550/698/574 551/699/575 543/690/567
f 543/691/567 551/700/575 552/701/576 544/692/568
f 544/692/568 552/701/576 553/702/577 545/693/569
f 545/693/569 553/702/577 554/703/578 546/694/570
f 546/694/570 554/703/578 611/769/579 603/761/571
f 547/695/507 555/704/515 556/705/580 548/696/572
f 548/696/572 556/705/580 557/706/581 549/697/573
f 549/697/573 557/706/581 558/707/582 550/698/574
f 550/698/574 558/707/582 559/708/583 551/699/575
f 551/700/575 559/709/583 560/710/584 552/701/576
f 552/701/576 560/710/584 561/711/585 553/702/577
f 553/702/577 561/711/585 562/712/586 554/703/578
f 554/703/578 562/712/586 619/777/587 611/769/579
f 555/704/515 563/713/523 564/714/588 556/705/580
f 556/705/580 564/714/588 565/715/589 557/706/581
f 557/706/581 565/715/589 566/716/590 558/707/582
f 558/707/582 566/716/590 567/718/591 559/708/583
f 559/709/583 567/720/591 568/721/592 560/710/584
f 560/710/584 568/721/592 569/722/593 561/711/585
f 561/711/585 569/722/593 570/723/594 562/712/586
f 562/712/586 570/723/594 627/785/595 619/777/587
f 563/713/523 571/724/531 572/725/596 564/714/588
f 564/714/588 572/725/596 573/727/597 565/715/589
f 565/715/589 573/727/597 574/729/598 566/716/590
f 566/717/590 574/730/598 575/732/599 567/719/591
f 567/720/591 575/731/599 576/734/600 568/721/592
f 568/721/592 576/734/600 577/735/601 569/722/593
f 569/722/593 577/735/601 578/736/602 570/723/594
f 570/723/594 578/736/602 635/793/603 627/785/595
f 571/724/531 772/964/539 771/963/604 572/725/596
f 572/726/596 771/962/604 770/961/605 573/728/597
f 573/728/597 770/961/605 769/960/606 574/730/598
f 574/730/598 769/960/606 768/959/607 575/732/599
f 575/732/599 768/959/607 767/958/608 576/733/600
f 576/734/600 767/957/608 766/955/609 577/735/601
f 577/735/601 766/955/609 765/954/610 578/736/602
f 578/736/602 765/954/610 764/953/611 635/793/603
f 579/737/555 587/745/554 588/746/612 580/738/613
f 580/738/613 588/746/612 589/747/614 581/739/615
f 581/739/615 589/747/614 590/748/616 582/740/617
f 582/740/617 590/748/616 591/749/618 583/741/619
f 583/741/619 591/749/618 592/750/620 584/742/621
f 584/742/621 592/750/620 593/751/622 585/743/623
f 585/743/623 593/751/622 594/752/624 586/744/625
f 586/744/625 594/752/624 395/497/388 387/484/387
f 587/745/554 595/753/563 596/754/626 588/746/612
f 588/746/612 596/754/626 597/755/627 589/747/614
f 589/747/614 597/755/627 598/756/628 590/748/616
f 590/748/616 598/756/628 599/757/629 591/749/618
f 591/749/618 599/757/629 600/758/630 592/750/620
f 592/750/620 600/758/630 601/759/631 593/751/622
f 593/751/622 601/759/631 602/760/632 594/752/624
f 594/752/624 602/760/632 403/509/405 395/497/388
f 595/753/563 603/761/571 604/762/633 596/754/626
f 596/754/626 604/762/633 605/763/634 597/755/627
f 597/755/627 605/763/634 606/764/635 598/756/628
f 598/756/628 606/764/635 607/765/636 599/757/629
f 599/757/629 607/765/636 608/766/637 600/758/630
f 600/758/630 608/766/637 609/767/638 601/759/631
f 601/759/631 609/767/638 610/768/639 602/760/632
f 602/760/632 610/768/639 411/520/414 403/509/405
f 603/761/571 611/769/579 612/770/640 604/762/633
f 604/762/633 612/770/640 613/771/641 605/763/634
f 605/763/634 613/771/641 614/772/642 606/764/635
f 606/764/635 614/772/642 615/773/643 607/765/636
f 607/765/636 615/773/643 616/774/644 608/766/637
f 608/766/637 616/774/644 617/775/645 609/767/638
f 609/767/638 617/775/645 618/776/646 610/768/639
f 610/768/639 618/776/646 419/529/423 411/520/414
f 611/769/579 619/777/587 620/778/647 612/770/640
f 612/770/640 620/778/647 621/779/648 613/771/641
f 613/771/641 621/779/648 622/780/649 614/772/642
f 614/772/642 622/780/649 623/781/650 615/773/643
f 615/773/643 623/781/650 624/782/651 616/774/644
f 616/774/644 624/782/651 625/783/652 617/775/645
f 617/775/645 625/783/652 626/784/653 618/776/646
f 618/776/646 626/784/653 427/538/432 419/529/423
f 619/777/587 627/785/595 628/786/654 620/778/647
f 620/778/647 628/786/654 629/787/655 621/779/648
f 621/779/648 629/787/655 630/788/656 622/780/649
f 622/780/649 630/788/656 631/789/657 623/781/650
f 623/781/650 631/789/657 632/790/658 624/782/651
f 624/782/651 632/790/658 633/791/659 625/783/652
f 625/783/652 633/791/659 634/792/660 626/784/653
f 626/784/653 634/792/660 435/547/441 427/538/432
f 627/785/595 635/793/603 636/794/661 628/786/654
f 628/786/654 636/794/661 637/795/662 629/787/655
f 629/787/655 637/795/662 638/796/663 630/788/656
f 630/788/656 638/796/663 639/797/664 631/789/657
f 631/789/657 639/797/664 640/798/665 632/790/658
f 632/790/658 640/798/665 641/799/666 633/791/659
f 633/791/659 641/799/666 642/800/667 634/792/660
f 634/792/660 642/800/667 443/559/450 435/547/441
f 635/793/603 764/953/611 755/941/668 636/794/661
f 636/794/661 755/941/668 746/929/669 637/795/662
f 637/795/662 746/929/669 737/918/670 638/796/663
f 638/796/663 737/918/670 728/907/671 639/797/664
f 639/797/664 728/907/671 719/896/672 640/798/665
f 640/798/665 719/896/672 710/884/673 641/799/666
f 641/799/666 710/884/673 701/872/674 642/800/667
f 642/800/667 701/872/674 692/859/459 443/559/450
f 579/737/555 580/738/613 643/801/675 522/661/553
f 522/661/553 643/801/675 644/802/676 521/659/551
f 521/660/551 644/803/676 645/804/677 520/658/549
f 520/658/549 645/804/677 646/805/678 519/656/547
f 519/656/547 646/805/678 647/806/679 518/655/545
f 518/655/545 647/806/679 648/807/680 517/654/543
f 517/654/543 648/807/680 649/808/681 516/653/541
f 516/653/541 649/808/681 458/586/481 515/651/483
f 580/738/613 581/739/615 650/809/682 643/801/675
f 643/801/675 650/809/682 651/811/683 644/802/676
f 644/803/676 651/812/683 652/813/684 645/804/677
f 645/804/677 652/813/684 653/814/685 646/805/678
f 646/805/678 653/814/685 654/815/686 647/806/679
f 647/806/679 654/815/686 655/816/687 648/807/680
f 648/807/680 655/816/687 656/817/688 649/808/681
f 649/808/681 656/817/688 457/584/479 458/586/481
f 581/739/615 582/740/617 657/818/689 650/809/682
f 650/810/682 657/819/689 658/820/690 651/812/683
f 651/812/683 658/820/690 659/821/691 652/813/684
f 652/813/684 659/821/691 660/822/692 653/814/685
f 653/814/685 660/822/692 661/823/693 654/815/686
f 654/815/686 661/823/693 662/824/694 655/816/687
f 655/816/687 662/824/694 663/825/695 656/817/688
f 656/817/688 663/825/695 456/582/477 457/584/479
f 582/740/617 583/741/619 664/826/696 657/818/689
f 657/819/689 664/827/696 665/828/697 658/820/690
f 658/820/690 665/828/697 666/829/698 659/821/691
f 659/821/691 666/829/698 667/830/699 660/822/692
f 660/822/692 667/830/699 668/831/700 661/823/693
f 661/823/693 668/831/700 669/832/701 662/824/694
f 662/824/694 669/832/701 670/833/702 663/825/695
f 663/825/695 670/833/702 455/580/475 456/582/477
f 583/741/619 584/742/621 671/834/703 664/826/696
f 664/827/696 671/835/703 672/836/704 665/828/697
f 665/828/697 672/836/704 673/837/705 666/829/698
f 666/829/698 673/837/705 674/838/706 667/830/699
f 667/830/699 674/838/706 675/839/707 668/831/700
f 668/831/700 675/839/707 676/840/708 669/832/701
f 669/832/701 676/840/708 677/841/709 670/833/702
f 670/833/702 677/841/709 454/578/473 455/580/475
f 584/742/621 585/743/623 678/842/710 671/834/703
f 671/835/703 678/843/710 679/844/711 672/836/704
f 672/836/704 679/844/711 680/845/712 673/837/705
f 673/837/705 680/845/712 681/846/713 674/838/706
f 674/838/706 681/846/713 682/847/714 675/839/707
f 675/839/707 682/847/714 683/848/715 676/840/708
f 676/840/708 683/848/715 684/849/716 677/841/709
f 677/841/709 684/849/716 453/576/471 454/578/473
f 585/743/623 586/744/625 685/850/717 678/842/710
f 678/843/710 685/851/717 686/852/718 679/844/711
f 679/844/711 686/852/718 687/853/719 680/845/712
f 680/845/712 687/853/719 688/854/720 681/846/713
f 681/846/713 688/854/720 689/855/721 682/847/714
f 682/847/714 689/855/721 690/856/722 683/848/715
f 683/848/715 690/856/722 691/857/723 684/849/716
f 684/849/716 691/857/723 452/572/469 453/576/471
f 586/744/625 387/484/387 388/485/390 685/850/717
f 685/851/717 388/486/390 389/487/392 686/852/718
f 686/852/718 389/487/392 390/488/394 687/853/719
f 687/853/719 390/488/394 391/490/396 688/854/720
f 688/854/720 391/490/396 392/492/398 689/855/721
f 689/855/721 392/492/398 393/494/400 690/856/722
f 690/856/722 393/494/400 394/495/402 691/857/723
f 691/858/723 394/496/402 451/571/404 452/573/469
f 692/859/459 701/872/674 702/873/724 693/860/460
f 693/861/460 702/874/724 703/875/725 694/862/461
f 694/862/461 703/875/725 704/876/726 695/863/462
f 695/863/462 704/876/726 705/877/727 696/864/463
f 696/864/463 705/877/727 706/878/728 697/866/464
f 697/866/464 706/878/728 707/879/729 698/868/465
f 698/868/465 707/879/729 708/881/730 699/869/466
f 699/870/466 708/880/730 709/882/532 700/871/467
f 701/872/674 710/884/673 711/885/731 702/873/724
f 702/874/724 711/886/731 712/887/732 703/875/725
f 703/875/725 712/887/732 713/888/733 704/876/726
f 704/876/726 713/888/733 714/889/734 705/877/727
f 705/877/727 714/889/734 715/890/735 706/878/728
f 706/878/728 715/890/735 716/891/736 707/879/729
f 707/879/729 716/891/736 717/892/737 708/881/730
f 708/881/730 717/892/737 718/895/533 709/883/532
f 710/884/673 719/896/672 720/897/738 711/885/731
f 711/886/731 720/898/738 721/899/739 712/887/732
f 712/887/732 721/899/739 722/900/740 713/888/733
f 713/888/733 722/900/740 723/901/741 714/889/734
f 714/889/734 723/901/741 724/902/742 715/890/735
f 715/890/735 724/902/742 725/903/743 716/891/736
f 716/891/736 725/903/743 726/904/744 717/892/737
f 717/892/737 726/904/744 727/906/534 718/895/533
f 719/896/672 728/907/671 729/908/745 720/897/738
f 720/898/738 729/909/745 730/910/746 721/899/739
f 721/899/739 730/910/746 731/911/747 722/900/740
f 722/900/740 731/911/747 732/912/748 723/901/741
f 723/901/741 732/912/748 733/913/749 724/902/742
f 724/902/742 733/913/749 734/914/750 725/903/743
f 725/903/743 734/914/750 735/915/751 726/904/744
f 726/904/744 735/915/751 736/917/535 727/906/534
f 728/907/671 737/918/670 738/919/752 729/908/745
f 729/909/745 738/920/752 739/921/753 730/910/746
f 730/910/746 739/921/753 740/922/754 731/911/747
f 731/911/747 740/922/754 741/923/755 732/912/748
f 732/912/748 741/923/755 742/924/756 733/913/749
f 733/913/749 742/924/756 743/925/757 734/914/750
f 734/914/750 743/925/757 744/926/758 735/915/751
f 735/915/751 744/926/758 745/928/536 736/917/535
f 737/918/670 746/929/669 747/931/759 738/919/752
f 738/920/752 747/930/759 748/933/760 739/921/753
f 739/921/753 748/933/760 749/934/761 740/922/754
f 740/922/754 749/934/761 750/935/762 741/923/755
f 741/923/755 750/935/762 751/936/763 742/924/756
f 742/924/756 751/936/763 752/937/764 743/925/757
f 743/925/757 752/937/764 753/938/765 744/926/758
f 744/926/758 753/938/765 754/940/537 745/928/536
f 746/929/669 755/941/668 756/942/766 747/931/759
f 747/931/759 756/942/766 757/943/767 748/932/760
f 748/933/760 757/944/767 758/945/768 749/934/761
f 749/934/761 758/945/768 759/946/769 750/935/762
f 750/935/762 759/946/769 760/947/770 751/936/763
f 751/936/763 760/947/770 761/948/771 752/937/764
f 752/937/764 761/948/771 762/949/772 753/938/765
f 753/938/765 762/949/772 763/951/538 754/940/537
f 755/941/668 764/953/611 765/954/610 756/942/766
f 756/942/766 765/954/610 766/955/609 757/943/767
f 757/944/767 766/956/609 767/958/608 758/945/768
f 758/945/768 767/958/608 768/959/607 759/946/769
f 759/946/769 768/959/607 769/960/606 760/947/770
f 760/947/770 769/960/606 770/961/605 761/948/771
f 761/948/771 770/961/605 771/962/604 762/949/772
f 762/950/772 771/963/604 772/964/539 763/952/538
f 773/966/773 805/1034/774 774/967/775
f 774/967/775 805/1034/774 775/969/776
f 775/969/776 805/1034/774 776/971/777
f 776/971/777 805/1034/774 777/973/778
f 777/973/778 805/1034/774 778/975/779
f 778/975/779 805/1034/774 779/977/780
f 779/977/780 805/1034/774 780/979/781
f 780/979/781 805/1034/774 781/981/782
f 781/981/782 805/1034/774 782/983/783
f 782/983/783 805/1034/774 783/985/784
f 783/986/784 805/1032/774 784/988/785
f 784/988/785 805/1032/774 785/990/786
f 785/990/786 805/1032/774 786/992/787
f 786/992/787 805/1032/774 787/994/788
f 787/994/788 805/1032/774 788/996/789
f 788/996/789 805/1032/774 789/998/790
f 789/998/790 805/1032/774 790/1000/791
f 790/1000/791 805/1032/774 791/1002/792
f 791/1002/792 805/1032/774 792/1004/793
f 792/1004/793 805/1032/774 793/1006/794
f 793/1006/794 805/1032/774 794/1008/795
f 794/1009/795 805/1033/774 795/1011/796
f 795/1011/796 805/1033/774 796/1013/797
f 796/1013/797 805/1033/774 797/1015/798
f 797/1015/798 805/1033/774 798/1017/799
f 798/1017/799 805/1033/774 799/1019/800
f 799/1019/800 805/1033/774 800/1021/801
f 800/1021/801 805/1033/774 801/1023/802
f 801/1023/802 805/1033/774 802/1025/803
f 802/1026/803 805/1034/774 803/1029/804
f 773/965/773 774/968/775 775/970/776 776/972/777 777/974/778 778/976/779 779/978/780 780/980/781 781/982/782 782/984/783 783/987/784 784/989/785 785/991/786 786/993/787 787/995/788 788/997/789 789/999/790 790/1001/791 791/1003/792 792/1005/793 793/1007/794 794/1010/795 795/1012/796 796/1014/797 797/1016/798 798/1018/799 799/1020/800 800/1022/801 801/1024/802 802/1027/803 803/1028/804 804/1030/805
f 803/1029/804 805/1034/774 804/1031/805
f 804/1031/805 805/1034/774 773/966/773
f 806/1035/806 807/1036/807 815/1047/808 814/1046/809
f 807/1036/807 808/1038/810 816/1048/811 815/1047/808
f 808/1038/810 809/1040/812 817/1050/813 816/1048/811
f 809/1041/812 810/1042/814 818/1051/815 817/1049/813
f 810/1042/814 811/1043/816 819/1053/817 818/1051/815
f 811/1043/816 812/1044/818 820/1056/819 819/1053/817
f 812/1044/818 813/1045/820 821/1057/821 820/1056/819
f 813/1045/820 870/1119/822 878/1127/823 821/1057/821
f 814/1046/809 815/1047/808 823/1059/824 822/1058/825
f 815/1047/808 816/1048/811 824/1060/826 823/1059/824
f 816/1048/811 817/1050/813 825/1061/827 824/1060/826
f 817/1050/813 818/1052/815 826/1062/828 825/1061/827
f 818/1052/815 819/1054/817 827/1063/829 826/1062/828
f 819/1054/817 820/1055/819 828/1065/830 827/1063/829
f 820/1056/819 821/1057/821 829/1066/831 828/1064/830
f 821/1057/821 878/1127/823 886/1144/832 829/1066/831
f 822/1058/825 823/1059/824 831/1070/833 830/1069/834
f 823/1059/824 824/1060/826 832/1071/835 831/1070/833
f 824/1060/826 825/1061/827 833/1072/836 832/1071/835
f 825/1061/827 826/1062/828 834/1073/837 833/1072/836
f 826/1062/828 827/1063/829 835/1074/838 834/1073/837
f 827/1063/829 828/1065/830 836/1075/839 835/1074/838
f 828/1065/830 829/1067/831 837/1076/840 836/1075/839
f 829/1068/831 886/1145/832 894/1154/841 837/1077/840
f 830/1069/834 831/1070/833 839/1079/842 838/1078/843
f 831/1070/833 832/1071/835 840/1080/844 839/1079/842
f 832/1071/835 833/1072/836 841/1081/845 840/1080/844
f 833/1072/836 834/1073/837 842/1082/846 841/1081/845
f 834/1073/837 835/1074/838 843/1083/847 842/1082/846
f 835/1074/838 836/1075/839 844/1084/848 843/1083/847
f 836/1075/839 837/1076/840 845/1085/849 844/1084/848
f 837/1077/840 894/1154/841 902/1163/850 845/1086/849
f 838/1078/843 839/1079/842 847/1088/851 846/1087/852
f 839/1079/842 840/1080/844 848/1089/853 847/1088/851
f 840/1080/844 841/1081/845 849/1090/854 848/1089/853
f 841/1081/845 842/1082/846 850/1091/855 849/1090/854
f 842/1082/846 843/1083/847 851/1092/856 850/1091/855
f 843/1083/847 844/1084/848 852/1093/857 851/1092/856
f 844/1084/848 845/1085/849 853/1094/858 852/1093/857
f 845/1086/849 902/1163/850 910/1172/859 853/1095/858
f 846/1087/852 847/1088/851 855/1097/860 854/1096/861
f 847/1088/851 848/1089/853 856/1098/862 855/1097/860
f 848/1089/853 849/1090/854 857/1099/863 856/1098/862
f 849/1090/854 850/1091/855 858/1100/864 857/1099/863
f 850/1091/855 851/1092/856 859/1101/865 858/1100/864
f 851/1092/856 852/1093/857 860/1102/866 859/1101/865
f 852/1093/857 853/1094/858 861/1104/867 860/1102/866
f 853/1095/858 910/1172/859 918/1182/868 861/1105/867
f 854/1096/861 855/1097/860 863/1108/869 862/1107/870
f 855/1097/860 856/1098/862 864/1109/871 863/1108/869
f 856/1098/862 857/1099/863 865/1110/872 864/1109/871
f 857/1099/863 858/1100/864 866/1112/873 865/1110/872
f 858/1100/864 859/1101/865 867/1114/874 866/1112/873
f 859/1101/865 860/1102/866 868/1116/875 867/1114/874
f 860/1103/866 861/1106/867 869/1118/876 868/1117/875
f 861/1106/867 918/1181/868 926/1192/877 869/1118/876
f 862/1107/870 863/1108/869 1112/1427/878 1111/1426/879
f 863/1108/869 864/1109/871 1113/1429/880 1112/1427/878
f 864/1109/871 865/1110/872 1114/1431/881 1113/1429/880
f 865/1111/872 866/1113/873 1115/1433/882 1114/1432/881
f 866/1113/873 867/1115/874 1116/1434/883 1115/1433/882
f 867/1115/874 868/1117/875 1117/1435/884 1116/1434/883
f 868/1117/875 869/1118/876 1118/1436/885 1117/1435/884
f 869/1118/876 926/1192/877 1119/1437/886 1118/1436/885
f 870/1119/822 871/1120/887 879/1129/888 878/1127/823
f 871/1120/887 872/1121/889 880/1131/890 879/1129/888
f 872/1121/889 873/1122/891 881/1133/892 880/1131/890
f 873/1122/891 874/1123/893 882/1135/894 881/1133/892
f 874/1123/893 875/1124/895 883/1137/896 882/1135/894
f 875/1124/895 876/1125/897 884/1139/898 883/1137/896
f 876/1125/897 877/1126/899 885/1141/900 884/1139/898
f 877/1126/899 934/1208/901 942/1216/902 885/1141/900
f 878/1128/823 879/1130/888 887/1146/903 886/1145/832
f 879/1130/888 880/1132/890 888/1147/904 887/1146/903
f 880/1132/890 881/1134/892 889/1148/905 888/1147/904
f 881/1134/892 882/1136/894 890/1149/906 889/1148/905
f 882/1136/894 883/1138/896 891/1150/907 890/1149/906
f 883/1138/896 884/1140/898 892/1151/908 891/1150/907
f 884/1140/898 885/1142/900 893/1152/909 892/1151/908
f 885/1143/900 942/1217/902 950/1232/910 893/1153/909
f 886/1145/832 887/1146/903 895/1155/911 894/1154/841
f 887/1146/903 888/1147/904 896/1156/912 895/1155/911
f 888/1147/904 889/1148/905 897/1157/913 896/1156/912
f 889/1148/905 890/1149/906 898/1158/914 897/1157/913
f 890/1149/906 891/1150/907 899/1159/915 898/1158/914
f 891/1150/907 892/1151/908 900/1160/916 899/1159/915
f 892/1151/908 893/1152/909 901/1161/917 900/1160/916
f 893/1153/909 950/1232/910 958/1240/918 901/1162/917
f 894/1154/841 895/1155/911 903/1164/919 902/1163/850
f 895/1155/911 896/1156/912 904/1165/920 903/1164/919
f 896/1156/912 897/1157/913 905/1166/921 904/1165/920
f 897/1157/913 898/1158/914 906/1167/922 905/1166/921
f 898/1158/914 899/1159/915 907/1168/923 906/1167/922
f 899/1159/915 900/1160/916 908/1169/924 907/1168/923
f 900/1160/916 901/1161/917 909/1170/925 908/1169/924
f 901/1162/917 958/1240/918 966/1248/926 909/1171/925
f 902/1163/850 903/1164/919 911/1173/927 910/1172/859
f 903/1164/919 904/1165/920 912/1174/928 911/1173/927
f 904/1165/920 905/1166/921 913/1175/929 912/1174/928
f 905/1166/921 906/1167/922 914/1176/930 913/1175/929
f 906/1167/922 907/1168/923 915/1177/931 914/1176/930
f 907/1168/923 908/1169/924 916/1178/932 915/1177/931
f 908/1169/924 909/1170/925 917/1179/933 916/1178/932
f 909/1171/925 966/1248/926 974/1256/934 917/1180/933
f 910/1172/859 911/1173/927 919/1183/935 918/1182/868
f 911/1173/927 912/1174/928 920/1184/936 919/1183/935
f 912/1174/928 913/1175/929 921/1185/937 920/1184/936
f 913/1175/929 914/1176/930 922/1186/938 921/1185/937
f 914/1176/930 915/1177/931 923/1187/939 922/1186/938
f 915/1177/931 916/1178/932 924/1188/940 923/1187/939
f 916/1178/932 917/1179/933 925/1189/941 924/1188/940
f 917/1180/933 974/1256/934 982/1264/942 925/1190/941
f 918/1182/868 919/1183/935 927/1193/943 926/1191/877
f 919/1183/935 920/1184/936 928/1195/944 927/1193/943
f 920/1184/936 921/1185/937 929/1197/945 928/1195/944
f 921/1185/937 922/1186/938 930/1199/946 929/1197/945
f 922/1186/938 923/1187/939 931/1201/947 930/1199/946
f 923/1187/939 924/1188/940 932/1203/948 931/1201/947
f 924/1188/940 925/1189/941 933/1205/949 932/1203/948
f 925/1190/941 982/1264/942 990/1272/950 933/1206/949
f 926/1192/877 927/1194/943 1128/1448/951 1119/1437/886
f 927/1194/943 928/1196/944 1137/1458/952 1128/1448/951
f 928/1196/944 929/1198/945 1146/1468/953 1137/1458/952
f 929/1198/945 930/1200/946 1155/1477/954 1146/1468/953
f 930/1200/946 931/1202/947 1164/1486/955 1155/1477/954
f 931/1202/947 932/1204/948 1173/1495/956 1164/1486/955
f 932/1204/948 933/1207/949 1182/1504/957 1173/1495/956
f 933/1207/949 990/1273/950 1191/1513/958 1182/1504/957
f 934/1208/901 935/1209/959 943/1218/960 942/1216/902
f 935/1209/959 936/1210/961 944/1220/962 943/1218/960
f 936/1210/961 937/1211/963 945/1222/964 944/1220/962
f 937/1211/963 938/1212/965 946/1224/966 945/1222/964
f 938/1212/965 939/1213/967 947/1226/968 946/1224/966
f 939/1213/967 940/1214/969 948/1228/970 947/1226/968
f 940/1214/969 941/1215/971 949/1230/972 948/1228/970
f 941/1215/971 998/1288/973 1006/1298/974 949/1230/972
f 942/1217/902 943/1219/960 951/1233/975 950/1232/910
f 943/1219/960 944/1221/962 952/1234/976 951/1233/975
f 944/1221/962 945/1223/964 953/1235/977 952/1234/976
f 945/1223/964 946/1225/966 954/1236/978 953/1235/977
f 946/1225/966 947/1227/968 955/1237/979 954/1236/978
f 947/1227/968 948/1229/970 956/1238/980 955/1237/979
f 948/1229/970 949/1231/972 957/1239/981 956/1238/980
f 949/1231/972 1006/1299/974 1014/1312/982 957/1239/981
f 950/1232/910 951/1233/975 959/1241/983 958/1240/918
f 951/1233/975 952/1234/976 960/1242/984 959/1241/983
f 952/1234/976 953/1235/977 961/1243/985 960/1242/984
f 953/1235/977 954/1236/978 962/1244/986 961/1243/985
f 954/1236/978 955/1237/979 963/1245/987 962/1244/986
f 955/1237/979 956/1238/980 964/1246/988 963/1245/987
f 956/1238/980 957/1239/981 965/1247/989 964/1246/988
f 957/1239/981 1014/1312/982 1022/1324/990 965/1247/989
f 958/1240/918 959/1241/983 967/1249/991 966/1248/926
f 959/1241/983 960/1242/984 968/1250/992 967/1249/991
f 960/1242/984 961/1243/985 969/1251/993 968/1250/992
f 961/1243/985 962/1244/986 970/1252/994 969/1251/993
f 962/1244/986 963/1245/987 971/1253/995 970/1252/994
f 963/1245/987 964/1246/988 972/1254/996 971/1253/995
f 964/1246/988 965/1247/989 973/1255/997 972/1254/996
f 965/1247/989 1022/1324/990 1030/1333/998 973/1255/997
f 966/1248/926 967/1249/991 975/1257/999 974/1256/934
f 967/1249/991 968/1250/992 976/1258/1000 975/1257/999
f 968/1250/992 969/1251/993 977/1259/1001 976/1258/1000
f 969/1251/993 970/1252/994 978/1260/1002 977/1259/1001
f 970/1252/994 971/1253/995 979/1261/1003 978/1260/1002
f 971/1253/995 972/1254/996 980/1262/1004 979/1261/1003
f 972/1254/996 973/1255/997 981/1263/1005 980/1262/1004
f 973/1255/997 1030/1333/998 1038/1342/1006 981/1263/1005
f 974/1256/934 975/1257/999 983/1265/1007 982/1264/942
f 975/1257/999 976/1258/1000 984/1266/1008 983/1265/1007
f 976/1258/1000 977/1259/1001 985/1267/1009 984/1266/1008
f 977/1259/1001 978/1260/1002 986/1268/1010 985/1267/1009
f 978/1260/1002 979/1261/1003 987/1269/1011 986/1268/1010
f 979/1261/1003 980/1262/1004 988/1270/1012 987/1269/1011
f 980/1262/1004 981/1263/1005 989/1271/1013 988/1270/1012
f 981/1263/1005 1038/1342/1006 1046/1351/1014 989/1271/1013
f 982/1264/942 983/1265/1007 991/1274/1015 990/1272/950
f 983/1265/1007 984/1266/1008 992/1276/1016 991/1274/1015
f 984/1266/1008 985/1267/1009 993/1278/1017 992/1276/1016
f 985/1267/1009 986/1268/1010 994/1280/1018 993/1278/1017
f 986/1268/1010 987/1269/1011 995/1282/1019 994/1280/1018
f 987/1269/1011 988/1270/1012 996/1284/1020 995/1282/1019
f 988/1270/1012 989/1271/1013 997/1286/1021 996/1284/1020
f 989/1271/1013 1046/1351/1014 1054/1363/1022 997/1286/1021
f 990/1273/950 991/1275/1015 1190/1512/1023 1191/1513/958
f 991/1275/1015 992/1277/1016 1189/1511/1024 1190/1512/1023
f 992/1277/1016 993/1279/1017 1188/1510/1025 1189/1511/1024
f 993/1279/1017 994/1281/1018 1187/1509/1026 1188/1510/1025
f 994/1281/1018 995/1283/1019 1186/1508/1027 1187/1509/1026
f 995/1283/1019 996/1285/1020 1185/1507/1028 1186/1508/1027
f 996/1285/1020 997/1287/1021 1184/1506/1029 1185/1507/1028
f 997/1287/1021 1054/1364/1022 1183/1505/1030 1184/1506/1029
f 998/1288/973 999/1289/1031 1007/1301/1032 1006/1298/974
f 999/1289/1031 1000/1290/1033 1008/1302/1034 1007/1301/1032
f 1000/1290/1033 1001/1291/1035 1009/1303/1036 1008/1302/1034
f 1001/1291/1035 1002/1292/1037 1010/1305/1038 1009/1303/1036
f 1002/1292/1037 1003/1293/1039 1011/1307/1040 1010/1305/1038
f 1003/1293/1039 1004/1295/1041 1012/1309/1042 1011/1307/1040
f 1004/1294/1041 1005/1297/1043 1013/1311/1044 1012/1310/1042
f 1005/1297/1043 806/1035/806 814/1046/809 1013/1311/1044
f 1006/1299/974 1007/1300/1032 1015/1314/1045 1014/1312/982
f 1007/1301/1032 1008/1302/1034 1016/1315/1046 1015/1313/1045
f 1008/1302/1034 1009/1303/1036 1017/1318/1047 1016/1315/1046
f 1009/1304/1036 1010/1306/1038 1018/1320/1048 1017/1319/1047
f 1010/1306/1038 1011/1308/1040 1019/1321/1049 1018/1320/1048
f 1011/1308/1040 1012/1310/1042 1020/1322/1050 1019/1321/1049
f 1012/1310/1042 1013/1311/1044 1021/1323/1051 1020/1322/1050
f 1013/1311/1044 814/1046/809 822/1058/825 1021/1323/1051
f 1014/1312/982 1015/1314/1045 1023/1325/1052 1022/1324/990
f 1015/1314/1045 1016/1316/1046 1024/1326/1053 1023/1325/1052
f 1016/1317/1046 1017/1319/1047 1025/1328/1054 1024/1327/1053
f 1017/1319/1047 1018/1320/1048 1026/1329/1055 1025/1328/1054
f 1018/1320/1048 1019/1321/1049 1027/1330/1056 1026/1329/1055
f 1019/1321/1049 1020/1322/1050 1028/1331/1057 1027/1330/1056
f 1020/1322/1050 1021/1323/1051 1029/1332/1058 1028/1331/1057
f 1021/1323/1051 822/1058/825 830/1069/834 1029/1332/1058
f 1022/1324/990 1023/1325/1052 1031/1334/1059 1030/1333/998
f 1023/1325/1052 1024/1326/1053 1032/1335/1060 1031/1334/1059
f 1024/1327/1053 1025/1328/1054 1033/1337/1061 1032/1336/1060
f 1025/1328/1054 1026/1329/1055 1034/1338/1062 1033/1337/1061
f 1026/1329/1055 1027/1330/1056 1035/1339/1063 1034/1338/1062
f 1027/1330/1056 1028/1331/1057 1036/1340/1064 1035/1339/1063
f 1028/1331/1057 1029/1332/1058 1037/1341/1065 1036/1340/1064
f 1029/1332/1058 830/1069/834 838/1078/843 1037/1341/1065
f 1030/1333/998 1031/1334/1059 1039/1343/1066 1038/1342/1006
f 1031/1334/1059 1032/1335/1060 1040/1344/1067 1039/1343/1066
f 1032/1336/1060 1033/1337/1061 1041/1346/1068 1040/1345/1067
f 1033/1337/1061 1034/1338/1062 1042/1347/1069 1041/1346/1068
f 1034/1338/1062 1035/1339/1063 1043/1348/1070 1042/1347/1069
f 1035/1339/1063 1036/1340/1064 1044/1349/1071 1043/1348/1070
f 1036/1340/1064 1037/1341/1065 1045/1350/1072 1044/1349/1071
f 1037/1341/1065 838/1078/843 846/1087/852 1045/1350/1072
f 1038/1342/1006 1039/1343/1066 1047/1352/1073 1046/1351/1014
f 1039/1343/1066 1040/1344/1067 1048/1354/1074 1047/1352/1073
f 1040/1345/1067 1041/1346/1068 1049/1358/1075 1048/1355/1074
f 1041/1346/1068 1042/1347/1069 1050/1359/1076 1049/1358/1075
f 1042/1347/1069 1043/1348/1070 1051/1360/1077 1050/1359/1076
f 1043/1348/1070 1044/1349/1071 1052/1361/1078 1051/1360/1077
f 1044/1349/1071 1045/1350/1072 1053/1362/1079 1052/1361/1078
f 1045/1350/1072 846/1087/852 854/1096/861 1053/1362/1079
f 1046/1351/1014 1047/1352/1073 1055/1365/1080 1054/1363/1022
f 1047/1353/1073 1048/1356/1074 1056/1367/1081 1055/1366/1080
f 1048/1356/1074 1049/1357/1075 1057/1369/1082 1056/1367/1081
f 1049/1358/1075 1050/1359/1076 1058/1370/1083 1057/1368/1082
f 1050/1359/1076 1051/1360/1077 1059/1373/1084 1058/1370/1083
f 1051/1360/1077 1052/1361/1078 1060/1374/1085 1059/1373/1084
f 1052/1361/1078 1053/1362/1079 1061/1375/1086 1060/1374/1085
f 1053/1362/1079 854/1096/861 862/1107/870 1061/1375/1086
f 1054/1364/1022 1055/1366/1080 1174/1496/1087 1183/1505/1030
f 1055/1366/1080 1056/1367/1081 1165/1487/1088 1174/1496/1087
f 1056/1367/1081 1057/1369/1082 1156/1478/1089 1165/1487/1088
f 1057/1369/1082 1058/1371/1083 1147/1469/1090 1156/1478/1089
f 1058/1371/1083 1059/1372/1084 1138/1460/1091 1147/1469/1090
f 1059/1373/1084 1060/1374/1085 1129/1449/1092 1138/1459/1091
f 1060/1374/1085 1061/1375/1086 1120/1438/1093 1129/1449/1092
f 1061/1375/1086 862/1107/870 1111/1426/879 1120/1438/1093
f 998/1288/973 941/1215/971 1062/1376/1094 999/1289/1031
f 941/1215/971 940/1214/969 1063/1377/1095 1062/1376/1094
f 940/1214/969 939/1213/967 1064/1378/1096 1063/1377/1095
f 939/1213/967 938/1212/965 1065/1379/1097 1064/1378/1096
f 938/1212/965 937/1211/963 1066/1380/1098 1065/1379/1097
f 937/1211/963 936/1210/961 1067/1381/1099 1066/1380/1098
f 936/1210/961 935/1209/959 1068/1382/1100 1067/1381/1099
f 935/1209/959 934/1208/901 877/1126/899 1068/1382/1100
f 999/1289/1031 1062/1376/1094 1069/1383/1101 1000/1290/1033
f 1062/1376/1094 1063/1377/1095 1070/1384/1102 1069/1383/1101
f 1063/1377/1095 1064/1378/1096 1071/1385/1103 1070/1384/1102
f 1064/1378/1096 1065/1379/1097 1072/1386/1104 1071/1385/1103
f 1065/1379/1097 1066/1380/1098 1073/1387/1105 1072/1386/1104
f 1066/1380/1098 1067/1381/1099 1074/1388/1106 1073/1387/1105
f 1067/1381/1099 1068/1382/1100 1075/1389/1107 1074/1388/1106
f 1068/1382/1100 877/1126/899 876/1125/897 1075/1389/1107
f 1000/1290/1033 1069/1383/1101 1076/1390/1108 1001/1291/1035
f 1069/1383/1101 1070/1384/1102 1077/1391/1109 1076/1390/1108
f 1070/1384/1102 1071/1385/1103 1078/1392/1110 1077/1391/1109
f 1071/1385/1103 1072/1386/1104 1079/1393/1111 1078/1392/1110
f 1072/1386/1104 1073/1387/1105 1080/1394/1112 1079/1393/1111
f 1073/1387/1105 1074/1388/1106 1081/1395/1113 1080/1394/1112
f 1074/1388/1106 1075/1389/1107 1082/1396/1114 1081/1395/1113
f 1075/1389/1107 876/1125/897 875/1124/895 1082/1396/1114
f 1001/1291/1035 1076/1390/1108 1083/1397/1115 1002/1292/1037
f 1076/1390/1108 1077/1391/1109 1084/1398/1116 1083/1397/1115
f 1077/1391/1109 1078/1392/1110 1085/1399/1117 1084/1398/1116
f 1078/1392/1110 1079/1393/1111 1086/1400/1118 1085/1399/1117
f 1079/1393/1111 1080/1394/1112 1087/1401/1119 1086/1400/1118
f 1080/1394/1112 1081/1395/1113 1088/1402/1120 1087/1401/1119
f 1081/1395/1113 1082/1396/1114 1089/1403/1121 1088/1402/1120
f 1082/1396/1114 875/1124/895 874/1123/893 1089/1403/1121
f 1002/1292/1037 1083/1397/1115 1090/1404/1122 1003/1293/1039
f 1083/1397/1115 1084/1398/1116 1091/1405/1123 1090/1404/1122
f 1084/1398/1116 1085/1399/1117 1092/1406/1124 1091/1405/1123
f 1085/1399/1117 1086/1400/1118 1093/1407/1125 1092/1406/1124
f 1086/1400/1118 1087/1401/1119 1094/1408/1126 1093/1407/1125
f 1087/1401/1119 1088/1402/1120 1095/1409/1127 1094/1408/1126
f 1088/1402/1120 1089/1403/1121 1096/1410/1128 1095/1409/1127
f 1089/1403/1121 874/1123/893 873/1122/891 1096/1410/1128
f 1003/1293/1039 1090/1404/1122 1097/1411/1129 1004/1295/1041
f 1090/1404/1122 1091/1405/1123 1098/1412/1130 1097/1411/1129
f 1091/1405/1123 1092/1406/1124 1099/1413/1131 1098/1412/1130
f 1092/1406/1124 1093/1407/1125 1100/1414/1132 1099/1413/1131
f 1093/1407/1125 1094/1408/1126 1101/1415/1133 1100/1414/1132
f 1094/1408/1126 1095/1409/1127 1102/1416/1134 1101/1415/1133
f 1095/1409/1127 1096/1410/1128 1103/1417/1135 1102/1416/1134
f 1096/1410/1128 873/1122/891 872/1121/889 1103/1417/1135
f 1004/1295/1041 1097/1411/1129 1104/1419/1136 1005/1296/1043
f 1097/1411/1129 1098/1412/1130 1105/1420/1137 1104/1419/1136
f 1098/1412/1130 1099/1413/1131 1106/1421/1138 1105/1420/1137
f 1099/1413/1131 1100/1414/1132 1107/1422/1139 1106/1421/1138
f 1100/1414/1132 1101/1415/1133 1108/1423/1140 1107/1422/1139
f 1101/1415/1133 1102/1416/1134 1109/1424/1141 1108/1423/1140
f 1102/1416/1134 1103/1417/1135 1110/1425/1142 1109/1424/1141
f 1103/1417/1135 872/1121/889 871/1120/887 1110/1425/1142
f 1005/1297/1043 1104/1418/1136 807/1036/807 806/1035/806
f 1104/1419/1136 1105/1420/1137 808/1039/810 807/1037/807
f 1105/1420/1137 1106/1421/1138 809/1041/812 808/1039/810
f 1106/1421/1138 1107/1422/1139 810/1042/814 809/1041/812
f 1107/1422/1139 1108/1423/1140 811/1043/816 810/1042/814
f 1108/1423/1140 1109/1424/1141 812/1044/818 811/1043/816
f 1109/1424/1141 1110/1425/1142 813/1045/820 812/1044/818
f 1110/1425/1142 871/1120/887 870/1119/822 813/1045/820
f 1111/1426/879 1112/1427/878 1121/1440/1143 1120/1438/1093
f 1112/1428/878 1113/1430/880 1122/1442/1144 1121/1441/1143
f 1113/1430/880 1114/1432/881 1123/1443/1145 1122/1442/1144
f 1114/1432/881 1115/1433/882 1124/1444/1146 1123/1443/1145
f 1115/1433/882 1116/1434/883 1125/1445/1147 1124/1444/1146
f 1116/1434/883 1117/1435/884 1126/1446/1148 1125/1445/1147
f 1117/1435/884 1118/1436/885 1127/1447/1149 1126/1446/1148
f 1118/1436/885 1119/1437/886 1128/1448/951 1127/1447/1149
f 1120/1439/1093 1121/1441/1143 1130/1451/1150 1129/1450/1092
f 1121/1441/1143 1122/1442/1144 1131/1452/1151 1130/1451/1150
f 1122/1442/1144 1123/1443/1145 1132/1453/1152 1131/1452/1151
f 1123/1443/1145 1124/1444/1146 1133/1454/1153 1132/1453/1152
f 1124/1444/1146 1125/1445/1147 1134/1455/1154 1133/1454/1153
f 1125/1445/1147 1126/1446/1148 1135/1456/1155 1134/1455/1154
f 1126/1446/1148 1127/1447/1149 1136/1457/1156 1135/1456/1155
f 1127/1447/1149 1128/1448/951 1137/1458/952 1136/1457/1156
f 1129/1450/1092 1130/1451/1150 1139/1461/1157 1138/1460/1091
f 1130/1451/1150 1131/1452/1151 1140/1462/1158 1139/1461/1157
f 1131/1452/1151 1132/1453/1152 1141/1463/1159 1140/1462/1158
f 1132/1453/1152 1133/1454/1153 1142/1464/1160 1141/1463/1159
f 1133/1454/1153 1134/1455/1154 1143/1465/1161 1142/1464/1160
f 1134/1455/1154 1135/1456/1155 1144/1466/1162 1143/1465/1161
f 1135/1456/1155 1136/1457/1156 1145/1467/1163 1144/1466/1162
f 1136/1457/1156 1137/1458/952 1146/1468/953 1145/1467/1163
f 1138/1460/1091 1139/1461/1157 1148/1470/1164 1147/1469/1090
f 1139/1461/1157 1140/1462/1158 1149/1471/1165 1148/1470/1164
f 1140/1462/1158 1141/1463/1159 1150/1472/1166 1149/1471/1165
f 1141/1463/1159 1142/1464/1160 1151/1473/1167 1150/1472/1166
f 1142/1464/1160 1143/1465/1161 1152/1474/1168 1151/1473/1167
f 1143/1465/1161 1144/1466/1162 1153/1475/1169 1152/1474/1168
f 1144/1466/1162 1145/1467/1163 1154/1476/1170 1153/1475/1169
f 1145/1467/1163 1146/1468/953 1155/1477/954 1154/1476/1170
f 1147/1469/1090 1148/1470/1164 1157/1479/1171 1156/1478/1089
f 1148/1470/1164 1149/1471/1165 1158/1480/1172 1157/1479/1171
f 1149/1471/1165 1150/1472/1166 1159/1481/1173 1158/1480/1172
f 1150/1472/1166 1151/1473/1167 1160/1482/1174 1159/1481/1173
f 1151/1473/1167 1152/1474/1168 1161/1483/1175 1160/1482/1174
f 1152/1474/1168 1153/1475/1169 1162/1484/1176 1161/1483/1175
f 1153/1475/1169 1154/1476/1170 1163/1485/1177 1162/1484/1176
f 1154/1476/1170 1155/1477/954 1164/1486/955 1163/1485/1177
f 1156/1478/1089 1157/1479/1171 1166/1488/1178 1165/1487/1088
f 1157/1479/1171 1158/1480/1172 1167/1489/1179 1166/1488/1178
f 1158/1480/1172 1159/1481/1173 1168/1490/1180 1167/1489/1179
f 1159/1481/1173 1160/1482/1174 1169/1491/1181 1168/1490/1180
f 1160/1482/1174 1161/1483/1175 1170/1492/1182 1169/1491/1181
f 1161/1483/1175 1162/1484/1176 1171/1493/1183 1170/1492/1182
f 1162/1484/1176 1163/1485/1177 1172/1494/1184 1171/1493/1183
f 1163/1485/1177 1164/1486/955 1173/1495/956 1172/1494/1184
f 1165/1487/1088 1166/1488/1178 1175/1497/1185 1174/1496/1087
f 1166/1488/1178 1167/1489/1179 1176/1498/1186 1175/1497/1185
f 1167/1489/1179 1168/1490/1180 1177/1499/1187 1176/1498/1186
f 1168/1490/1180 1169/1491/1181 1178/1500/1188 1177/1499/1187
f 1169/1491/1181 1170/1492/1182 1179/1501/1189 1178/1500/1188
f 1170/1492/1182 1171/1493/1183 1180/1502/1190 1179/1501/1189
f 1171/1493/1183 1172/1494/1184 1181/1503/1191 1180/1502/1190
f 1172/1494/1184 1173/1495/956 1182/1504/957 1181/1503/1191
f 1174/1496/1087 1175/1497/1185 1184/1506/1029 1183/1505/1030
f 1175/1497/1185 1176/1498/1186 1185/1507/1028 1184/1506/1029
f 1176/1498/1186 1177/1499/1187 1186/1508/1027 1185/1507/1028
f 1177/1499/1187 1178/1500/1188 1187/1509/1026 1186/1508/1027
f 1178/1500/1188 1179/1501/1189 1188/1510/1025 1187/1509/1026
f 1179/1501/1189 1180/1502/1190 1189/1511/1024 1188/1510/1025
f 1180/1502/1190 1181/1503/1191 1190/1512/1023 1189/1511/1024
f 1181/1503/1191 1182/1504/957 1191/1513/958 1190/1512/1023
f 1192/1515/1192 1193/1516/1193 1224/1583/1194
f 1193/1516/1193 1194/1518/1195 1224/1583/1194
f 1194/1518/1195 1195/1520/1196 1224/1583/1194
f 1195/1520/1196 1196/1522/1197 1224/1583/1194
f 1196/1522/1197 1197/1524/1198 1224/1583/1194
f 1197/1524/1198 1198/1526/1199 1224/1583/1194
f 1198/1526/1199 1199/1528/1200 1224/1583/1194
f 1199/1528/1200 1200/1530/1201 1224/1583/1194
f 1200/1530/1201 1201/1532/1202 1224/1583/1194
f 1201/1532/1202 1202/1534/1203 1224/1583/1194
f 1202/1535/1203 1203/1537/1204 1224/1581/1194
f 1203/1537/1204 1204/1539/1205 1224/1581/1194
f 1204/1539/1205 1205/1541/1206 1224/1581/1194
f 1205/1541/1206 1206/1543/1207 1224/1581/1194
f 1206/1543/1207 1207/1545/1208 1224/1581/1194
f 1207/1545/1208 1208/1547/1209 1224/1581/1194
f 1208/1547/1209 1209/1549/1210 1224/1581/1194
f 1209/1549/1210 1210/1551/1211 1224/1581/1194
f 1210/1551/1211 1211/1553/1212 1224/1581/1194
f 1211/1553/1212 1212/1555/1213 1224/1581/1194
f 1212/1555/1213 1213/1557/1214 1224/1581/1194
f 1213/1558/1214 1214/1560/1215 1224/1582/1194
f 1214/1560/1215 1215/1562/1216 1224/1582/1194
f 1215/1562/1216 1216/1564/1217 1224/1582/1194
f 1216/1564/1217 1217/1566/1218 1224/1582/1194
f 1217/1566/1218 1218/1568/1219 1224/1582/1194
f 1218/1568/1219 1219/1570/1220 1224/1582/1194
f 1219/1570/1220 1220/1572/1221 1224/1582/1194
f 1220/1572/1221 1221/1574/1222 1224/1582/1194
f 1221/1575/1222 1222/1578/1223 1224/1583/1194
f 1192/1514/1192 1223/1579/1224 1222/1577/1223 1221/1576/1222 1220/1573/1221 1219/1571/1220 1218/1569/1219 1217/1567/1218 1216/1565/1217 1215/1563/1216 1214/1561/1215 1213/1559/1214 1212/1556/1213 1211/1554/1212 1210/1552/1211 1209/1550/1210 1208/1548/1209 1207/1546/1208 1206/1544/1207 1205/1542/1206 1204/1540/1205 1203/1538/1204 1202/1536/1203 1201/1533/1202 1200/1531/1201 1199/1529/1200 1198/1527/1199 1197/1525/1198 1196/1523/1197 1195/1521/1196 1194/1519/1195 1193/1517/1193
f 1222/1578/1223 1223/1580/1224 1224/1583/1194
f 1223/1580/1224 1192/1515/1192 1224/1583/1194
f 1225/1584/879 1233/1595/870 1234/1596/869 1226/1585/878
f 1226/1585/878 1234/1596/869 1235/1597/871 1227/1587/880
f 1227/1587/880 1235/1597/871 1236/1599/872 1228/1589/881
f 1228/1590/881 1236/1598/872 1237/1600/873 1229/1591/882
f 1229/1591/882 1237/1600/873 1238/1602/874 1230/1592/883
f 1230/1592/883 1238/1602/874 1239/1605/875 1231/1593/884
f 1231/1593/884 1239/1605/875 1240/1606/876 1232/1594/885
f 1232/1594/885 1240/1606/876 1297/1676/877 1289/1668/886
f 1233/1595/870 1241/1607/861 1242/1608/860 1234/1596/869
f 1234/1596/869 1242/1608/860 1243/1609/862 1235/1597/871
f 1235/1597/871 1243/1609/862 1244/1610/863 1236/1599/872
f 1236/1599/872 1244/1610/863 1245/1611/864 1237/1601/873
f 1237/1601/873 1245/1611/864 1246/1612/865 1238/1603/874
f 1238/1603/874 1246/1612/865 1247/1614/866 1239/1604/875
f 1239/1605/875 1247/1613/866 1248/1615/867 1240/1606/876
f 1240/1606/876 1248/1615/867 1305/1693/868 1297/1676/877
f 1241/1607/861 1249/1618/852 1250/1619/851 1242/1608/860
f 1242/1608/860 1250/1619/851 1251/1620/853 1243/1609/862
f 1243/1609/862 1251/1620/853 1252/1621/854 1244/1610/863
f 1244/1610/863 1252/1621/854 1253/1622/855 1245/1611/864
f 1245/1611/864 1253/1622/855 1254/1623/856 1246/1612/865
f 1246/1612/865 1254/1623/856 1255/1624/857 1247/1614/866
f 1247/1614/866 1255/1624/857 1256/1625/858 1248/1616/867
f 1248/1617/867 1256/1626/858 1313/1703/859 1305/1694/868
f 1249/1618/852 1257/1627/843 1258/1628/842 1250/1619/851
f 1250/1619/851 1258/1628/842 1259/1629/844 1251/1620/853
f 1251/1620/853 1259/1629/844 1260/1630/845 1252/1621/854
f 1252/1621/854 1260/1630/845 1261/1631/846 1253/1622/855
f 1253/1622/855 1261/1631/846 1262/1632/847 1254/1623/856
f 1254/1623/856 1262/1632/847 1263/1633/848 1255/1624/857
f 1255/1624/857 1263/1633/848 1264/1634/849 1256/1625/858
f 1256/1626/858 1264/1635/849 1321/1712/850 1313/1703/859
f 1257/1627/843 1265/1636/834 1266/1637/833 1258/1628/842
f 1258/1628/842 1266/1637/833 1267/1638/835 1259/1629/844
f 1259/1629/844 1267/1638/835 1268/1639/836 1260/1630/845
f 1260/1630/845 1268/1639/836 1269/1640/837 1261/1631/846
f 1261/1631/846 1269/1640/837 1270/1641/838 1262/1632/847
f 1262/1632/847 1270/1641/838 1271/1642/839 1263/1633/848
f 1263/1633/848 1271/1642/839 1272/1643/840 1264/1634/849
f 1264/1635/849 1272/1644/840 1329/1721/841 1321/1712/850
f 1265/1636/834 1273/1645/825 1274/1646/824 1266/1637/833
f 1266/1637/833 1274/1646/824 1275/1647/826 1267/1638/835
f 1267/1638/835 1275/1647/826 1276/1648/827 1268/1639/836
f 1268/1639/836 1276/1648/827 1277/1649/828 1269/1640/837
f 1269/1640/837 1277/1649/828 1278/1650/829 1270/1641/838
f 1270/1641/838 1278/1650/829 1279/1651/830 1271/1642/839
f 1271/1642/839 1279/1651/830 1280/1653/831 1272/1643/840
f 1272/1644/840 1280/1654/831 1337/1731/832 1329/1721/841
f 1273/1645/825 1281/1656/809 1282/1657/808 1274/1646/824
f 1274/1646/824 1282/1657/808 1283/1658/811 1275/1647/826
f 1275/1647/826 1283/1658/811 1284/1659/813 1276/1648/827
f 1276/1648/827 1284/1659/813 1285/1661/815 1277/1649/828
f 1277/1649/828 1285/1661/815 1286/1663/817 1278/1650/829
f 1278/1650/829 1286/1663/817 1287/1665/819 1279/1651/830
f 1279/1652/830 1287/1666/819 1288/1667/821 1280/1655/831
f 1280/1655/831 1288/1667/821 1345/1741/823 1337/1730/832
f 1281/1656/809 1530/1976/806 1531/1977/807 1282/1657/808
f 1282/1657/808 1531/1977/807 1532/1979/810 1283/1658/811
f 1283/1658/811 1532/1979/810 1533/1981/812 1284/1659/813
f 1284/1660/813 1533/1982/812 1534/1983/814 1285/1662/815
f 1285/1662/815 1534/1983/814 1535/1984/816 1286/1664/817
f 1286/1664/817 1535/1984/816 1536/1985/818 1287/1666/819
f 1287/1666/819 1536/1985/818 1537/1986/820 1288/1667/821
f 1288/1667/821 1537/1986/820 1538/1987/822 1345/1741/823
f 1289/1668/886 1297/1676/877 1298/1678/943 1290/1669/951
f 1290/1669/951 1298/1678/943 1299/1680/944 1291/1670/952
f 1291/1670/952 1299/1680/944 1300/1682/945 1292/1671/953
f 1292/1671/953 1300/1682/945 1301/1684/946 1293/1672/954
f 1293/1672/954 1301/1684/946 1302/1686/947 1294/1673/955
f 1294/1673/955 1302/1686/947 1303/1688/948 1295/1674/956
f 1295/1674/956 1303/1688/948 1304/1690/949 1296/1675/957
f 1296/1675/957 1304/1690/949 1361/1765/950 1353/1757/958
f 1297/1677/877 1305/1694/868 1306/1695/935 1298/1679/943
f 1298/1679/943 1306/1695/935 1307/1696/936 1299/1681/944
f 1299/1681/944 1307/1696/936 1308/1697/937 1300/1683/945
f 1300/1683/945 1308/1697/937 1309/1698/938 1301/1685/946
f 1301/1685/946 1309/1698/938 1310/1699/939 1302/1687/947
f 1302/1687/947 1310/1699/939 1311/1700/940 1303/1689/948
f 1303/1689/948 1311/1700/940 1312/1701/941 1304/1691/949
f 1304/1692/949 1312/1702/941 1369/1781/942 1361/1766/950
f 1305/1694/868 1313/1703/859 1314/1704/927 1306/1695/935
f 1306/1695/935 1314/1704/927 1315/1705/928 1307/1696/936
f 1307/1696/936 1315/1705/928 1316/1706/929 1308/1697/937
f 1308/1697/937 1316/1706/929 1317/1707/930 1309/1698/938
f 1309/1698/938 1317/1707/930 1318/1708/931 1310/1699/939
f 1310/1699/939 1318/1708/931 1319/1709/932 1311/1700/940
f 1311/1700/940 1319/1709/932 1320/1710/933 1312/1701/941
f 1312/1702/941 1320/1711/933 1377/1789/934 1369/1781/942
f 1313/1703/859 1321/1712/850 1322/1713/919 1314/1704/927
f 1314/1704/927 1322/1713/919 1323/1714/920 1315/1705/928
f 1315/1705/928 1323/1714/920 1324/1715/921 1316/1706/929
f 1316/1706/929 1324/1715/921 1325/1716/922 1317/1707/930
f 1317/1707/930 1325/1716/922 1326/1717/923 1318/1708/931
f 1318/1708/931 1326/1717/923 1327/1718/924 1319/1709/932
f 1319/1709/932 1327/1718/924 1328/1719/925 1320/1710/933
f 1320/1711/933 1328/1720/925 1385/1797/926 1377/1789/934
f 1321/1712/850 1329/1721/841 1330/1722/911 1322/1713/919
f 1322/1713/919 1330/1722/911 1331/1723/912 1323/1714/920
f 1323/1714/920 1331/1723/912 1332/1724/913 1324/1715/921
f 1324/1715/921 1332/1724/913 1333/1725/914 1325/1716/922
f 1325/1716/922 1333/1725/914 1334/1726/915 1326/1717/923
f 1326/1717/923 1334/1726/915 1335/1727/916 1327/1718/924
f 1327/1718/924 1335/1727/916 1336/1728/917 1328/1719/925
f 1328/1720/925 1336/1729/917 1393/1805/918 1385/1797/926
f 1329/1721/841 1337/1731/832 1338/1732/903 1330/1722/911
f 1330/1722/911 1338/1732/903 1339/1733/904 1331/1723/912
f 1331/1723/912 1339/1733/904 1340/1734/905 1332/1724/913
f 1332/1724/913 1340/1734/905 1341/1735/906 1333/1725/914
f 1333/1725/914 1341/1735/906 1342/1736/907 1334/1726/915
f 1334/1726/915 1342/1736/907 1343/1737/908 1335/1727/916
f 1335/1727/916 1343/1737/908 1344/1738/909 1336/1728/917
f 1336/1729/917 1344/1739/909 1401/1813/910 1393/1805/918
f 1337/1731/832 1345/1740/823 1346/1742/888 1338/1732/903
f 1338/1732/903 1346/1742/888 1347/1744/890 1339/1733/904
f 1339/1733/904 1347/1744/890 1348/1746/892 1340/1734/905
f 1340/1734/905 1348/1746/892 1349/1748/894 1341/1735/906
f 1341/1735/906 1349/1748/894 1350/1750/896 1342/1736/907
f 1342/1736/907 1350/1750/896 1351/1752/898 1343/1737/908
f 1343/1737/908 1351/1752/898 1352/1754/900 1344/1738/909
f 1344/1739/909 1352/1755/900 1409/1821/902 1401/1813/910
f 1345/1741/823 1538/1987/822 1547/1998/887 1346/1743/888
f 1346/1743/888 1547/1998/887 1556/2008/889 1347/1745/890
f 1347/1745/890 1556/2008/889 1565/2017/891 1348/1747/892
f 1348/1747/892 1565/2017/891 1574/2026/893 1349/1749/894
f 1349/1749/894 1574/2026/893 1583/2035/895 1350/1751/896
f 1350/1751/896 1583/2035/895 1592/2044/897 1351/1753/898
f 1351/1753/898 1592/2044/897 1601/2053/899 1352/1756/900
f 1352/1756/900 1601/2053/899 1610/2062/901 1409/1822/902
f 1353/1757/958 1361/1765/950 1362/1767/1015 1354/1758/1023
f 1354/1758/1023 1362/1767/1015 1363/1769/1016 1355/1759/1024
f 1355/1759/1024 1363/1769/1016 1364/1771/1017 1356/1760/1025
f 1356/1760/1025 1364/1771/1017 1365/1773/1018 1357/1761/1026
f 1357/1761/1026 1365/1773/1018 1366/1775/1225 1358/1762/1027
f 1358/1762/1027 1366/1775/1225 1367/1777/1020 1359/1763/1226
f 1359/1763/1226 1367/1777/1020 1368/1779/1021 1360/1764/1029
f 1360/1764/1029 1368/1779/1021 1425/1848/1022 1417/1837/1030
f 1361/1766/950 1369/1781/942 1370/1782/1007 1362/1768/1015
f 1362/1768/1015 1370/1782/1007 1371/1783/1008 1363/1770/1016
f 1363/1770/1016 1371/1783/1008 1372/1784/1009 1364/1772/1017
f 1364/1772/1017 1372/1784/1009 1373/1785/1010 1365/1774/1018
f 1365/1774/1018 1373/1785/1010 1374/1786/1011 1366/1776/1225
f 1366/1776/1225 1374/1786/1011 1375/1787/1012 1367/1778/1020
f 1367/1778/1020 1375/1787/1012 1376/1788/1013 1368/1780/1021
f 1368/1780/1021 1376/1788/1013 1433/1861/1014 1425/1849/1022
f 1369/1781/942 1377/1789/934 1378/1790/999 1370/1782/1007
f 1370/1782/1007 1378/1790/999 1379/1791/1000 1371/1783/1008
f 1371/1783/1008 1379/1791/1000 1380/1792/1001 1372/1784/1009
f 1372/1784/1009 1380/1792/1001 1381/1793/1002 1373/1785/1010
f 1373/1785/1010 1381/1793/1002 1382/1794/1003 1374/1786/1011
f 1374/1786/1011 1382/1794/1003 1383/1795/1004 1375/1787/1012
f 1375/1787/1012 1383/1795/1004 1384/1796/1005 1376/1788/1013
f 1376/1788/1013 1384/1796/1005 1441/1873/1006 1433/1861/1014
f 1377/1789/934 1385/1797/926 1386/1798/991 1378/1790/999
f 1378/1790/999 1386/1798/991 1387/1799/992 1379/1791/1000
f 1379/1791/1000 1387/1799/992 1388/1800/993 1380/1792/1001
f 1380/1792/1001 1388/1800/993 1389/1801/994 1381/1793/1002
f 1381/1793/1002 1389/1801/994 1390/1802/995 1382/1794/1003
f 1382/1794/1003 1390/1802/995 1391/1803/996 1383/1795/1004
f 1383/1795/1004 1391/1803/996 1392/1804/997 1384/1796/1005
f 1384/1796/1005 1392/1804/997 1449/1882/998 1441/1873/1006
f 1385/1797/926 1393/1805/918 1394/1806/983 1386/1798/991
f 1386/1798/991 1394/1806/983 1395/1807/984 1387/1799/992
f 1387/1799/992 1395/1807/984 1396/1808/985 1388/1800/993
f 1388/1800/993 1396/1808/985 1397/1809/986 1389/1801/994
f 1389/1801/994 1397/1809/986 1398/1810/987 1390/1802/995
f 1390/1802/995 1398/1810/987 1399/1811/988 1391/1803/996
f 1391/1803/996 1399/1811/988 1400/1812/989 1392/1804/997
f 1392/1804/997 1400/1812/989 1457/1891/990 1449/1882/998
f 1393/1805/918 1401/1813/910 1402/1814/975 1394/1806/983
f 1394/1806/983 1402/1814/975 1403/1815/976 1395/1807/984
f 1395/1807/984 1403/1815/976 1404/1816/977 1396/1808/985
f 1396/1808/985 1404/1816/977 1405/1817/978 1397/1809/986
f 1397/1809/986 1405/1817/978 1406/1818/979 1398/1810/987
f 1398/1810/987 1406/1818/979 1407/1819/980 1399/1811/988
f 1399/1811/988 1407/1819/980 1408/1820/981 1400/1812/989
f 1400/1812/989 1408/1820/981 1465/1900/982 1457/1891/990
f 1401/1813/910 1409/1821/902 1410/1823/960 1402/1814/975
f 1402/1814/975 1410/1823/960 1411/1825/962 1403/1815/976
f 1403/1815/976 1411/1825/962 1412/1827/964 1404/1816/977
f 1404/1816/977 1412/1827/964 1413/1829/966 1405/1817/978
f 1405/1817/978 1413/1829/966 1414/1831/968 1406/1818/979
f 1406/1818/979 1414/1831/968 1415/1833/970 1407/1819/980
f 1407/1819/980 1415/1833/970 1416/1835/972 1408/1820/981
f 1408/1820/981 1416/1835/972 1473/1912/974 1465/1900/982
f 1409/1822/902 1610/2062/901 1609/2061/959 1410/1824/960
f 1410/1824/960 1609/2061/959 1608/2060/961 1411/1826/962
f 1411/1826/962 1608/2060/961 1607/2059/963 1412/1828/964
f 1412/1828/964 1607/2059/963 1606/2058/965 1413/1830/966
f 1413/1830/966 1606/2058/965 1605/2057/967 1414/1832/968
f 1414/1832/968 1605/2057/967 1604/2056/969 1415/1834/970
f 1415/1834/970 1604/2056/969 1603/2055/971 1416/1836/972
f 1416/1836/972 1603/2055/971 1602/2054/973 1473/1913/974
f 1417/1837/1030 1425/1848/1022 1426/1851/1080 1418/1838/1227
f 1418/1838/1227 1426/1851/1080 1427/1852/1081 1419/1839/1088
f 1419/1839/1088 1427/1852/1081 1428/1853/1082 1420/1840/1089
f 1420/1840/1089 1428/1853/1082 1429/1855/1083 1421/1841/1090
f 1421/1841/1090 1429/1855/1083 1430/1857/1084 1422/1843/1091
f 1422/1842/1091 1430/1858/1084 1431/1859/1085 1423/1844/1092
f 1423/1844/1092 1431/1859/1085 1432/1860/1086 1424/1847/1093
f 1424/1847/1093 1432/1860/1086 1233/1595/870 1225/1584/879
f 1425/1849/1022 1433/1861/1014 1434/1863/1073 1426/1850/1080
f 1426/1851/1080 1434/1862/1073 1435/1864/1074 1427/1852/1081
f 1427/1852/1081 1435/1864/1074 1436/1867/1075 1428/1853/1082
f 1428/1854/1082 1436/1868/1075 1437/1869/1076 1429/1856/1083
f 1429/1856/1083 1437/1869/1076 1438/1870/1228 1430/1858/1084
f 1430/1858/1084 1438/1870/1228 1439/1871/1078 1431/1859/1085
f 1431/1859/1085 1439/1871/1078 1440/1872/1079 1432/1860/1086
f 1432/1860/1086 1440/1872/1079 1241/1607/861 1233/1595/870
f 1433/1861/1014 1441/1873/1006 1442/1874/1066 1434/1863/1073
f 1434/1863/1073 1442/1874/1066 1443/1875/1067 1435/1865/1074
f 1435/1866/1074 1443/1876/1067 1444/1877/1229 1436/1868/1075
f 1436/1868/1075 1444/1877/1229 1445/1878/1069 1437/1869/1076
f 1437/1869/1076 1445/1878/1069 1446/1879/1070 1438/1870/1228
f 1438/1870/1228 1446/1879/1070 1447/1880/1071 1439/1871/1078
f 1439/1871/1078 1447/1880/1071 1448/1881/1072 1440/1872/1079
f 1440/1872/1079 1448/1881/1072 1249/1618/852 1241/1607/861
f 1441/1873/1006 1449/1882/998 1450/1883/1059 1442/1874/1066
f 1442/1874/1066 1450/1883/1059 1451/1884/1060 1443/1875/1067
f 1443/1876/1067 1451/1885/1060 1452/1886/1061 1444/1877/1229
f 1444/1877/1229 1452/1886/1061 1453/1887/1062 1445/1878/1069
f 1445/1878/1069 1453/1887/1062 1454/1888/1063 1446/1879/1070
f 1446/1879/1070 1454/1888/1063 1455/1889/1064 1447/1880/1071
f 1447/1880/1071 1455/1889/1064 1456/1890/1065 1448/1881/1072
f 1448/1881/1072 1456/1890/1065 1257/1627/843 1249/1618/852
f 1449/1882/998 1457/1891/990 1458/1892/1052 1450/1883/1059
f 1450/1883/1059 1458/1892/1052 1459/1893/1053 1451/1884/1060
f 1451/1885/1060 1459/1894/1053 1460/1895/1054 1452/1886/1061
f 1452/1886/1061 1460/1895/1054 1461/1896/1055 1453/1887/1062
f 1453/1887/1062 1461/1896/1055 1462/1897/1056 1454/1888/1063
f 1454/1888/1063 1462/1897/1056 1463/1898/1057 1455/1889/1064
f 1455/1889/1064 1463/1898/1057 1464/1899/1058 1456/1890/1065
f 1456/1890/1065 1464/1899/1058 1265/1636/834 1257/1627/843
f 1457/1891/990 1465/1900/982 1466/1901/1045 1458/1892/1052
f 1458/1892/1052 1466/1901/1045 1467/1903/1046 1459/1893/1053
f 1459/1894/1053 1467/1904/1046 1468/1907/1047 1460/1895/1054
f 1460/1895/1054 1468/1907/1047 1469/1908/1048 1461/1896/1055
f 1461/1896/1055 1469/1908/1048 1470/1909/1049 1462/1897/1056
f 1462/1897/1056 1470/1909/1049 1471/1910/1050 1463/1898/1057
f 1463/1898/1057 1471/1910/1050 1472/1911/1051 1464/1899/1058
f 1464/1899/1058 1472/1911/1051 1273/1645/825 1265/1636/834
f 1465/1900/982 1473/1912/974 1474/1914/1032 1466/1901/1045
f 1466/1902/1045 1474/1915/1032 1475/1916/1034 1467/1905/1046
f 1467/1905/1046 1475/1916/1034 1476/1918/1036 1468/1906/1047
f 1468/1907/1047 1476/1917/1036 1477/1919/1038 1469/1908/1048
f 1469/1908/1048 1477/1919/1038 1478/1921/1040 1470/1909/1049
f 1470/1909/1049 1478/1921/1040 1479/1924/1042 1471/1910/1050
f 1471/1910/1050 1479/1924/1042 1480/1925/1044 1472/1911/1051
f 1472/1911/1051 1480/1925/1044 1281/1656/809 1273/1645/825
f 1473/1913/974 1602/2054/973 1593/2045/1031 1474/1915/1032
f 1474/1915/1032 1593/2045/1031 1584/2036/1033 1475/1916/1034
f 1475/1916/1034 1584/2036/1033 1575/2027/1035 1476/1918/1036
f 1476/1918/1036 1575/2027/1035 1566/2018/1037 1477/1920/1038
f 1477/1920/1038 1566/2018/1037 1557/2009/1039 1478/1922/1040
f 1478/1922/1040 1557/2009/1039 1548/2000/1041 1479/1923/1042
f 1479/1924/1042 1548/1999/1041 1539/1988/1043 1480/1925/1044
f 1480/1925/1044 1539/1988/1043 1530/1976/806 1281/1656/809
f 1417/1837/1030 1418/1838/1227 1481/1926/1185 1360/1764/1029
f 1360/1764/1029 1481/1926/1185 1482/1927/1186 1359/1763/1226
f 1359/1763/1226 1482/1927/1186 1483/1928/1187 1358/1762/1027
f 1358/1762/1027 1483/1928/1187 1484/1929/1188 1357/1761/1026
f 1357/1761/1026 1484/1929/1188 1485/1930/1189 1356/1760/1025
f 1356/1760/1025 1485/1930/1189 1486/1931/1190 1355/1759/1024
f 1355/1759/1024 1486/1931/1190 1487/1932/1191 1354/1758/1023
f 1354/1758/1023 1487/1932/1191 1296/1675/957 1353/1757/958
f 1418/1838/1227 1419/1839/1088 1488/1933/1230 1481/1926/1185
f 1481/1926/1185 1488/1933/1230 1489/1934/1179 1482/1927/1186
f 1482/1927/1186 1489/1934/1179 1490/1935/1180 1483/1928/1187
f 1483/1928/1187 1490/1935/1180 1491/1936/1181 1484/1929/1188
f 1484/1929/1188 1491/1936/1181 1492/1937/1182 1485/1930/1189
f 1485/1930/1189 1492/1937/1182 1493/1938/1183 1486/1931/1190
f 1486/1931/1190 1493/1938/1183 1494/1939/1184 1487/1932/1191
f 1487/1932/1191 1494/1939/1184 1295/1674/956 1296/1675/957
f 1419/1839/1088 1420/1840/1089 1495/1940/1171 1488/1933/1230
f 1488/1933/1230 1495/1940/1171 1496/1941/1172 1489/1934/1179
f 1489/1934/1179 1496/1941/1172 1497/1942/1173 1490/1935/1180
f 1490/1935/1180 1497/1942/1173 1498/1943/1231 1491/1936/1181
f 1491/1936/1181 1498/1943/1231 1499/1944/1175 1492/1937/1182
f 1492/1937/1182 1499/1944/1175 1500/1945/1176 1493/1938/1183
f 1493/1938/1183 1500/1945/1176 1501/1946/1177 1494/1939/1184
f 1494/1939/1184 1501/1946/1177 1294/1673/955 1295/1674/956
f 1420/1840/1089 1421/1841/1090 1502/1947/1164 1495/1940/1171
f 1495/1940/1171 1502/1947/1164 1503/1948/1165 1496/1941/1172
f 1496/1941/1172 1503/1948/1165 1504/1949/1166 1497/1942/1173
f 1497/1942/1173 1504/1949/1166 1505/1950/1167 1498/1943/1231
f 1498/1943/1231 1505/1950/1167 1506/1951/1168 1499/1944/1175
f 1499/1944/1175 1506/1951/1168 1507/1952/1169 1500/1945/1176
f 1500/1945/1176 1507/1952/1169 1508/1953/1170 1501/1946/1177
f 1501/1946/1177 1508/1953/1170 1293/1672/954 1294/1673/955
f 1421/1841/1090 1422/1843/1091 1509/1954/1157 1502/1947/1164
f 1502/1947/1164 1509/1954/1157 1510/1955/1158 1503/1948/1165
f 1503/1948/1165 1510/1955/1158 1511/1956/1159 1504/1949/1166
f 1504/1949/1166 1511/1956/1159 1512/1957/1160 1505/1950/1167
f 1505/1950/1167 1512/1957/1160 1513/1958/1161 1506/1951/1168
f 1506/1951/1168 1513/1958/1161 1514/1959/1162 1507/1952/1169
f 1507/1952/1169 1514/1959/1162 1515/1960/1163 1508/1953/1170
f 1508/1953/1170 1515/1960/1163 1292/1671/953 1293/1672/954
f 1422/1843/1091 1423/1845/1092 1516/1961/1150 1509/1954/1157
f 1509/1954/1157 1516/1961/1150 1517/1962/1151 1510/1955/1158
f 1510/1955/1158 1517/1962/1151 1518/1963/1152 1511/1956/1159
f 1511/1956/1159 1518/1963/1152 1519/1964/1153 1512/1957/1160
f 1512/1957/1160 1519/1964/1153 1520/1965/1232 1513/1958/1161
f 1513/1958/1161 1520/1965/1232 1521/1966/1155 1514/1959/1162
f 1514/1959/1162 1521/1966/1155 1522/1967/1156 1515/1960/1163
f 1515/1960/1163 1522/1967/1156 1291/1670/952 1292/1671/953
f 1423/1845/1092 1424/1846/1093 1523/1969/1143 1516/1961/1150
f 1516/1961/1150 1523/1969/1143 1524/1970/1144 1517/1962/1151
f 1517/1962/1151 1524/1970/1144 1525/1971/1145 1518/1963/1152
f 1518/1963/1152 1525/1971/1145 1526/1972/1146 1519/1964/1153
f 1519/1964/1153 1526/1972/1146 1527/1973/1147 1520/1965/1232
f 1520/1965/1232 1527/1973/1147 1528/1974/1148 1521/1966/1155
f 1521/1966/1155 1528/1974/1148 1529/1975/1149 1522/1967/1156
f 1522/1967/1156 1529/1975/1149 1290/1669/951 1291/1670/952
f 1424/1847/1093 1225/1584/879 1226/1585/878 1523/1968/1143
f 1523/1969/1143 1226/1586/878 1227/1588/880 1524/1970/1144
f 1524/1970/1144 1227/1588/880 1228/1590/881 1525/1971/1145
f 1525/1971/1145 1228/1590/881 1229/1591/882 1526/1972/1146
f 1526/1972/1146 1229/1591/882 1230/1592/883 1527/1973/1147
f 1527/1973/1147 1230/1592/883 1231/1593/884 1528/1974/1148
f 1528/1974/1148 1231/1593/884 1232/1594/885 1529/1975/1149
f 1529/1975/1149 1232/1594/885 1289/1668/886 1290/1669/951
f 1530/1976/806 1539/1988/1043 1540/1990/1136 1531/1977/807
f 1531/1978/807 1540/1991/1136 1541/1992/1137 1532/1980/810
f 1532/1980/810 1541/1992/1137 1542/1993/1138 1533/1982/812
f 1533/1982/812 1542/1993/1138 1543/1994/1139 1534/1983/814
f 1534/1983/814 1543/1994/1139 1544/1995/1140 1535/1984/816
f 1535/1984/816 1544/1995/1140 1545/1996/1141 1536/1985/818
f 1536/1985/818 1545/1996/1141 1546/1997/1142 1537/1986/820
f 1537/1986/820 1546/1997/1142 1547/1998/887 1538/1987/822
f 1539/1989/1043 1548/2000/1041 1549/2001/1129 1540/1991/1136
f 1540/1991/1136 1549/2001/1129 1550/2002/1130 1541/1992/1137
f 1541/1992/1137 1550/2002/1130 1551/2003/1131 1542/1993/1138
f 1542/1993/1138 1551/2003/1131 1552/2004/1132 1543/1994/1139
f 1543/1994/1139 1552/2004/1132 1553/2005/1133 1544/1995/1140
f 1544/1995/1140 1553/2005/1133 1554/2006/1134 1545/1996/1141
f 1545/1996/1141 1554/2006/1134 1555/2007/1233 1546/1997/1142
f 1546/1997/1142 1555/2007/1233 1556/2008/889 1547/1998/887
f 1548/2000/1041 1557/2009/1039 1558/2010/1122 1549/2001/1129
f 1549/2001/1129 1558/2010/1122 1559/2011/1123 1550/2002/1130
f 1550/2002/1130 1559/2011/1123 1560/2012/1124 1551/2003/1131
f 1551/2003/1131 1560/2012/1124 1561/2013/1234 1552/2004/1132
f 1552/2004/1132 1561/2013/1234 1562/2014/1126 1553/2005/1133
f 1553/2005/1133 1562/2014/1126 1563/2015/1127 1554/2006/1134
f 1554/2006/1134 1563/2015/1127 1564/2016/1128 1555/2007/1233
f 1555/2007/1233 1564/2016/1128 1565/2017/891 1556/2008/889
f 1557/2009/1039 1566/2018/1037 1567/2019/1115 1558/2010/1122
f 1558/2010/1122 1567/2019/1115 1568/2020/1116 1559/2011/1123
f 1559/2011/1123 1568/2020/1116 1569/2021/1117 1560/2012/1124
f 1560/2012/1124 1569/2021/1117 1570/2022/1118 1561/2013/1234
f 1561/2013/1234 1570/2022/1118 1571/2023/1119 1562/2014/1126
f 1562/2014/1126 1571/2023/1119 1572/2024/1120 1563/2015/1127
f 1563/2015/1127 1572/2024/1120 1573/2025/1121 1564/2016/1128
f 1564/2016/1128 1573/2025/1121 1574/2026/893 1565/2017/891
f 1566/2018/1037 1575/2027/1035 1576/2028/1108 1567/2019/1115
f 1567/2019/1115 1576/2028/1108 1577/2029/1109 1568/2020/1116
f 1568/2020/1116 1577/2029/1109 1578/2030/1110 1569/2021/1117
f 1569/2021/1117 1578/2030/1110 1579/2031/1111 1570/2022/1118
f 1570/2022/1118 1579/2031/1111 1580/2032/1112 1571/2023/1119
f 1571/2023/1119 1580/2032/1112 1581/2033/1113 1572/2024/1120
f 1572/2024/1120 1581/2033/1113 1582/2034/1114 1573/2025/1121
f 1573/2025/1121 1582/2034/1114 1583/2035/895 1574/2026/893
f 1575/2027/1035 1584/2036/1033 1585/2037/1101 1576/2028/1108
f 1576/2028/1108 1585/2037/1101 1586/2038/1102 1577/2029/1109
f 1577/2029/1109 1586/2038/1102 1587/2039/1235 1578/2030/1110
f 1578/2030/1110 1587/2039/1235 1588/2040/1104 1579/2031/1111
f 1579/2031/1111 1588/2040/1104 1589/2041/1105 1580/2032/1112
f 1580/2032/1112 1589/2041/1105 1590/2042/1106 1581/2033/1113
f 1581/2033/1113 1590/2042/1106 1591/2043/1107 1582/2034/1114
f 1582/2034/1114 1591/2043/1107 1592/2044/897 1583/2035/895
f 1584/2036/1033 1593/2045/1031 1594/2046/1094 1585/2037/1101
f 1585/2037/1101 1594/2046/1094 1595/2047/1095 1586/2038/1102
f 1586/2038/1102 1595/2047/1095 1596/2048/1096 1587/2039/1235
f 1587/2039/1235 1596/2048/1096 1597/2049/1097 1588/2040/1104
f 1588/2040/1104 1597/2049/1097 1598/2050/1098 1589/2041/1105
f 1589/2041/1105 1598/2050/1098 1599/2051/1099 1590/2042/1106
f 1590/2042/1106 1599/2051/1099 1600/2052/1100 1591/2043/1107
f 1591/2043/1107 1600/2052/1100 1601/2053/899 1592/2044/897
f 1593/2045/1031 1602/2054/973 1603/2055/971 1594/2046/1094
f 1594/2046/1094 1603/2055/971 1604/2056/969 1595/2047/1095
f 1595/2047/1095 1604/2056/969 1605/2057/967 1596/2048/1096
f 1596/2048/1096 1605/2057/967 1606/2058/965 1597/2049/1097
f 1597/2049/1097 1606/2058/965 1607/2059/963 1598/2050/1098
f 1598/2050/1098 1607/2059/963 1608/2060/961 1599/2051/1099
f 1599/2051/1099 1608/2060/961 1609/2061/959 1600/2052/1100
f 1600/2052/1100 1609/2061/959 1610/2062/901 1601/2053/899
f 1611/2064/1236 1643/2133/1237 1612/2065/1238
f 1612/2065/1238 1643/2133/1237 1613/2067/1239
f 1613/2067/1239 1643/2133/1237 1614/2069/1240
f 1614/2070/1240 1643/2128/1237 1615/2072/1241
f 1615/2072/1241 1643/2128/1237 1616/2074/1242
f 1616/2074/1242 1643/2128/1237 1617/2076/1243
f 1617/2076/1243 1643/2128/1237 1618/2078/1244
f 1618/2078/1244 1643/2128/1237 1619/2080/1245
f 1619/2080/1245 1643/2128/1237 1620/2082/1246
f 1620/2082/1246 1643/2128/1237 1621/2084/1247
f 1621/2085/1247 1643/2129/1237 1622/2087/1248
f 1622/2087/1248 1643/2129/1237 1623/2089/1249
f 1623/2089/1249 1643/2129/1237 1624/2091/1250
f 1624/2091/1250 1643/2129/1237 1625/2093/1251
f 1625/2093/1251 1643/2129/1237 1626/2095/1252
f 1626/2096/1252 1643/2130/1237 1627/2097/1253
f 1627/2097/1253 1643/2130/1237 1628/2098/1254
f 1628/2098/1254 1643/2130/1237 1629/2099/1255
f 1629/2099/1255 1643/2130/1237 1630/2101/1256
f 1630/2100/1256 1643/2131/1237 1631/2102/1257
f 1631/2103/1257 1643/2132/1237 1632/2105/1258
f 1632/2105/1258 1643/2132/1237 1633/2107/1259
f 1633/2107/1259 1643/2132/1237 1634/2109/1260
f 1634/2109/1260 1643/2132/1237 1635/2111/1261
f 1635/2111/1261 1643/2132/1237 1636/2113/1262
f 1636/2113/1262 1643/2132/1237 1637/2115/1263
f 1637/2115/1263 1643/2132/1237 1638/2117/1264
f 1638/2118/1264 1643/2133/1237 1639/2120/1265
f 1639/2120/1265 1643/2133/1237 1640/2122/1266
f 1640/2122/1266 1643/2133/1237 1641/2125/1267
f 1611/2063/1236 1612/2066/1238 1613/2068/1239 1614/2071/1240 1615/2073/1241 1616/2075/1242 1617/2077/1243 1618/2079/1244 1619/2081/1245 1620/2083/1246 1621/2086/1247 1622/2088/1248 1623/2090/1249 1624/2092/1250 1625/2094/1251 1626/2096/1252 1627/2097/1253 1628/2098/1254 1629/2099/1255 1630/2101/1256 1631/2104/1257 1632/2106/1258 1633/2108/1259 1634/2110/1260 1635/2112/1261 1636/2114/1262 1637/2116/1263 1638/2119/1264 1639/2121/1265 1640/2123/1266 1641/2124/1267 1642/2126/1268
f 1641/2125/1267 1643/2133/1237 1642/2127/1268
f 1642/2127/1268 1643/2133/1237 1611/2064/1236
f 1644/2134/1269 1645/2135/1270 1653/2143/1271 1652/2142/1272
f 1645/2135/1270 1646/2136/1273 1654/2144/1274 1653/2143/1271
f 1646/2136/1273 1647/2137/1275 1655/2145/1276 1654/2144/1274
f 1647/2137/1275 1648/2138/1277 1656/2146/1278 1655/2145/1276
f 1648/2138/1277 1649/2139/1279 1657/2147/1280 1656/2146/1278
f 1649/2139/1279 1650/2140/1281 1658/2148/1282 1657/2147/1280
f 1650/2140/1281 1651/2141/1283 1659/2149/1284 1658/2148/1282
f 1651/2141/1283 1708/2213/1285 1716/2225/1286 1659/2149/1284
f 1652/2142/1272 1653/2143/1271 1661/2152/1287 1660/2151/1288
f 1653/2143/1271 1654/2144/1274 1662/2153/1289 1661/2152/1287
f 1654/2144/1274 1655/2145/1276 1663/2154/1290 1662/2153/1289
f 1655/2145/1276 1656/2146/1278 1664/2155/1291 1663/2154/1290
f 1656/2146/1278 1657/2147/1280 1665/2156/1292 1664/2155/1291
f 1657/2147/1280 1658/2148/1282 1666/2158/1293 1665/2156/1292
f 1658/2148/1282 1659/2149/1284 1667/2160/1294 1666/2158/1293
f 1659/2150/1284 1716/2226/1286 1724/2238/1295 1667/2161/1294
f 1660/2151/1288 1661/2152/1287 1669/2164/1296 1668/2163/1297
f 1661/2152/1287 1662/2153/1289 1670/2165/1298 1669/2164/1296
f 1662/2153/1289 1663/2154/1290 1671/2166/1299 1670/2165/1298
f 1663/2154/1290 1664/2155/1291 1672/2168/1300 1671/2166/1299
f 1664/2155/1291 1665/2156/1292 1673/2170/1301 1672/2168/1300
f 1665/2157/1292 1666/2159/1293 1674/2172/1302 1673/2171/1301
f 1666/2159/1293 1667/2162/1294 1675/2173/1303 1674/2172/1302
f 1667/2162/1294 1724/2237/1295 1732/2248/1304 1675/2173/1303
f 1668/2163/1297 1669/2164/1296 1677/2175/1305 1676/2174/1306
f 1669/2164/1296 1670/2165/1298 1678/2177/1307 1677/2175/1305
f 1670/2165/1298 1671/2166/1299 1679/2179/1308 1678/2177/1307
f 1671/2167/1299 1672/2169/1300 1680/2181/1309 1679/2180/1308
f 1672/2169/1300 1673/2171/1301 1681/2182/1310 1680/2181/1309
f 1673/2171/1301 1674/2172/1302 1682/2183/1311 1681/2182/1310
f 1674/2172/1302 1675/2173/1303 1683/2184/1312 1682/2183/1311
f 1675/2173/1303 1732/2248/1304 1740/2259/1313 1683/2184/1312
f 1676/2174/1306 1677/2175/1305 1685/2187/1314 1684/2186/1315
f 1677/2176/1305 1678/2178/1307 1686/2189/1316 1685/2188/1314
f 1678/2178/1307 1679/2180/1308 1687/2190/1317 1686/2189/1316
f 1679/2180/1308 1680/2181/1309 1688/2191/1318 1687/2190/1317
f 1680/2181/1309 1681/2182/1310 1689/2192/1319 1688/2191/1318
f 1681/2182/1310 1682/2183/1311 1690/2193/1320 1689/2192/1319
f 1682/2183/1311 1683/2184/1312 1691/2194/1321 1690/2193/1320
f 1683/2184/1312 1740/2259/1313 1748/2269/1322 1691/2194/1321
f 1684/2185/1315 1685/2188/1314 1693/2197/1323 1692/2196/1324
f 1685/2188/1314 1686/2189/1316 1694/2198/1325 1693/2197/1323
f 1686/2189/1316 1687/2190/1317 1695/2199/1326 1694/2198/1325
f 1687/2190/1317 1688/2191/1318 1696/2200/1327 1695/2199/1326
f 1688/2191/1318 1689/2192/1319 1697/2201/1328 1696/2200/1327
f 1689/2192/1319 1690/2193/1320 1698/2202/1329 1697/2201/1328
f 1690/2193/1320 1691/2194/1321 1699/2203/1330 1698/2202/1329
f 1691/2194/1321 1748/2269/1322 1756/2279/1331 1699/2203/1330
f 1692/2196/1324 1693/2197/1323 1701/2205/1332 1700/2204/1333
f 1693/2197/1323 1694/2198/1325 1702/2206/1334 1701/2205/1332
f 1694/2198/1325 1695/2199/1326 1703/2207/1335 1702/2206/1334
f 1695/2199/1326 1696/2200/1327 1704/2208/1336 1703/2207/1335
f 1696/2200/1327 1697/2201/1328 1705/2209/1337 1704/2208/1336
f 1697/2201/1328 1698/2202/1329 1706/2210/1338 1705/2209/1337
f 1698/2202/1329 1699/2203/1330 1707/2211/1339 1706/2210/1338
f 1699/2203/1330 1756/2279/1331 1764/2290/1340 1707/2211/1339
f 1700/2204/1333 1701/2205/1332 1950/2522/1341 1949/2521/1342
f 1701/2205/1332 1702/2206/1334 1951/2523/1343 1950/2522/1341
f 1702/2206/1334 1703/2207/1335 1952/2524/1344 1951/2523/1343
f 1703/2207/1335 1704/2208/1336 1953/2525/1345 1952/2524/1344
f 1704/2208/1336 1705/2209/1337 1954/2526/1346 1953/2525/1345
f 1705/2209/1337 1706/2210/1338 1955/2527/1347 1954/2526/1346
f 1706/2210/1338 1707/2211/1339 1956/2528/1348 1955/2527/1347
f 1707/2211/1339 1764/2290/1340 1957/2529/1349 1956/2528/1348
f 1708/2212/1285 1709/2214/1350 1717/2227/1351 1716/2226/1286
f 1709/2214/1350 1710/2217/1352 1718/2228/1353 1717/2227/1351
f 1710/2217/1352 1711/2218/1354 1719/2229/1355 1718/2228/1353
f 1711/2218/1354 1712/2220/1356 1720/2231/1357 1719/2229/1355
f 1712/2221/1356 1713/2222/1358 1721/2232/1359 1720/2230/1357
f 1713/2222/1358 1714/2223/1360 1722/2235/1361 1721/2232/1359
f 1714/2223/1360 1715/2224/1362 1723/2236/1363 1722/2235/1361
f 1715/2224/1362 1772/2302/1364 1780/2310/1365 1723/2236/1363
f 1716/2226/1286 1717/2227/1351 1725/2239/1366 1724/2238/1295
f 1717/2227/1351 1718/2228/1353 1726/2240/1367 1725/2239/1366
f 1718/2228/1353 1719/2229/1355 1727/2241/1368 1726/2240/1367
f 1719/2229/1355 1720/2231/1357 1728/2242/1369 1727/2241/1368
f 1720/2231/1357 1721/2233/1359 1729/2243/1370 1728/2242/1369
f 1721/2233/1359 1722/2234/1361 1730/2245/1371 1729/2243/1370
f 1722/2235/1361 1723/2236/1363 1731/2247/1372 1730/2244/1371
f 1723/2236/1363 1780/2310/1365 1788/2318/1373 1731/2247/1372
f 1724/2238/1295 1725/2239/1366 1733/2250/1374 1732/2249/1304
f 1725/2239/1366 1726/2240/1367 1734/2251/1375 1733/2250/1374
f 1726/2240/1367 1727/2241/1368 1735/2252/1376 1734/2251/1375
f 1727/2241/1368 1728/2242/1369 1736/2253/1377 1735/2252/1376
f 1728/2242/1369 1729/2243/1370 1737/2254/1378 1736/2253/1377
f 1729/2243/1370 1730/2245/1371 1738/2255/1379 1737/2254/1378
f 1730/2245/1371 1731/2246/1372 1739/2256/1380 1738/2255/1379
f 1731/2247/1372 1788/2318/1373 1796/2326/1381 1739/2257/1380
f 1732/2249/1304 1733/2250/1374 1741/2261/1382 1740/2258/1313
f 1733/2250/1374 1734/2251/1375 1742/2262/1383 1741/2261/1382
f 1734/2251/1375 1735/2252/1376 1743/2263/1384 1742/2262/1383
f 1735/2252/1376 1736/2253/1377 1744/2264/1385 1743/2263/1384
f 1736/2253/1377 1737/2254/1378 1745/2265/1386 1744/2264/1385
f 1737/2254/1378 1738/2255/1379 1746/2266/1387 1745/2265/1386
f 1738/2255/1379 1739/2256/1380 1747/2268/1388 1746/2266/1387
f 1739/2257/1380 1796/2326/1381 1804/2335/1389 1747/2267/1388
f 1740/2259/1313 1741/2260/1382 1749/2271/1390 1748/2269/1322
f 1741/2261/1382 1742/2262/1383 1750/2273/1391 1749/2270/1390
f 1742/2262/1383 1743/2263/1384 1751/2274/1392 1750/2273/1391
f 1743/2263/1384 1744/2264/1385 1752/2275/1393 1751/2274/1392
f 1744/2264/1385 1745/2265/1386 1753/2276/1394 1752/2275/1393
f 1745/2265/1386 1746/2266/1387 1754/2277/1395 1753/2276/1394
f 1746/2266/1387 1747/2268/1388 1755/2278/1396 1754/2277/1395
f 1747/2268/1388 1804/2334/1389 1812/2343/1397 1755/2278/1396
f 1748/2269/1322 1749/2271/1390 1757/2280/1398 1756/2279/1331
f 1749/2271/1390 1750/2272/1391 1758/2282/1399 1757/2280/1398
f 1750/2273/1391 1751/2274/1392 1759/2284/1400 1758/2281/1399
f 1751/2274/1392 1752/2275/1393 1760/2285/1401 1759/2284/1400
f 1752/2275/1393 1753/2276/1394 1761/2286/1402 1760/2285/1401
f 1753/2276/1394 1754/2277/1395 1762/2287/1403 1761/2286/1402
f 1754/2277/1395 1755/2278/1396 1763/2288/1404 1762/2287/1403
f 1755/2278/1396 1812/2343/1397 1820/2360/1405 1763/2288/1404
f 1756/2279/1331 1757/2280/1398 1765/2291/1406 1764/2290/1340
f 1757/2280/1398 1758/2282/1399 1766/2292/1407 1765/2291/1406
f 1758/2282/1399 1759/2283/1400 1767/2294/1408 1766/2292/1407
f 1759/2284/1400 1760/2285/1401 1768/2296/1409 1767/2293/1408
f 1760/2285/1401 1761/2286/1402 1769/2297/1410 1768/2296/1409
f 1761/2286/1402 1762/2287/1403 1770/2298/1411 1769/2297/1410
f 1762/2287/1403 1763/2288/1404 1771/2300/1412 1770/2298/1411
f 1763/2289/1404 1820/2361/1405 1828/2369/1413 1771/2301/1412
f 1764/2290/1340 1765/2291/1406 1966/2538/1414 1957/2529/1349
f 1765/2291/1406 1766/2292/1407 1975/2547/1415 1966/2538/1414
f 1766/2292/1407 1767/2294/1408 1984/2556/1416 1975/2547/1415
f 1767/2294/1408 1768/2295/1409 1993/2567/1417 1984/2556/1416
f 1768/2296/1409 1769/2297/1410 2002/2584/1418 1993/2566/1417
f 1769/2297/1410 1770/2298/1411 2011/2595/1419 2002/2584/1418
f 1770/2299/1411 1771/2301/1412 2020/2605/1420 2011/2596/1419
f 1771/2301/1412 1828/2369/1413 2029/2614/1421 2020/2605/1420
f 1772/2302/1364 1773/2303/1422 1781/2311/1423 1780/2310/1365
f 1773/2303/1422 1774/2304/1424 1782/2312/1425 1781/2311/1423
f 1774/2304/1424 1775/2305/1426 1783/2313/1427 1782/2312/1425
f 1775/2305/1426 1776/2306/1428 1784/2314/1429 1783/2313/1427
f 1776/2306/1428 1777/2307/1430 1785/2315/1431 1784/2314/1429
f 1777/2307/1430 1778/2308/1432 1786/2316/1433 1785/2315/1431
f 1778/2308/1432 1779/2309/1434 1787/2317/1435 1786/2316/1433
f 1779/2309/1434 1836/2377/1436 1844/2387/1437 1787/2317/1435
f 1780/2310/1365 1781/2311/1423 1789/2319/1438 1788/2318/1373
f 1781/2311/1423 1782/2312/1425 1790/2320/1439 1789/2319/1438
f 1782/2312/1425 1783/2313/1427 1791/2321/1440 1790/2320/1439
f 1783/2313/1427 1784/2314/1429 1792/2322/1441 1791/2321/1440
f 1784/2314/1429 1785/2315/1431 1793/2323/1442 1792/2322/1441
f 1785/2315/1431 1786/2316/1433 1794/2324/1443 1793/2323/1442
f 1786/2316/1433 1787/2317/1435 1795/2325/1444 1794/2324/1443
f 1787/2317/1435 1844/2387/1437 1852/2396/1445 1795/2325/1444
f 1788/2318/1373 1789/2319/1438 1797/2327/1446 1796/2326/1381
f 1789/2319/1438 1790/2320/1439 1798/2328/1447 1797/2327/1446
f 1790/2320/1439 1791/2321/1440 1799/2329/1448 1798/2328/1447
f 1791/2321/1440 1792/2322/1441 1800/2330/1449 1799/2329/1448
f 1792/2322/1441 1793/2323/1442 1801/2331/1450 1800/2330/1449
f 1793/2323/1442 1794/2324/1443 1802/2332/1451 1801/2331/1450
f 1794/2324/1443 1795/2325/1444 1803/2333/1452 1802/2332/1451
f 1795/2325/1444 1852/2396/1445 1860/2405/1453 1803/2333/1452
f 1796/2326/1381 1797/2327/1446 1805/2336/1454 1804/2335/1389
f 1797/2327/1446 1798/2328/1447 1806/2337/1455 1805/2336/1454
f 1798/2328/1447 1799/2329/1448 1807/2338/1456 1806/2337/1455
f 1799/2329/1448 1800/2330/1449 1808/2339/1457 1807/2338/1456
f 1800/2330/1449 1801/2331/1450 1809/2340/1458 1808/2339/1457
f 1801/2331/1450 1802/2332/1451 1810/2341/1459 1809/2340/1458
f 1802/2332/1451 1803/2333/1452 1811/2342/1460 1810/2341/1459
f 1803/2333/1452 1860/2405/1453 1868/2414/1461 1811/2342/1460
f 1804/2335/1389 1805/2336/1454 1813/2346/1462 1812/2344/1397
f 1805/2336/1454 1806/2337/1455 1814/2348/1463 1813/2346/1462
f 1806/2337/1455 1807/2338/1456 1815/2350/1464 1814/2348/1463
f 1807/2338/1456 1808/2339/1457 1816/2352/1465 1815/2350/1464
f 1808/2339/1457 1809/2340/1458 1817/2354/1466 1816/2352/1465
f 1809/2340/1458 1810/2341/1459 1818/2356/1467 1817/2354/1466
f 1810/2341/1459 1811/2342/1460 1819/2358/1468 1818/2356/1467
f 1811/2342/1460 1868/2414/1461 1876/2425/1469 1819/2358/1468
f 1812/2345/1397 1813/2347/1462 1821/2362/1470 1820/2361/1405
f 1813/2347/1462 1814/2349/1463 1822/2363/1471 1821/2362/1470
f 1814/2349/1463 1815/2351/1464 1823/2364/1472 1822/2363/1471
f 1815/2351/1464 1816/2353/1465 1824/2365/1473 1823/2364/1472
f 1816/2353/1465 1817/2355/1466 1825/2366/1474 1824/2365/1473
f 1817/2355/1466 1818/2357/1467 1826/2367/1475 1825/2366/1474
f 1818/2357/1467 1819/2359/1468 1827/2368/1476 1826/2367/1475
f 1819/2359/1468 1876/2426/1469 1884/2437/1477 1827/2368/1476
f 1820/2361/1405 1821/2362/1470 1829/2370/1478 1828/2369/1413
f 1821/2362/1470 1822/2363/1471 1830/2371/1479 1829/2370/1478
f 1822/2363/1471 1823/2364/1472 1831/2372/1480 1830/2371/1479
f 1823/2364/1472 1824/2365/1473 1832/2373/1481 1831/2372/1480
f 1824/2365/1473 1825/2366/1474 1833/2374/1482 1832/2373/1481
f 1825/2366/1474 1826/2367/1475 1834/2375/1483 1833/2374/1482
f 1826/2367/1475 1827/2368/1476 1835/2376/1484 1834/2375/1483
f 1827/2368/1476 1884/2437/1477 1892/2451/1485 1835/2376/1484
f 1828/2369/1413 1829/2370/1478 2028/2613/1486 2029/2614/1421
f 1829/2370/1478 1830/2371/1479 2027/2612/1487 2028/2613/1486
f 1830/2371/1479 1831/2372/1480 2026/2611/1488 2027/2612/1487
f 1831/2372/1480 1832/2373/1481 2025/2610/1489 2026/2611/1488
f 1832/2373/1481 1833/2374/1482 2024/2609/1490 2025/2610/1489
f 1833/2374/1482 1834/2375/1483 2023/2608/1491 2024/2609/1490
f 1834/2375/1483 1835/2376/1484 2022/2607/1492 2023/2608/1491
f 1835/2376/1484 1892/2451/1485 2021/2606/1493 2022/2607/1492
f 1836/2377/1436 1837/2378/1494 1845/2388/1495 1844/2387/1437
f 1837/2378/1494 1838/2380/1496 1846/2389/1497 1845/2388/1495
f 1838/2379/1496 1839/2382/1498 1847/2391/1499 1846/2390/1497
f 1839/2382/1498 1840/2383/1500 1848/2392/1501 1847/2391/1499
f 1840/2383/1500 1841/2384/1502 1849/2393/1503 1848/2392/1501
f 1841/2384/1502 1842/2385/1504 1850/2394/1505 1849/2393/1503
f 1842/2385/1504 1843/2386/1506 1851/2395/1507 1850/2394/1505
f 1843/2386/1506 1644/2134/1269 1652/2142/1272 1851/2395/1507
f 1844/2387/1437 1845/2388/1495 1853/2397/1508 1852/2396/1445
f 1845/2388/1495 1846/2389/1497 1854/2398/1509 1853/2397/1508
f 1846/2390/1497 1847/2391/1499 1855/2400/1510 1854/2399/1509
f 1847/2391/1499 1848/2392/1501 1856/2401/1511 1855/2400/1510
f 1848/2392/1501 1849/2393/1503 1857/2402/1512 1856/2401/1511
f 1849/2393/1503 1850/2394/1505 1858/2403/1513 1857/2402/1512
f 1850/2394/1505 1851/2395/1507 1859/2404/1514 1858/2403/1513
f 1851/2395/1507 1652/2142/1272 1660/2151/1288 1859/2404/1514
f 1852/2396/1445 1853/2397/1508 1861/2406/1515 1860/2405/1453
f 1853/2397/1508 1854/2398/1509 1862/2407/1516 1861/2406/1515
f 1854/2399/1509 1855/2400/1510 1863/2409/1517 1862/2408/1516
f 1855/2400/1510 1856/2401/1511 1864/2410/1518 1863/2409/1517
f 1856/2401/1511 1857/2402/1512 1865/2411/1519 1864/2410/1518
f 1857/2402/1512 1858/2403/1513 1866/2412/1520 1865/2411/1519
f 1858/2403/1513 1859/2404/1514 1867/2413/1521 1866/2412/1520
f 1859/2404/1514 1660/2151/1288 1668/2163/1297 1867/2413/1521
f 1860/2405/1453 1861/2406/1515 1869/2415/1522 1868/2414/1461
f 1861/2406/1515 1862/2407/1516 1870/2417/1523 1869/2415/1522
f 1862/2408/1516 1863/2409/1517 1871/2420/1524 1870/2419/1523
f 1863/2409/1517 1864/2410/1518 1872/2421/1525 1871/2420/1524
f 1864/2410/1518 1865/2411/1519 1873/2422/1526 1872/2421/1525
f 1865/2411/1519 1866/2412/1520 1874/2423/1527 1873/2422/1526
f 1866/2412/1520 1867/2413/1521 1875/2424/1528 1874/2423/1527
f 1867/2413/1521 1668/2163/1297 1676/2174/1306 1875/2424/1528
f 1868/2414/1461 1869/2415/1522 1877/2427/1529 1876/2425/1469
f 1869/2416/1522 1870/2418/1523 1878/2430/1530 1877/2428/1529
f 1870/2419/1523 1871/2420/1524 1879/2432/1531 1878/2429/1530
f 1871/2420/1524 1872/2421/1525 1880/2433/1532 1879/2432/1531
f 1872/2421/1525 1873/2422/1526 1881/2434/1533 1880/2433/1532
f 1873/2422/1526 1874/2423/1527 1882/2435/1534 1881/2434/1533
f 1874/2423/1527 1875/2424/1528 1883/2436/1535 1882/2435/1534
f 1875/2424/1528 1676/2174/1306 1684/2186/1315 1883/2436/1535
f 1876/2426/1469 1877/2428/1529 1885/2438/1536 1884/2437/1477
f 1877/2428/1529 1878/2430/1530 1886/2439/1537 1885/2438/1536
f 1878/2430/1530 1879/2431/1531 1887/2441/1538 1886/2439/1537
f 1879/2432/1531 1880/2433/1532 1888/2442/1539 1887/2440/1538
f 1880/2433/1532 1881/2434/1533 1889/2445/1540 1888/2442/1539
f 1881/2434/1533 1882/2435/1534 1890/2447/1541 1889/2445/1540
f 1882/2435/1534 1883/2436/1535 1891/2449/1542 1890/2447/1541
f 1883/2436/1535 1684/2186/1315 1692/2195/1324 1891/2449/1542
f 1884/2437/1477 1885/2438/1536 1893/2452/1543 1892/2451/1485
f 1885/2438/1536 1886/2439/1537 1894/2453/1544 1893/2452/1543
f 1886/2439/1537 1887/2441/1538 1895/2454/1545 1894/2453/1544
f 1887/2441/1538 1888/2443/1539 1896/2455/1546 1895/2454/1545
f 1888/2444/1539 1889/2446/1540 1897/2457/1547 1896/2456/1546
f 1889/2446/1540 1890/2448/1541 1898/2458/1548 1897/2457/1547
f 1890/2448/1541 1891/2450/1542 1899/2459/1549 1898/2458/1548
f 1891/2450/1542 1692/2196/1324 1700/2204/1333 1899/2459/1549
f 1892/2451/1485 1893/2452/1543 2012/2597/1550 2021/2606/1493
f 1893/2452/1543 1894/2453/1544 2003/2587/1551 2012/2597/1550
f 1894/2453/1544 1895/2454/1545 1994/2569/1552 2003/2587/1551
f 1895/2454/1545 1896/2455/1546 1985/2557/1553 1994/2569/1552
f 1896/2456/1546 1897/2457/1547 1976/2548/1554 1985/2558/1553
f 1897/2457/1547 1898/2458/1548 1967/2539/1555 1976/2548/1554
f 1898/2458/1548 1899/2459/1549 1958/2530/1556 1967/2539/1555
f 1899/2459/1549 1700/2204/1333 1949/2521/1342 1958/2530/1556
f 1836/2377/1436 1779/2309/1434 1900/2460/1557 1837/2378/1494
f 1779/2309/1434 1778/2308/1432 1901/2461/1558 1900/2460/1557
f 1778/2308/1432 1777/2307/1430 1902/2462/1559 1901/2461/1558
f 1777/2307/1430 1776/2306/1428 1903/2463/1560 1902/2462/1559
f 1776/2306/1428 1775/2305/1426 1904/2464/1561 1903/2463/1560
f 1775/2305/1426 1774/2304/1424 1905/2465/1562 1904/2464/1561
f 1774/2304/1424 1773/2303/1422 1906/2466/1563 1905/2465/1562
f 1773/2303/1422 1772/2302/1364 1715/2224/1362 1906/2466/1563
f 1837/2378/1494 1900/2460/1557 1907/2467/1564 1838/2380/1496
f 1900/2460/1557 1901/2461/1558 1908/2468/1565 1907/2467/1564
f 1901/2461/1558 1902/2462/1559 1909/2469/1566 1908/2468/1565
f 1902/2462/1559 1903/2463/1560 1910/2470/1567 1909/2469/1566
f 1903/2463/1560 1904/2464/1561 1911/2471/1568 1910/2470/1567
f 1904/2464/1561 1905/2465/1562 1912/2472/1569 1911/2471/1568
f 1905/2465/1562 1906/2466/1563 1913/2473/1570 1912/2472/1569
f 1906/2466/1563 1715/2224/1362 1714/2223/1360 1913/2473/1570
f 1838/2380/1496 1907/2467/1564 1914/2475/1571 1839/2381/1498
f 1907/2467/1564 1908/2468/1565 1915/2476/1572 1914/2475/1571
f 1908/2468/1565 1909/2469/1566 1916/2477/1573 1915/2476/1572
f 1909/2469/1566 1910/2470/1567 1917/2478/1574 1916/2477/1573
f 1910/2470/1567 1911/2471/1568 1918/2479/1575 1917/2478/1574
f 1911/2471/1568 1912/2472/1569 1919/2480/1576 1918/2479/1575
f 1912/2472/1569 1913/2473/1570 1920/2481/1577 1919/2480/1576
f 1913/2473/1570 1714/2223/1360 1713/2222/1358 1920/2481/1577
f 1839/2382/1498 1914/2474/1571 1921/2483/1578 1840/2383/1500
f 1914/2475/1571 1915/2476/1572 1922/2484/1579 1921/2482/1578
f 1915/2476/1572 1916/2477/1573 1923/2487/1580 1922/2484/1579
f 1916/2477/1573 1917/2478/1574 1924/2488/1581 1923/2487/1580
f 1917/2478/1574 1918/2479/1575 1925/2489/1582 1924/2488/1581
f 1918/2479/1575 1919/2480/1576 1926/2490/1583 1925/2489/1582
f 1919/2480/1576 1920/2481/1577 1927/2491/1584 1926/2490/1583
f 1920/2481/1577 1713/2222/1358 1712/2221/1356 1927/2491/1584
f 1840/2383/1500 1921/2483/1578 1928/2492/1585 1841/2384/1502
f 1921/2483/1578 1922/2485/1579 1929/2493/1586 1928/2492/1585
f 1922/2485/1579 1923/2486/1580 1930/2495/1587 1929/2493/1586
f 1923/2487/1580 1924/2488/1581 1931/2496/1588 1930/2494/1587
f 1924/2488/1581 1925/2489/1582 1932/2499/1589 1931/2496/1588
f 1925/2489/1582 1926/2490/1583 1933/2500/1590 1932/2499/1589
f 1926/2490/1583 1927/2491/1584 1934/2501/1591 1933/2500/1590
f 1927/2491/1584 1712/2221/1356 1711/2219/1354 1934/2501/1591
f 1841/2384/1502 1928/2492/1585 1935/2502/1592 1842/2385/1504
f 1928/2492/1585 1929/2493/1586 1936/2503/1593 1935/2502/1592
f 1929/2493/1586 1930/2495/1587 1937/2504/1594 1936/2503/1593
f 1930/2495/1587 1931/2497/1588 1938/2505/1595 1937/2504/1594
f 1931/2497/1588 1932/2498/1589 1939/2507/1596 1938/2505/1595
f 1932/2499/1589 1933/2500/1590 1940/2508/1597 1939/2506/1596
f 1933/2500/1590 1934/2501/1591 1941/2510/1598 1940/2508/1597
f 1934/2501/1591 1711/2219/1354 1710/2216/1352 1941/2510/1598
f 1842/2385/1504 1935/2502/1592 1942/2513/1599 1843/2386/1506
f 1935/2502/1592 1936/2503/1593 1943/2514/1600 1942/2513/1599
f 1936/2503/1593 1937/2504/1594 1944/2515/1601 1943/2514/1600
f 1937/2504/1594 1938/2505/1595 1945/2516/1602 1944/2515/1601
f 1938/2505/1595 1939/2507/1596 1946/2517/1603 1945/2516/1602
f 1939/2507/1596 1940/2509/1597 1947/2518/1604 1946/2517/1603
f 1940/2509/1597 1941/2511/1598 1948/2520/1605 1947/2518/1604
f 1941/2512/1598 1710/2217/1352 1709/2214/1350 1948/2519/1605
f 1843/2386/1506 1942/2513/1599 1645/2135/1270 1644/2134/1269
f 1942/2513/1599 1943/2514/1600 1646/2136/1273 1645/2135/1270
f 1943/2514/1600 1944/2515/1601 1647/2137/1275 1646/2136/1273
f 1944/2515/1601 1945/2516/1602 1648/2138/1277 1647/2137/1275
f 1945/2516/1602 1946/2517/1603 1649/2139/1279 1648/2138/1277
f 1946/2517/1603 1947/2518/1604 1650/2140/1281 1649/2139/1279
f 1947/2518/1604 1948/2520/1605 1651/2141/1283 1650/2140/1281
f 1948/2520/1605 1709/2215/1350 1708/2213/1285 1651/2141/1283
f 1949/2521/1342 1950/2522/1341 1959/2531/1606 1958/2530/1556
f 1950/2522/1341 1951/2523/1343 1960/2532/1607 1959/2531/1606
f 1951/2523/1343 1952/2524/1344 1961/2533/1608 1960/2532/1607
f 1952/2524/1344 1953/2525/1345 1962/2534/1609 1961/2533/1608
f 1953/2525/1345 1954/2526/1346 1963/2535/1610 1962/2534/1609
f 1954/2526/1346 1955/2527/1347 1964/2536/1611 1963/2535/1610
f 1955/2527/1347 1956/2528/1348 1965/2537/1612 1964/2536/1611
f 1956/2528/1348 1957/2529/1349 1966/2538/1414 1965/2537/1612
f 1958/2530/1556 1959/2531/1606 1968/2540/1613 1967/2539/1555
f 1959/2531/1606 1960/2532/1607 1969/2541/1614 1968/2540/1613
f 1960/2532/1607 1961/2533/1608 1970/2542/1615 1969/2541/1614
f 1961/2533/1608 1962/2534/1609 1971/2543/1616 1970/2542/1615
f 1962/2534/1609 1963/2535/1610 1972/2544/1617 1971/2543/1616
f 1963/2535/1610 1964/2536/1611 1973/2545/1618 1972/2544/1617
f 1964/2536/1611 1965/2537/1612 1974/2546/1619 1973/2545/1618
f 1965/2537/1612 1966/2538/1414 1975/2547/1415 1974/2546/1619
f 1967/2539/1555 1968/2540/1613 1977/2549/1620 1976/2548/1554
f 1968/2540/1613 1969/2541/1614 1978/2550/1621 1977/2549/1620
f 1969/2541/1614 1970/2542/1615 1979/2551/1622 1978/2550/1621
f 1970/2542/1615 1971/2543/1616 1980/2552/1623 1979/2551/1622
f 1971/2543/1616 1972/2544/1617 1981/2553/1624 1980/2552/1623
f 1972/2544/1617 1973/2545/1618 1982/2554/1625 1981/2553/1624
f 1973/2545/1618 1974/2546/1619 1983/2555/1626 1982/2554/1625
f 1974/2546/1619 1975/2547/1415 1984/2556/1416 1983/2555/1626
f 1976/2548/1554 1977/2549/1620 1986/2559/1627 1985/2558/1553
f 1977/2549/1620 1978/2550/1621 1987/2560/1628 1986/2559/1627
f 1978/2550/1621 1979/2551/1622 1988/2561/1629 1987/2560/1628
f 1979/2551/1622 1980/2552/1623 1989/2562/1630 1988/2561/1629
f 1980/2552/1623 1981/2553/1624 1990/2563/1631 1989/2562/1630
f 1981/2553/1624 1982/2554/1625 1991/2564/1632 1990/2563/1631
f 1982/2554/1625 1983/2555/1626 1992/2565/1633 1991/2564/1632
f 1983/2555/1626 1984/2556/1416 1993/2567/1417 1992/2565/1633
f 1985/2558/1553 1986/2559/1627 1995/2570/1634 1994/2568/1552
f 1986/2559/1627 1987/2560/1628 1996/2572/1635 1995/2570/1634
f 1987/2560/1628 1988/2561/1629 1997/2574/1636 1996/2572/1635
f 1988/2561/1629 1989/2562/1630 1998/2576/1637 1997/2574/1636
f 1989/2562/1630 1990/2563/1631 1999/2578/1638 1998/2576/1637
f 1990/2563/1631 1991/2564/1632 2000/2580/1639 1999/2578/1638
f 1991/2564/1632 1992/2565/1633 2001/2582/1640 2000/2580/1639
f 1992/2565/1633 1993/2567/1417 2002/2585/1418 2001/2582/1640
f 1994/2569/1552 1995/2571/1634 2004/2588/1641 2003/2587/1551
f 1995/2571/1634 1996/2573/1635 2005/2589/1642 2004/2588/1641
f 1996/2573/1635 1997/2575/1636 2006/2590/1643 2005/2589/1642
f 1997/2575/1636 1998/2577/1637 2007/2591/1644 2006/2590/1643
f 1998/2577/1637 1999/2579/1638 2008/2592/1645 2007/2591/1644
f 1999/2579/1638 2000/2581/1639 2009/2593/1646 2008/2592/1645
f 2000/2581/1639 2001/2583/1640 2010/2594/1647 2009/2593/1646
f 2001/2583/1640 2002/2586/1418 2011/2596/1419 2010/2594/1647
f 2003/2587/1551 2004/2588/1641 2013/2598/1648 2012/2597/1550
f 2004/2588/1641 2005/2589/1642 2014/2599/1649 2013/2598/1648
f 2005/2589/1642 2006/2590/1643 2015/2600/1650 2014/2599/1649
f 2006/2590/1643 2007/2591/1644 2016/2601/1651 2015/2600/1650
f 2007/2591/1644 2008/2592/1645 2017/2602/1652 2016/2601/1651
f 2008/2592/1645 2009/2593/1646 2018/2603/1653 2017/2602/1652
f 2009/2593/1646 2010/2594/1647 2019/2604/1654 2018/2603/1653
f 2010/2594/1647 2011/2596/1419 2020/2605/1420 2019/2604/1654
f 2012/2597/1550 2013/2598/1648 2022/2607/1492 2021/2606/1493
f 2013/2598/1648 2014/2599/1649 2023/2608/1491 2022/2607/1492
f 2014/2599/1649 2015/2600/1650 2024/2609/1490 2023/2608/1491
f 2015/2600/1650 2016/2601/1651 2025/2610/1489 2024/2609/1490
f 2016/2601/1651 2017/2602/1652 2026/2611/1488 2025/2610/1489
f 2017/2602/1652 2018/2603/1653 2027/2612/1487 2026/2611/1488
f 2018/2603/1653 2019/2604/1654 2028/2613/1486 2027/2612/1487
f 2019/2604/1654 2020/2605/1420 2029/2614/1421 2028/2613/1486
f 2030/2616/1655 2031/2617/1656 2062/2685/1657
f 2031/2617/1656 2032/2619/1658 2062/2685/1657
f 2032/2619/1658 2033/2621/1659 2062/2685/1657
f 2033/2622/1659 2034/2624/1660 2062/2680/1657
f 2034/2624/1660 2035/2626/1661 2062/2680/1657
f 2035/2626/1661 2036/2628/1662 2062/2680/1657
f 2036/2628/1662 2037/2630/1663 2062/2680/1657
f 2037/2630/1663 2038/2632/1664 2062/2680/1657
f 2038/2632/1664 2039/2634/1665 2062/2680/1657
f 2039/2634/1665 2040/2636/1666 2062/2680/1657
f 2040/2637/1666 2041/2639/1667 2062/2681/1657
f 2041/2639/1667 2042/2641/1668 2062/2681/1657
f 2042/2641/1668 2043/2643/1669 2062/2681/1657
f 2043/2643/1669 2044/2645/1670 2062/2681/1657
f 2044/2645/1670 2045/2647/1671 2062/2681/1657
f 2045/2648/1671 2046/2649/1672 2062/2682/1657
f 2046/2649/1672 2047/2650/1673 2062/2682/1657
f 2047/2650/1673 2048/2651/1674 2062/2682/1657
f 2048/2651/1674 2049/2653/1675 2062/2682/1657
f 2049/2652/1675 2050/2654/1676 2062/2683/1657
f 2050/2655/1676 2051/2657/1677 2062/2684/1657
f 2051/2657/1677 2052/2659/1678 2062/2684/1657
f 2052/2659/1678 2053/2661/1679 2062/2684/1657
f 2053/2661/1679 2054/2663/1680 2062/2684/1657
f 2054/2663/1680 2055/2665/1681 2062/2684/1657
f 2055/2665/1681 2056/2667/1682 2062/2684/1657
f 2056/2667/1682 2057/2669/1683 2062/2684/1657
f 2057/2670/1683 2058/2672/1684 2062/2685/1657
f 2058/2672/1684 2059/2674/1685 2062/2685/1657
f 2059/2674/1685 2060/2677/1686 2062/2685/1657
f 2030/2615/1655 2061/2678/1687 2060/2676/1686 2059/2675/1685 2058/2673/1684 2057/2671/1683 2056/2668/1682 2055/2666/1681 2054/2664/1680 2053/2662/1679 2052/2660/1678 2051/2658/1677 2050/2656/1676 2049/2653/1675 2048/2651/1674 2047/2650/1673 2046/2649/1672 2045/2648/1671 2044/2646/1670 2043/2644/1669 2042/2642/1668 2041/2640/1667 2040/2638/1666 2039/2635/1665 2038/2633/1664 2037/2631/1663 2036/2629/1662 2035/2627/1661 2034/2625/1660 2033/2623/1659 2032/2620/1658 2031/2618/1656
f 2060/2677/1686 2061/2679/1687 2062/2685/1657
f 2061/2679/1687 2030/2616/1655 2062/2685/1657
f 2063/2686/1688 2071/2694/1689 2072/2695/1690 2064/2687/1691
f 2064/2687/1691 2072/2695/1690 2073/2696/1692 2065/2688/1693
f 2065/2688/1693 2073/2696/1692 2074/2697/1694 2066/2689/1695
f 2066/2689/1695 2074/2697/1694 2075/2698/1696 2067/2690/1697
f 2067/2690/1697 2075/2698/1696 2076/2699/1698 2068/2691/1699
f 2068/2691/1699 2076/2699/1698 2077/2700/1700 2069/2692/1701
f 2069/2692/1701 2077/2700/1700 2078/2701/1702 2070/2693/1703
f 2070/2693/1703 2078/2701/1702 2135/2777/1704 2127/2765/1705
f 2071/2694/1689 2079/2703/1706 2080/2704/1707 2072/2695/1690
f 2072/2695/1690 2080/2704/1707 2081/2705/1708 2073/2696/1692
f 2073/2696/1692 2081/2705/1708 2082/2706/1709 2074/2697/1694
f 2074/2697/1694 2082/2706/1709 2083/2707/1710 2075/2698/1696
f 2075/2698/1696 2083/2707/1710 2084/2708/1711 2076/2699/1698
f 2076/2699/1698 2084/2708/1711 2085/2710/1712 2077/2700/1700
f 2077/2700/1700 2085/2710/1712 2086/2712/1713 2078/2701/1702
f 2078/2702/1702 2086/2713/1713 2143/2789/1714 2135/2778/1704
f 2079/2703/1706 2087/2715/1715 2088/2716/1716 2080/2704/1707
f 2080/2704/1707 2088/2716/1716 2089/2717/1717 2081/2705/1708
f 2081/2705/1708 2089/2717/1717 2090/2718/1718 2082/2706/1709
f 2082/2706/1709 2090/2718/1718 2091/2720/1719 2083/2707/1710
f 2083/2707/1710 2091/2720/1719 2092/2722/1720 2084/2708/1711
f 2084/2709/1711 2092/2723/1720 2093/2724/1721 2085/2711/1712
f 2085/2711/1712 2093/2724/1721 2094/2725/1722 2086/2714/1713
f 2086/2714/1713 2094/2725/1722 2151/2799/1723 2143/2788/1714
f 2087/2715/1715 2095/2726/1724 2096/2727/1725 2088/2716/1716
f 2088/2716/1716 2096/2727/1725 2097/2729/1726 2089/2717/1717
f 2089/2717/1717 2097/2729/1726 2098/2731/1727 2090/2718/1718
f 2090/2719/1718 2098/2732/1727 2099/2733/1728 2091/2721/1719
f 2091/2721/1719 2099/2733/1728 2100/2734/1729 2092/2723/1720
f 2092/2723/1720 2100/2734/1729 2101/2735/1730 2093/2724/1721
f 2093/2724/1721 2101/2735/1730 2102/2736/1731 2094/2725/1722
f 2094/2725/1722 2102/2736/1731 2159/2811/1732 2151/2799/1723
f 2095/2726/1724 2103/2738/1733 2104/2739/1734 2096/2727/1725
f 2096/2728/1725 2104/2740/1734 2105/2741/1735 2097/2730/1726
f 2097/2730/1726 2105/2741/1735 2106/2742/1736 2098/2732/1727
f 2098/2732/1727 2106/2742/1736 2107/2743/1737 2099/2733/1728
f 2099/2733/1728 2107/2743/1737 2108/2744/1738 2100/2734/1729
f 2100/2734/1729 2108/2744/1738 2109/2745/1739 2101/2735/1730
f 2101/2735/1730 2109/2745/1739 2110/2746/1740 2102/2736/1731
f 2102/2736/1731 2110/2746/1740 2167/2821/1741 2159/2811/1732
f 2103/2737/1733 2111/2748/1742 2112/2749/1743 2104/2740/1734
f 2104/2740/1734 2112/2749/1743 2113/2750/1744 2105/2741/1735
f 2105/2741/1735 2113/2750/1744 2114/2751/1745 2106/2742/1736
f 2106/2742/1736 2114/2751/1745 2115/2752/1746 2107/2743/1737
f 2107/2743/1737 2115/2752/1746 2116/2753/1747 2108/2744/1738
f 2108/2744/1738 2116/2753/1747 2117/2754/1748 2109/2745/1739
f 2109/2745/1739 2117/2754/1748 2118/2755/1749 2110/2746/1740
f 2110/2746/1740 2118/2755/1749 2175/2830/1750 2167/2821/1741
f 2111/2748/1742 2119/2756/1751 2120/2757/1752 2112/2749/1743
f 2112/2749/1743 2120/2757/1752 2121/2758/1753 2113/2750/1744
f 2113/2750/1744 2121/2758/1753 2122/2759/1754 2114/2751/1745
f 2114/2751/1745 2122/2759/1754 2123/2760/1755 2115/2752/1746
f 2115/2752/1746 2123/2760/1755 2124/2761/1756 2116/2753/1747
f 2116/2753/1747 2124/2761/1756 2125/2762/1757 2117/2754/1748
f 2117/2754/1748 2125/2762/1757 2126/2763/1758 2118/2755/1749
f 2118/2755/1749 2126/2763/1758 2183/2841/1759 2175/2830/1750
f 2119/2756/1751 2368/3073/1760 2369/3074/1761 2120/2757/1752
f 2120/2757/1752 2369/3074/1761 2370/3075/1762 2121/2758/1753
f 2121/2758/1753 2370/3075/1762 2371/3076/1763 2122/2759/1754
f 2122/2759/1754 2371/3076/1763 2372/3077/1764 2123/2760/1755
f 2123/2760/1755 2372/3077/1764 2373/3078/1765 2124/2761/1756
f 2124/2761/1756 2373/3078/1765 2374/3079/1766 2125/2762/1757
f 2125/2762/1757 2374/3079/1766 2375/3080/1767 2126/2763/1758
f 2126/2763/1758 2375/3080/1767 2376/3081/1768 2183/2841/1759
f 2127/2764/1705 2135/2778/1704 2136/2779/1769 2128/2766/1770
f 2128/2766/1770 2136/2779/1769 2137/2780/1771 2129/2769/1772
f 2129/2769/1772 2137/2780/1771 2138/2781/1773 2130/2770/1774
f 2130/2770/1774 2138/2781/1773 2139/2783/1775 2131/2772/1776
f 2131/2773/1776 2139/2782/1775 2140/2785/1777 2132/2774/1778
f 2132/2774/1778 2140/2785/1777 2141/2786/1779 2133/2775/1780
f 2133/2775/1780 2141/2786/1779 2142/2787/1781 2134/2776/1782
f 2134/2776/1782 2142/2787/1781 2199/2862/1783 2191/2854/1784
f 2135/2778/1704 2143/2789/1714 2144/2790/1785 2136/2779/1769
f 2136/2779/1769 2144/2790/1785 2145/2791/1786 2137/2780/1771
f 2137/2780/1771 2145/2791/1786 2146/2792/1787 2138/2781/1773
f 2138/2781/1773 2146/2792/1787 2147/2793/1788 2139/2783/1775
f 2139/2783/1775 2147/2793/1788 2148/2795/1789 2140/2784/1777
f 2140/2785/1777 2148/2794/1789 2149/2797/1790 2141/2786/1779
f 2141/2786/1779 2149/2797/1790 2150/2798/1791 2142/2787/1781
f 2142/2787/1781 2150/2798/1791 2207/2870/1792 2199/2862/1783
f 2143/2789/1714 2151/2800/1723 2152/2801/1793 2144/2790/1785
f 2144/2790/1785 2152/2801/1793 2153/2802/1794 2145/2791/1786
f 2145/2791/1786 2153/2802/1794 2154/2803/1795 2146/2792/1787
f 2146/2792/1787 2154/2803/1795 2155/2804/1796 2147/2793/1788
f 2147/2793/1788 2155/2804/1796 2156/2805/1797 2148/2795/1789
f 2148/2795/1789 2156/2805/1797 2157/2807/1798 2149/2796/1790
f 2149/2797/1790 2157/2806/1798 2158/2809/1799 2150/2798/1791
f 2150/2798/1791 2158/2809/1799 2215/2878/1800 2207/2870/1792
f 2151/2800/1723 2159/2810/1732 2160/2813/1801 2152/2801/1793
f 2152/2801/1793 2160/2813/1801 2161/2814/1802 2153/2802/1794
f 2153/2802/1794 2161/2814/1802 2162/2815/1803 2154/2803/1795
f 2154/2803/1795 2162/2815/1803 2163/2816/1385 2155/2804/1796
f 2155/2804/1796 2163/2816/1385 2164/2817/1804 2156/2805/1797
f 2156/2805/1797 2164/2817/1804 2165/2818/1805 2157/2807/1798
f 2157/2807/1798 2165/2818/1805 2166/2820/1806 2158/2808/1799
f 2158/2809/1799 2166/2819/1806 2223/2887/1807 2215/2878/1800
f 2159/2811/1732 2167/2821/1741 2168/2822/1808 2160/2812/1801
f 2160/2813/1801 2168/2823/1808 2169/2824/1809 2161/2814/1802
f 2161/2814/1802 2169/2824/1809 2170/2825/1810 2162/2815/1803
f 2162/2815/1803 2170/2825/1810 2171/2826/1811 2163/2816/1385
f 2163/2816/1385 2171/2826/1811 2172/2827/1812 2164/2817/1804
f 2164/2817/1804 2172/2827/1812 2173/2828/1813 2165/2818/1805
f 2165/2818/1805 2173/2828/1813 2174/2829/1814 2166/2820/1806
f 2166/2820/1806 2174/2829/1814 2231/2895/1815 2223/2886/1807
f 2167/2821/1741 2175/2830/1750 2176/2832/1816 2168/2822/1808
f 2168/2823/1808 2176/2831/1816 2177/2834/1817 2169/2824/1809
f 2169/2824/1809 2177/2834/1817 2178/2835/1818 2170/2825/1810
f 2170/2825/1810 2178/2835/1818 2179/2836/1819 2171/2826/1811
f 2171/2826/1811 2179/2836/1819 2180/2837/1820 2172/2827/1812
f 2172/2827/1812 2180/2837/1820 2181/2838/1821 2173/2828/1813
f 2173/2828/1813 2181/2838/1821 2182/2839/1822 2174/2829/1814
f 2174/2829/1814 2182/2839/1822 2239/2912/1823 2231/2895/1815
f 2175/2830/1750 2183/2841/1759 2184/2842/1824 2176/2832/1816
f 2176/2832/1816 2184/2842/1824 2185/2844/1825 2177/2833/1817
f 2177/2834/1817 2185/2843/1825 2186/2845/1826 2178/2835/1818
f 2178/2835/1818 2186/2845/1826 2187/2848/1827 2179/2836/1819
f 2179/2836/1819 2187/2848/1827 2188/2849/1828 2180/2837/1820
f 2180/2837/1820 2188/2849/1828 2189/2850/1829 2181/2838/1821
f 2181/2838/1821 2189/2850/1829 2190/2852/1830 2182/2839/1822
f 2182/2840/1822 2190/2853/1830 2247/2921/1831 2239/2913/1823
f 2183/2841/1759 2376/3081/1768 2385/3090/1832 2184/2842/1824
f 2184/2842/1824 2385/3090/1832 2394/3099/1833 2185/2844/1825
f 2185/2844/1825 2394/3099/1833 2403/3108/1834 2186/2846/1826
f 2186/2846/1826 2403/3108/1834 2412/3119/1835 2187/2847/1827
f 2187/2848/1827 2412/3118/1835 2421/3136/1836 2188/2849/1828
f 2188/2849/1828 2421/3136/1836 2430/3147/1837 2189/2850/1829
f 2189/2851/1829 2430/3148/1837 2439/3157/1838 2190/2853/1830
f 2190/2853/1830 2439/3157/1838 2448/3166/1839 2247/2921/1831
f 2191/2854/1784 2199/2862/1783 2200/2863/1840 2192/2855/1841
f 2192/2855/1841 2200/2863/1840 2201/2864/1842 2193/2856/1843
f 2193/2856/1843 2201/2864/1842 2202/2865/1844 2194/2857/1845
f 2194/2857/1845 2202/2865/1844 2203/2866/1846 2195/2858/1847
f 2195/2858/1847 2203/2866/1846 2204/2867/1848 2196/2859/1849
f 2196/2859/1849 2204/2867/1848 2205/2868/1850 2197/2860/1851
f 2197/2860/1851 2205/2868/1850 2206/2869/1852 2198/2861/1853
f 2198/2861/1853 2206/2869/1852 2263/2939/1854 2255/2929/1855
f 2199/2862/1783 2207/2870/1792 2208/2871/1856 2200/2863/1840
f 2200/2863/1840 2208/2871/1856 2209/2872/1857 2201/2864/1842
f 2201/2864/1842 2209/2872/1857 2210/2873/1858 2202/2865/1844
f 2202/2865/1844 2210/2873/1858 2211/2874/1859 2203/2866/1846
f 2203/2866/1846 2211/2874/1859 2212/2875/1860 2204/2867/1848
f 2204/2867/1848 2212/2875/1860 2213/2876/1861 2205/2868/1850
f 2205/2868/1850 2213/2876/1861 2214/2877/1862 2206/2869/1852
f 2206/2869/1852 2214/2877/1862 2271/2948/1863 2263/2939/1854
f 2207/2870/1792 2215/2878/1800 2216/2879/1864 2208/2871/1856
f 2208/2871/1856 2216/2879/1864 2217/2880/1865 2209/2872/1857
f 2209/2872/1857 2217/2880/1865 2218/2881/1866 2210/2873/1858
f 2210/2873/1858 2218/2881/1866 2219/2882/1867 2211/2874/1859
f 2211/2874/1859 2219/2882/1867 2220/2883/1868 2212/2875/1860
f 2212/2875/1860 2220/2883/1868 2221/2884/1869 2213/2876/1861
f 2213/2876/1861 2221/2884/1869 2222/2885/1870 2214/2877/1862
f 2214/2877/1862 2222/2885/1870 2279/2957/1871 2271/2948/1863
f 2215/2878/1800 2223/2887/1807 2224/2888/1872 2216/2879/1864
f 2216/2879/1864 2224/2888/1872 2225/2889/1873 2217/2880/1865
f 2217/2880/1865 2225/2889/1873 2226/2890/1874 2218/2881/1866
f 2218/2881/1866 2226/2890/1874 2227/2891/1875 2219/2882/1867
f 2219/2882/1867 2227/2891/1875 2228/2892/1876 2220/2883/1868
f 2220/2883/1868 2228/2892/1876 2229/2893/1877 2221/2884/1869
f 2221/2884/1869 2229/2893/1877 2230/2894/1878 2222/2885/1870
f 2222/2885/1870 2230/2894/1878 2287/2966/1879 2279/2957/1871
f 2223/2887/1807 2231/2896/1815 2232/2898/1880 2224/2888/1872
f 2224/2888/1872 2232/2898/1880 2233/2900/1881 2225/2889/1873
f 2225/2889/1873 2233/2900/1881 2234/2902/1882 2226/2890/1874
f 2226/2890/1874 2234/2902/1882 2235/2904/1883 2227/2891/1875
f 2227/2891/1875 2235/2904/1883 2236/2906/1884 2228/2892/1876
f 2228/2892/1876 2236/2906/1884 2237/2908/1885 2229/2893/1877
f 2229/2893/1877 2237/2908/1885 2238/2910/1886 2230/2894/1878
f 2230/2894/1878 2238/2910/1886 2295/2978/1887 2287/2966/1879
f 2231/2897/1815 2239/2913/1823 2240/2914/1888 2232/2899/1880
f 2232/2899/1880 2240/2914/1888 2241/2915/1889 2233/2901/1881
f 2233/2901/1881 2241/2915/1889 2242/2916/1890 2234/2903/1882
f 2234/2903/1882 2242/2916/1890 2243/2917/1891 2235/2905/1883
f 2235/2905/1883 2243/2917/1891 2244/2918/1892 2236/2907/1884
f 2236/2907/1884 2244/2918/1892 2245/2919/1893 2237/2909/1885
f 2237/2909/1885 2245/2919/1893 2246/2920/1894 2238/2911/1886
f 2238/2911/1886 2246/2920/1894 2303/2989/1895 2295/2979/1887
f 2239/2913/1823 2247/2921/1831 2248/2922/1896 2240/2914/1888
f 2240/2914/1888 2248/2922/1896 2249/2923/1897 2241/2915/1889
f 2241/2915/1889 2249/2923/1897 2250/2924/1898 2242/2916/1890
f 2242/2916/1890 2250/2924/1898 2251/2925/1899 2243/2917/1891
f 2243/2917/1891 2251/2925/1899 2252/2926/1900 2244/2918/1892
f 2244/2918/1892 2252/2926/1900 2253/2927/1901 2245/2919/1893
f 2245/2919/1893 2253/2927/1901 2254/2928/1902 2246/2920/1894
f 2246/2920/1894 2254/2928/1902 2311/3003/1903 2303/2989/1895
f 2247/2921/1831 2448/3166/1839 2447/3165/1904 2248/2922/1896
f 2248/2922/1896 2447/3165/1904 2446/3164/1905 2249/2923/1897
f 2249/2923/1897 2446/3164/1905 2445/3163/1906 2250/2924/1898
f 2250/2924/1898 2445/3163/1906 2444/3162/1907 2251/2925/1899
f 2251/2925/1899 2444/3162/1907 2443/3161/1908 2252/2926/1900
f 2252/2926/1900 2443/3161/1908 2442/3160/1909 2253/2927/1901
f 2253/2927/1901 2442/3160/1909 2441/3159/1910 2254/2928/1902
f 2254/2928/1902 2441/3159/1910 2440/3158/1911 2311/3003/1903
f 2255/2929/1855 2263/2939/1854 2264/2940/1912 2256/2930/1913
f 2256/2930/1913 2264/2940/1912 2265/2941/1914 2257/2932/1915
f 2257/2931/1915 2265/2942/1914 2266/2943/1916 2258/2934/1917
f 2258/2934/1917 2266/2943/1916 2267/2944/1918 2259/2935/1919
f 2259/2935/1919 2267/2944/1918 2268/2945/1920 2260/2936/1921
f 2260/2936/1921 2268/2945/1920 2269/2946/1922 2261/2937/1923
f 2261/2937/1923 2269/2946/1922 2270/2947/1924 2262/2938/1925
f 2262/2938/1925 2270/2947/1924 2071/2694/1689 2063/2686/1688
f 2263/2939/1854 2271/2948/1863 2272/2949/1926 2264/2940/1912
f 2264/2940/1912 2272/2949/1926 2273/2950/1927 2265/2941/1914
f 2265/2942/1914 2273/2951/1927 2274/2952/1928 2266/2943/1916
f 2266/2943/1916 2274/2952/1928 2275/2953/1929 2267/2944/1918
f 2267/2944/1918 2275/2953/1929 2276/2954/1930 2268/2945/1920
f 2268/2945/1920 2276/2954/1930 2277/2955/1931 2269/2946/1922
f 2269/2946/1922 2277/2955/1931 2278/2956/1932 2270/2947/1924
f 2270/2947/1924 2278/2956/1932 2079/2703/1706 2071/2694/1689
f 2271/2948/1863 2279/2957/1871 2280/2958/1933 2272/2949/1926
f 2272/2949/1926 2280/2958/1933 2281/2959/1934 2273/2950/1927
f 2273/2951/1927 2281/2960/1934 2282/2961/1935 2274/2952/1928
f 2274/2952/1928 2282/2961/1935 2283/2962/1936 2275/2953/1929
f 2275/2953/1929 2283/2962/1936 2284/2963/1937 2276/2954/1930
f 2276/2954/1930 2284/2963/1937 2285/2964/1938 2277/2955/1931
f 2277/2955/1931 2285/2964/1938 2286/2965/1939 2278/2956/1932
f 2278/2956/1932 2286/2965/1939 2087/2715/1715 2079/2703/1706
f 2279/2957/1871 2287/2966/1879 2288/2968/1940 2280/2958/1933
f 2280/2958/1933 2288/2968/1940 2289/2970/1941 2281/2959/1934
f 2281/2960/1934 2289/2972/1941 2290/2973/1942 2282/2961/1935
f 2282/2961/1935 2290/2973/1942 2291/2974/1525 2283/2962/1936
f 2283/2962/1936 2291/2974/1525 2292/2975/1943 2284/2963/1937
f 2284/2963/1937 2292/2975/1943 2293/2976/1944 2285/2964/1938
f 2285/2964/1938 2293/2976/1944 2294/2977/1945 2286/2965/1939
f 2286/2965/1939 2294/2977/1945 2095/2726/1724 2087/2715/1715
f 2287/2967/1879 2295/2979/1887 2296/2980/1946 2288/2969/1940
f 2288/2969/1940 2296/2980/1946 2297/2982/1947 2289/2971/1941
f 2289/2972/1941 2297/2981/1947 2298/2984/1948 2290/2973/1942
f 2290/2973/1942 2298/2984/1948 2299/2985/1949 2291/2974/1525
f 2291/2974/1525 2299/2985/1949 2300/2986/1950 2292/2975/1943
f 2292/2975/1943 2300/2986/1950 2301/2987/1951 2293/2976/1944
f 2293/2976/1944 2301/2987/1951 2302/2988/1952 2294/2977/1945
f 2294/2977/1945 2302/2988/1952 2103/2738/1733 2095/2726/1724
f 2295/2979/1887 2303/2989/1895 2304/2990/1953 2296/2980/1946
f 2296/2980/1946 2304/2990/1953 2305/2991/1954 2297/2982/1947
f 2297/2982/1947 2305/2991/1954 2306/2993/1955 2298/2983/1948
f 2298/2984/1948 2306/2992/1955 2307/2994/1956 2299/2985/1949
f 2299/2985/1949 2307/2994/1956 2308/2997/1957 2300/2986/1950
f 2300/2986/1950 2308/2997/1957 2309/2999/1958 2301/2987/1951
f 2301/2987/1951 2309/2999/1958 2310/3001/1959 2302/2988/1952
f 2302/2988/1952 2310/3001/1959 2111/2747/1742 2103/2738/1733
f 2303/2989/1895 2311/3003/1903 2312/3004/1960 2304/2990/1953
f 2304/2990/1953 2312/3004/1960 2313/3005/1961 2305/2991/1954
f 2305/2991/1954 2313/3005/1961 2314/3006/1962 2306/2993/1955
f 2306/2993/1955 2314/3006/1962 2315/3007/1963 2307/2995/1956
f 2307/2996/1956 2315/3008/1963 2316/3009/1964 2308/2998/1957
f 2308/2998/1957 2316/3009/1964 2317/3010/1965 2309/3000/1958
f 2309/3000/1958 2317/3010/1965 2318/3011/1966 2310/3002/1959
f 2310/3002/1959 2318/3011/1966 2119/2756/1751 2111/2748/1742
f 2311/3003/1903 2440/3158/1911 2431/3149/1967 2312/3004/1960
f 2312/3004/1960 2431/3149/1967 2422/3139/1968 2313/3005/1961
f 2313/3005/1961 2422/3139/1968 2413/3121/1969 2314/3006/1962
f 2314/3006/1962 2413/3121/1969 2404/3109/1970 2315/3007/1963
f 2315/3008/1963 2404/3110/1970 2395/3100/1971 2316/3009/1964
f 2316/3009/1964 2395/3100/1971 2386/3091/1972 2317/3010/1965
f 2317/3010/1965 2386/3091/1972 2377/3082/1973 2318/3011/1966
f 2318/3011/1966 2377/3082/1973 2368/3073/1760 2119/2756/1751
f 2255/2929/1855 2256/2930/1913 2319/3012/1974 2198/2861/1853
f 2198/2861/1853 2319/3012/1974 2320/3013/1975 2197/2860/1851
f 2197/2860/1851 2320/3013/1975 2321/3014/1976 2196/2859/1849
f 2196/2859/1849 2321/3014/1976 2322/3015/1977 2195/2858/1847
f 2195/2858/1847 2322/3015/1977 2323/3016/1978 2194/2857/1845
f 2194/2857/1845 2323/3016/1978 2324/3017/1979 2193/2856/1843
f 2193/2856/1843 2324/3017/1979 2325/3018/1980 2192/2855/1841
f 2192/2855/1841 2325/3018/1980 2134/2776/1782 2191/2854/1784
f 2256/2930/1913 2257/2932/1915 2326/3019/1981 2319/3012/1974
f 2319/3012/1974 2326/3019/1981 2327/3020/1982 2320/3013/1975
f 2320/3013/1975 2327/3020/1982 2328/3021/1983 2321/3014/1976
f 2321/3014/1976 2328/3021/1983 2329/3022/1984 2322/3015/1977
f 2322/3015/1977 2329/3022/1984 2330/3023/1985 2323/3016/1978
f 2323/3016/1978 2330/3023/1985 2331/3024/1986 2324/3017/1979
f 2324/3017/1979 2331/3024/1986 2332/3025/1987 2325/3018/1980
f 2325/3018/1980 2332/3025/1987 2133/2775/1780 2134/2776/1782
f 2257/2932/1915 2258/2933/1917 2333/3027/1988 2326/3019/1981
f 2326/3019/1981 2333/3027/1988 2334/3028/1989 2327/3020/1982
f 2327/3020/1982 2334/3028/1989 2335/3029/1990 2328/3021/1983
f 2328/3021/1983 2335/3029/1990 2336/3030/1991 2329/3022/1984
f 2329/3022/1984 2336/3030/1991 2337/3031/1992 2330/3023/1985
f 2330/3023/1985 2337/3031/1992 2338/3032/1993 2331/3024/1986
f 2331/3024/1986 2338/3032/1993 2339/3033/1994 2332/3025/1987
f 2332/3025/1987 2339/3033/1994 2132/2774/1778 2133/2775/1780
f 2258/2934/1917 2259/2935/1919 2340/3035/1995 2333/3026/1988
f 2333/3027/1988 2340/3034/1995 2341/3036/1996 2334/3028/1989
f 2334/3028/1989 2341/3036/1996 2342/3039/1997 2335/3029/1990
f 2335/3029/1990 2342/3039/1997 2343/3040/1998 2336/3030/1991
f 2336/3030/1991 2343/3040/1998 2344/3041/1999 2337/3031/1992
f 2337/3031/1992 2344/3041/1999 2345/3042/2000 2338/3032/1993
f 2338/3032/1993 2345/3042/2000 2346/3043/2001 2339/3033/1994
f 2339/3033/1994 2346/3043/2001 2131/2773/1776 2132/2774/1778
f 2259/2935/1919 2260/2936/1921 2347/3044/2002 2340/3035/1995
f 2340/3035/1995 2347/3044/2002 2348/3045/2003 2341/3037/1996
f 2341/3037/1996 2348/3045/2003 2349/3047/2004 2342/3038/1997
f 2342/3039/1997 2349/3046/2004 2350/3048/2005 2343/3040/1998
f 2343/3040/1998 2350/3048/2005 2351/3051/2006 2344/3041/1999
f 2344/3041/1999 2351/3051/2006 2352/3052/2007 2345/3042/2000
f 2345/3042/2000 2352/3052/2007 2353/3053/2008 2346/3043/2001
f 2346/3043/2001 2353/3053/2008 2130/2771/1774 2131/2773/1776
f 2260/2936/1921 2261/2937/1923 2354/3054/2009 2347/3044/2002
f 2347/3044/2002 2354/3054/2009 2355/3055/2010 2348/3045/2003
f 2348/3045/2003 2355/3055/2010 2356/3056/2011 2349/3047/2004
f 2349/3047/2004 2356/3056/2011 2357/3057/2012 2350/3049/2005
f 2350/3049/2005 2357/3057/2012 2358/3059/2013 2351/3050/2006
f 2351/3051/2006 2358/3058/2013 2359/3060/2014 2352/3052/2007
f 2352/3052/2007 2359/3060/2014 2360/3062/2015 2353/3053/2008
f 2353/3053/2008 2360/3062/2015 2129/2768/1772 2130/2771/1774
f 2261/2937/1923 2262/2938/1925 2361/3065/2016 2354/3054/2009
f 2354/3054/2009 2361/3065/2016 2362/3066/2017 2355/3055/2010
f 2355/3055/2010 2362/3066/2017 2363/3067/2018 2356/3056/2011
f 2356/3056/2011 2363/3067/2018 2364/3068/2019 2357/3057/2012
f 2357/3057/2012 2364/3068/2019 2365/3069/2020 2358/3059/2013
f 2358/3059/2013 2365/3069/2020 2366/3070/2021 2359/3061/2014
f 2359/3061/2014 2366/3070/2021 2367/3072/2022 2360/3063/2015
f 2360/3064/2015 2367/3071/2022 2128/2766/1770 2129/2769/1772
f 2262/2938/1925 2063/2686/1688 2064/2687/1691 2361/3065/2016
f 2361/3065/2016 2064/2687/1691 2065/2688/1693 2362/3066/2017
f 2362/3066/2017 2065/2688/1693 2066/2689/1695 2363/3067/2018
f 2363/3067/2018 2066/2689/1695 2067/2690/1697 2364/3068/2019
f 2364/3068/2019 2067/2690/1697 2068/2691/1699 2365/3069/2020
f 2365/3069/2020 2068/2691/1699 2069/2692/1701 2366/3070/2021
f 2366/3070/2021 2069/2692/1701 2070/2693/1703 2367/3072/2022
f 2367/3072/2022 2070/2693/1703 2127/2765/1705 2128/2767/1770
f 2368/3073/1760 2377/3082/1973 2378/3083/2023 2369/3074/1761
f 2369/3074/1761 2378/3083/2023 2379/3084/2024 2370/3075/1762
f 2370/3075/1762 2379/3084/2024 2380/3085/2025 2371/3076/1763
f 2371/3076/1763 2380/3085/2025 2381/3086/2026 2372/3077/1764
f 2372/3077/1764 2381/3086/2026 2382/3087/2027 2373/3078/1765
f 2373/3078/1765 2382/3087/2027 2383/3088/2028 2374/3079/1766
f 2374/3079/1766 2383/3088/2028 2384/3089/2029 2375/3080/1767
f 2375/3080/1767 2384/3089/2029 2385/3090/1832 2376/3081/1768
f 2377/3082/1973 2386/3091/1972 2387/3092/2030 2378/3083/2023
f 2378/3083/2023 2387/3092/2030 2388/3093/2031 2379/3084/2024
f 2379/3084/2024 2388/3093/2031 2389/3094/2032 2380/3085/2025
f 2380/3085/2025 2389/3094/2032 2390/3095/2033 2381/3086/2026
f 2381/3086/2026 2390/3095/2033 2391/3096/2034 2382/3087/2027
f 2382/3087/2027 2391/3096/2034 2392/3097/2035 2383/3088/2028
f 2383/3088/2028 2392/3097/2035 2393/3098/2036 2384/3089/2029
f 2384/3089/2029 2393/3098/2036 2394/3099/1833 2385/3090/1832
f 2386/3091/1972 2395/3100/1971 2396/3101/2037 2387/3092/2030
f 2387/3092/2030 2396/3101/2037 2397/3102/2038 2388/3093/2031
f 2388/3093/2031 2397/3102/2038 2398/3103/2039 2389/3094/2032
f 2389/3094/2032 2398/3103/2039 2399/3104/2040 2390/3095/2033
f 2390/3095/2033 2399/3104/2040 2400/3105/2041 2391/3096/2034
f 2391/3096/2034 2400/3105/2041 2401/3106/2042 2392/3097/2035
f 2392/3097/2035 2401/3106/2042 2402/3107/2043 2393/3098/2036
f 2393/3098/2036 2402/3107/2043 2403/3108/1834 2394/3099/1833
f 2395/3100/1971 2404/3110/1970 2405/3111/2044 2396/3101/2037
f 2396/3101/2037 2405/3111/2044 2406/3112/2045 2397/3102/2038
f 2397/3102/2038 2406/3112/2045 2407/3113/2046 2398/3103/2039
f 2398/3103/2039 2407/3113/2046 2408/3114/2047 2399/3104/2040
f 2399/3104/2040 2408/3114/2047 2409/3115/2048 2400/3105/2041
f 2400/3105/2041 2409/3115/2048 2410/3116/2049 2401/3106/2042
f 2401/3106/2042 2410/3116/2049 2411/3117/2050 2402/3107/2043
f 2402/3107/2043 2411/3117/2050 2412/3119/1835 2403/3108/1834
f 2404/3110/1970 2413/3120/1969 2414/3122/2051 2405/3111/2044
f 2405/3111/2044 2414/3122/2051 2415/3124/2052 2406/3112/2045
f 2406/3112/2045 2415/3124/2052 2416/3126/2053 2407/3113/2046
f 2407/3113/2046 2416/3126/2053 2417/3128/2054 2408/3114/2047
f 2408/3114/2047 2417/3128/2054 2418/3130/2055 2409/3115/2048
f 2409/3115/2048 2418/3130/2055 2419/3132/2056 2410/3116/2049
f 2410/3116/2049 2419/3132/2056 2420/3134/2057 2411/3117/2050
f 2411/3117/2050 2420/3134/2057 2421/3137/1836 2412/3119/1835
f 2413/3121/1969 2422/3139/1968 2423/3140/2058 2414/3123/2051
f 2414/3123/2051 2423/3140/2058 2424/3141/2059 2415/3125/2052
f 2415/3125/2052 2424/3141/2059 2425/3142/2060 2416/3127/2053
f 2416/3127/2053 2425/3142/2060 2426/3143/2061 2417/3129/2054
f 2417/3129/2054 2426/3143/2061 2427/3144/2062 2418/3131/2055
f 2418/3131/2055 2427/3144/2062 2428/3145/2063 2419/3133/2056
f 2419/3133/2056 2428/3145/2063 2429/3146/2064 2420/3135/2057
f 2420/3135/2057 2429/3146/2064 2430/3148/1837 2421/3138/1836
f 2422/3139/1968 2431/3149/1967 2432/3150/2065 2423/3140/2058
f 2423/3140/2058 2432/3150/2065 2433/3151/2066 2424/3141/2059
f 2424/3141/2059 2433/3151/2066 2434/3152/2067 2425/3142/2060
f 2425/3142/2060 2434/3152/2067 2435/3153/2068 2426/3143/2061
f 2426/3143/2061 2435/3153/2068 2436/3154/2069 2427/3144/2062
f 2427/3144/2062 2436/3154/2069 2437/3155/2070 2428/3145/2063
f 2428/3145/2063 2437/3155/2070 2438/3156/2071 2429/3146/2064
f 2429/3146/2064 2438/3156/2071 2439/3157/1838 2430/3148/1837
f 2431/3149/1967 2440/3158/1911 2441/3159/1910 2432/3150/2065
f 2432/3150/2065 2441/3159/1910 2442/3160/1909 2433/3151/2066
f 2433/3151/2066 2442/3160/1909 2443/3161/1908 2434/3152/2067
f 2434/3152/2067 2443/3161/1908 2444/3162/1907 2435/3153/2068
f 2435/3153/2068 2444/3162/1907 2445/3163/1906 2436/3154/2069
f 2436/3154/2069 2445/3163/1906 2446/3164/1905 2437/3155/2070
f 2437/3155/2070 2446/3164/1905 2447/3165/1904 2438/3156/2071
f 2438/3156/2071 2447/3165/1904 2448/3166/1839 2439/3157/1838
f 2449/3167/2072 2481/3230/2073 2450/3169/2074
f 2450/3169/2074 2481/3230/2073 2451/3171/2075
f 2451/3171/2075 2481/3230/2073 2452/3173/2076
f 2452/3173/2076 2481/3230/2073 2453/3175/2077
f 2453/3175/2077 2481/3230/2073 2454/3177/2078
f 2454/3177/2078 2481/3230/2073 2455/3179/2079
f 2455/3179/2079 2481/3230/2073 2456/3181/2080
f 2456/3181/2080 2481/3230/2073 2457/3183/2081
f 2457/3183/2081 2481/3230/2073 2458/3185/2082
f 2458/3185/2082 2481/3230/2073 2459/3187/2083
f 2459/3188/2083 2481/3231/2073 2460/3190/2084
f 2460/3190/2084 2481/3231/2073 2461/3192/2085
f 2461/3192/2085 2481/3231/2073 2462/3194/2086
f 2462/3194/2086 2481/3231/2073 2463/3196/2087
f 2463/3196/2087 2481/3231/2073 2464/3198/2088
f 2464/3198/2088 2481/3231/2073 2465/3200/2089
f 2465/3200/2089 2481/3231/2073 2466/3202/2090
f 2466/3202/2090 2481/3231/2073 2467/3204/2091
f 2467/3204/2091 2481/3231/2073 2468/3206/2092
f 2468/3206/2092 2481/3231/2073 2469/3208/2093
f 2469/3208/2093 2481/3231/2073 2470/3210/2094
f 2470/3211/2094 2481/3232/2073 2471/3213/2095
f 2471/3213/2095 2481/3232/2073 2472/3215/2096
f 2472/3215/2096 2481/3232/2073 2473/3217/2097
f 2473/3217/2097 2481/3232/2073 2474/3219/2098
f 2474/3219/2098 2481/3232/2073 2475/3221/2099
f 2475/3221/2099 2481/3232/2073 2476/3223/2100
f 2476/3223/2100 2481/3232/2073 2477/3225/2101
f 2477/3226/2101 2481/3233/2073 2478/3227/2102
f 2478/3227/2102 2481/3233/2073 2479/3228/2103
f 2449/3168/2072 2450/3170/2074 2451/3172/2075 2452/3174/2076 2453/3176/2077 2454/3178/2078 2455/3180/2079 2456/3182/2080 2457/3184/2081 2458/3186/2082 2459/3189/2083 2460/3191/2084 2461/3193/2085 2462/3195/2086 2463/3197/2087 2464/3199/2088 2465/3201/2089 2466/3203/2090 2467/3205/2091 2468/3207/2092 2469/3209/2093 2470/3212/2094 2471/3214/2095 2472/3216/2096 2473/3218/2097 2474/3220/2098 2475/3222/2099 2476/3224/2100 2477/3226/2101 2478/3227/2102 2479/3228/2103 2480/3229/2104
f 2479/3228/2103 2481/3233/2073 2480/3229/2104
f 2480/3229/2104 2481/3233/2073 2449/3168/2072
f 2482/3234/2105 2483/3235/2106 2491/3243/2107 2490/3242/2108
f 2483/3235/2106 2484/3236/2109 2492/3244/2110 2491/3243/2107
f 2484/3236/2109 2485/3237/2111 2493/3245/2112 2492/3244/2110
f 2485/3237/2111 2486/3238/2113 2494/3246/2114 2493/3245/2112
f 2486/3238/2113 2487/3239/2115 2495/3247/2116 2494/3246/2114
f 2487/3239/2115 2488/3240/2117 2496/3248/2118 2495/3247/2116
f 2488/3240/2117 2489/3241/2119 2497/3249/2120 2496/3248/2118
f 2489/3241/2119 2546/3312/2121 2554/3324/2122 2497/3249/2120
f 2490/3242/2108 2491/3243/2107 2499/3252/2123 2498/3250/2124
f 2491/3243/2107 2492/3244/2110 2500/3253/2125 2499/3252/2123
f 2492/3244/2110 2493/3245/2112 2501/3254/2126 2500/3253/2125
f 2493/3245/2112 2494/3246/2114 2502/3255/2127 2501/3254/2126
f 2494/3246/2114 2495/3247/2116 2503/3256/2128 2502/3255/2127
f 2495/3247/2116 2496/3248/2118 2504/3257/2129 2503/3256/2128
f 2496/3248/2118 2497/3249/2120 2505/3258/2130 2504/3257/2129
f 2497/3249/2120 2554/3324/2122 2562/3337/2131 2505/3258/2130
f 2498/3250/2124 2499/3252/2123 2507/3262/2132 2506/3259/2133
f 2499/3252/2123 2500/3253/2125 2508/3263/2134 2507/3262/2132
f 2500/3253/2125 2501/3254/2126 2509/3264/2135 2508/3263/2134
f 2501/3254/2126 2502/3255/2127 2510/3265/2136 2509/3264/2135
f 2502/3255/2127 2503/3256/2128 2511/3266/2137 2510/3265/2136
f 2503/3256/2128 2504/3257/2129 2512/3267/2138 2511/3266/2137
f 2504/3257/2129 2505/3258/2130 2513/3268/2139 2512/3267/2138
f 2505/3258/2130 2562/3337/2131 2570/3348/2140 2513/3268/2139
f 2506/3260/2133 2507/3261/2132 2515/3271/2141 2514/3269/2142
f 2507/3262/2132 2508/3263/2134 2516/3272/2143 2515/3270/2141
f 2508/3263/2134 2509/3264/2135 2517/3275/2144 2516/3272/2143
f 2509/3264/2135 2510/3265/2136 2518/3276/2145 2517/3275/2144
f 2510/3265/2136 2511/3266/2137 2519/3277/2146 2518/3276/2145
f 2511/3266/2137 2512/3267/2138 2520/3278/2147 2519/3277/2146
f 2512/3267/2138 2513/3268/2139 2521/3279/2148 2520/3278/2147
f 2513/3268/2139 2570/3348/2140 2578/3358/2149 2521/3279/2148
f 2514/3269/2142 2515/3271/2141 2523/3281/2150 2522/3280/2151
f 2515/3271/2141 2516/3273/2143 2524/3282/2152 2523/3281/2150
f 2516/3273/2143 2517/3274/2144 2525/3284/2153 2524/3282/2152
f 2517/3275/2144 2518/3276/2145 2526/3285/2154 2525/3283/2153
f 2518/3276/2145 2519/3277/2146 2527/3288/2155 2526/3285/2154
f 2519/3277/2146 2520/3278/2147 2528/3289/2156 2527/3288/2155
f 2520/3278/2147 2521/3279/2148 2529/3290/2157 2528/3289/2156
f 2521/3279/2148 2578/3358/2149 2586/3369/2158 2529/3290/2157
f 2522/3280/2151 2523/3281/2150 2531/3292/2159 2530/3291/2160
f 2523/3281/2150 2524/3282/2152 2532/3293/2161 2531/3292/2159
f 2524/3282/2152 2525/3284/2153 2533/3294/2162 2532/3293/2161
f 2525/3284/2153 2526/3286/2154 2534/3295/2163 2533/3294/2162
f 2526/3286/2154 2527/3287/2155 2535/3297/2164 2534/3295/2163
f 2527/3288/2155 2528/3289/2156 2536/3298/2165 2535/3296/2164
f 2528/3289/2156 2529/3290/2157 2537/3300/2166 2536/3298/2165
f 2529/3290/2157 2586/3369/2158 2594/3380/2167 2537/3300/2166
f 2530/3291/2160 2531/3292/2159 2539/3304/2168 2538/3303/2169
f 2531/3292/2159 2532/3293/2161 2540/3305/2170 2539/3304/2168
f 2532/3293/2161 2533/3294/2162 2541/3306/2171 2540/3305/2170
f 2533/3294/2162 2534/3295/2163 2542/3307/2172 2541/3306/2171
f 2534/3295/2163 2535/3297/2164 2543/3308/2173 2542/3307/2172
f 2535/3297/2164 2536/3299/2165 2544/3309/2174 2543/3308/2173
f 2536/3299/2165 2537/3301/2166 2545/3311/2175 2544/3309/2174
f 2537/3302/2166 2594/3381/2167 2602/3392/2176 2545/3310/2175
f 2538/3303/2169 2539/3304/2168 2788/3616/2177 2787/3615/2178
f 2539/3304/2168 2540/3305/2170 2789/3617/2179 2788/3616/2177
f 2540/3305/2170 2541/3306/2171 2790/3618/2180 2789/3617/2179
f 2541/3306/2171 2542/3307/2172 2791/3619/2181 2790/3618/2180
f 2542/3307/2172 2543/3308/2173 2792/3620/2182 2791/3619/2181
f 2543/3308/2173 2544/3309/2174 2793/3621/2183 2792/3620/2182
f 2544/3309/2174 2545/3311/2175 2794/3622/2184 2793/3621/2183
f 2545/3311/2175 2602/3391/2176 2795/3624/2185 2794/3622/2184
f 2546/3312/2121 2547/3313/2186 2555/3325/2187 2554/3324/2122
f 2547/3313/2186 2548/3314/2188 2556/3326/2189 2555/3325/2187
f 2548/3314/2188 2549/3315/2190 2557/3328/2191 2556/3326/2189
f 2549/3315/2190 2550/3317/2192 2558/3330/2193 2557/3328/2191
f 2550/3316/2192 2551/3318/2194 2559/3332/2195 2558/3331/2193
f 2551/3318/2194 2552/3321/2196 2560/3334/2197 2559/3332/2195
f 2552/3322/2196 2553/3323/2198 2561/3336/2199 2560/3333/2197
f 2553/3323/2198 2610/3402/2200 2618/3410/2201 2561/3336/2199
f 2554/3324/2122 2555/3325/2187 2563/3338/2202 2562/3337/2131
f 2555/3325/2187 2556/3326/2189 2564/3340/2203 2563/3338/2202
f 2556/3327/2189 2557/3329/2191 2565/3342/2204 2564/3341/2203
f 2557/3329/2191 2558/3331/2193 2566/3343/2205 2565/3342/2204
f 2558/3331/2193 2559/3332/2195 2567/3344/2206 2566/3343/2205
f 2559/3332/2195 2560/3334/2197 2568/3345/2207 2567/3344/2206
f 2560/3334/2197 2561/3335/2199 2569/3346/2208 2568/3345/2207
f 2561/3336/2199 2618/3410/2201 2626/3418/2209 2569/3347/2208
f 2562/3337/2131 2563/3338/2202 2571/3349/2210 2570/3348/2140
f 2563/3339/2202 2564/3341/2203 2572/3351/2211 2571/3350/2210
f 2564/3341/2203 2565/3342/2204 2573/3352/2212 2572/3351/2211
f 2565/3342/2204 2566/3343/2205 2574/3353/2213 2573/3352/2212
f 2566/3343/2205 2567/3344/2206 2575/3354/2214 2574/3353/2213
f 2567/3344/2206 2568/3345/2207 2576/3355/2215 2575/3354/2214
f 2568/3345/2207 2569/3346/2208 2577/3357/2216 2576/3355/2215
f 2569/3347/2208 2626/3418/2209 2634/3427/2217 2577/3356/2216
f 2570/3348/2140 2571/3349/2210 2579/3360/2218 2578/3358/2149
f 2571/3350/2210 2572/3351/2211 2580/3362/2219 2579/3361/2218
f 2572/3351/2211 2573/3352/2212 2581/3363/2220 2580/3362/2219
f 2573/3352/2212 2574/3353/2213 2582/3364/2221 2581/3363/2220
f 2574/3353/2213 2575/3354/2214 2583/3365/2222 2582/3364/2221
f 2575/3354/2214 2576/3355/2215 2584/3366/2223 2583/3365/2222
f 2576/3355/2215 2577/3357/2216 2585/3367/2224 2584/3366/2223
f 2577/3357/2216 2634/3426/2217 2642/3443/2225 2585/3367/2224
f 2578/3359/2149 2579/3361/2218 2587/3371/2226 2586/3370/2158
f 2579/3361/2218 2580/3362/2219 2588/3372/2227 2587/3371/2226
f 2580/3362/2219 2581/3363/2220 2589/3373/2228 2588/3372/2227
f 2581/3363/2220 2582/3364/2221 2590/3374/2229 2589/3373/2228
f 2582/3364/2221 2583/3365/2222 2591/3375/2230 2590/3374/2229
f 2583/3365/2222 2584/3366/2223 2592/3376/2231 2591/3375/2230
f 2584/3366/2223 2585/3367/2224 2593/3378/2232 2592/3376/2231
f 2585/3368/2224 2642/3444/2225 2650/3452/2233 2593/3379/2232
f 2586/3370/2158 2587/3371/2226 2595/3382/2234 2594/3381/2167
f 2587/3371/2226 2588/3372/2227 2596/3383/2235 2595/3382/2234
f 2588/3372/2227 2589/3373/2228 2597/3384/2236 2596/3383/2235
f 2589/3373/2228 2590/3374/2229 2598/3385/2237 2597/3384/2236
f 2590/3374/2229 2591/3375/2230 2599/3386/2238 2598/3385/2237
f 2591/3375/2230 2592/3376/2231 2600/3388/2239 2599/3386/2238
f 2592/3377/2231 2593/3379/2232 2601/3390/2240 2600/3389/2239
f 2593/3379/2232 2650/3452/2233 2658/3460/2241 2601/3390/2240
f 2594/3381/2167 2595/3382/2234 2603/3393/2242 2602/3392/2176
f 2595/3382/2234 2596/3383/2235 2604/3394/2243 2603/3393/2242
f 2596/3383/2235 2597/3384/2236 2605/3395/2244 2604/3394/2243
f 2597/3384/2236 2598/3385/2237 2606/3396/2245 2605/3395/2244
f 2598/3385/2237 2599/3386/2238 2607/3398/2246 2606/3396/2245
f 2599/3387/2238 2600/3389/2239 2608/3400/2247 2607/3399/2246
f 2600/3389/2239 2601/3390/2240 2609/3401/2248 2608/3400/2247
f 2601/3390/2240 2658/3460/2241 2666/3468/2249 2609/3401/2248
f 2602/3392/2176 2603/3393/2242 2804/3635/2250 2795/3623/2185
f 2603/3393/2242 2604/3394/2243 2813/3648/2251 2804/3635/2250
f 2604/3394/2243 2605/3395/2244 2822/3661/2252 2813/3648/2251
f 2605/3395/2244 2606/3396/2245 2831/3674/2253 2822/3661/2252
f 2606/3397/2245 2607/3399/2246 2840/3686/2254 2831/3675/2253
f 2607/3399/2246 2608/3400/2247 2849/3696/2255 2840/3686/2254
f 2608/3400/2247 2609/3401/2248 2858/3705/2256 2849/3696/2255
f 2609/3401/2248 2666/3468/2249 2867/3714/2257 2858/3705/2256
f 2610/3402/2200 2611/3403/2258 2619/3411/2259 2618/3410/2201
f 2611/3403/2258 2612/3404/2260 2620/3412/2261 2619/3411/2259
f 2612/3404/2260 2613/3405/2262 2621/3413/2263 2620/3412/2261
f 2613/3405/2262 2614/3406/2264 2622/3414/2265 2621/3413/2263
f 2614/3406/2264 2615/3407/2266 2623/3415/2267 2622/3414/2265
f 2615/3407/2266 2616/3408/2268 2624/3416/2269 2623/3415/2267
f 2616/3408/2268 2617/3409/2270 2625/3417/2271 2624/3416/2269
f 2617/3409/2270 2674/3476/2272 2682/3485/2273 2625/3417/2271
f 2618/3410/2201 2619/3411/2259 2627/3419/2274 2626/3418/2209
f 2619/3411/2259 2620/3412/2261 2628/3420/2275 2627/3419/2274
f 2620/3412/2261 2621/3413/2263 2629/3421/2276 2628/3420/2275
f 2621/3413/2263 2622/3414/2265 2630/3422/2277 2629/3421/2276
f 2622/3414/2265 2623/3415/2267 2631/3423/2278 2630/3422/2277
f 2623/3415/2267 2624/3416/2269 2632/3424/2279 2631/3423/2278
f 2624/3416/2269 2625/3417/2271 2633/3425/2280 2632/3424/2279
f 2625/3417/2271 2682/3485/2273 2690/3495/2281 2633/3425/2280
f 2626/3418/2209 2627/3419/2274 2635/3429/2282 2634/3427/2217
f 2627/3419/2274 2628/3420/2275 2636/3431/2283 2635/3429/2282
f 2628/3420/2275 2629/3421/2276 2637/3433/2284 2636/3431/2283
f 2629/3421/2276 2630/3422/2277 2638/3435/2285 2637/3433/2284
f 2630/3422/2277 2631/3423/2278 2639/3437/2286 2638/3435/2285
f 2631/3423/2278 2632/3424/2279 2640/3439/2287 2639/3437/2286
f 2632/3424/2279 2633/3425/2280 2641/3441/2288 2640/3439/2287
f 2633/3425/2280 2690/3495/2281 2698/3510/2289 2641/3441/2288
f 2634/3428/2217 2635/3430/2282 2643/3445/2290 2642/3444/2225
f 2635/3430/2282 2636/3432/2283 2644/3446/2291 2643/3445/2290
f 2636/3432/2283 2637/3434/2284 2645/3447/2292 2644/3446/2291
f 2637/3434/2284 2638/3436/2285 2646/3448/2293 2645/3447/2292
f 2638/3436/2285 2639/3438/2286 2647/3449/2294 2646/3448/2293
f 2639/3438/2286 2640/3440/2287 2648/3450/2295 2647/3449/2294
f 2640/3440/2287 2641/3442/2288 2649/3451/2296 2648/3450/2295
f 2641/3442/2288 2698/3509/2289 2706/3521/2297 2649/3451/2296
f 2642/3444/2225 2643/3445/2290 2651/3453/2298 2650/3452/2233
f 2643/3445/2290 2644/3446/2291 2652/3454/2299 2651/3453/2298
f 2644/3446/2291 2645/3447/2292 2653/3455/2300 2652/3454/2299
f 2645/3447/2292 2646/3448/2293 2654/3456/2301 2653/3455/2300
f 2646/3448/2293 2647/3449/2294 2655/3457/2302 2654/3456/2301
f 2647/3449/2294 2648/3450/2295 2656/3458/2303 2655/3457/2302
f 2648/3450/2295 2649/3451/2296 2657/3459/2304 2656/3458/2303
f 2649/3451/2296 2706/3521/2297 2714/3532/2305 2657/3459/2304
f 2650/3452/2233 2651/3453/2298 2659/3461/2306 2658/3460/2241
f 2651/3453/2298 2652/3454/2299 2660/3462/2307 2659/3461/2306
f 2652/3454/2299 2653/3455/2300 2661/3463/2308 2660/3462/2307
f 2653/3455/2300 2654/3456/2301 2662/3464/2309 2661/3463/2308
f 2654/3456/2301 2655/3457/2302 2663/3465/2310 2662/3464/2309
f 2655/3457/2302 2656/3458/2303 2664/3466/2311 2663/3465/2310
f 2656/3458/2303 2657/3459/2304 2665/3467/2312 2664/3466/2311
f 2657/3459/2304 2714/3532/2305 2722/3541/2313 2665/3467/2312
f 2658/3460/2241 2659/3461/2306 2667/3469/2314 2666/3468/2249
f 2659/3461/2306 2660/3462/2307 2668/3470/2315 2667/3469/2314
f 2660/3462/2307 2661/3463/2308 2669/3471/2316 2668/3470/2315
f 2661/3463/2308 2662/3464/2309 2670/3472/2317 2669/3471/2316
f 2662/3464/2309 2663/3465/2310 2671/3473/2318 2670/3472/2317
f 2663/3465/2310 2664/3466/2311 2672/3474/2319 2671/3473/2318
f 2664/3466/2311 2665/3467/2312 2673/3475/2320 2672/3474/2319
f 2665/3467/2312 2722/3541/2313 2730/3550/2321 2673/3475/2320
f 2666/3468/2249 2667/3469/2314 2866/3713/2322 2867/3714/2257
f 2667/3469/2314 2668/3470/2315 2865/3712/2323 2866/3713/2322
f 2668/3470/2315 2669/3471/2316 2864/3711/2324 2865/3712/2323
f 2669/3471/2316 2670/3472/2317 2863/3710/2325 2864/3711/2324
f 2670/3472/2317 2671/3473/2318 2862/3709/2326 2863/3710/2325
f 2671/3473/2318 2672/3474/2319 2861/3708/2327 2862/3709/2326
f 2672/3474/2319 2673/3475/2320 2860/3707/2328 2861/3708/2327
f 2673/3475/2320 2730/3550/2321 2859/3706/2329 2860/3707/2328
f 2674/3476/2272 2675/3477/2330 2683/3486/2331 2682/3485/2273
f 2675/3477/2330 2676/3478/2332 2684/3487/2333 2683/3486/2331
f 2676/3478/2332 2677/3479/2334 2685/3489/2335 2684/3487/2333
f 2677/3480/2334 2678/3481/2336 2686/3491/2337 2685/3488/2335
f 2678/3481/2336 2679/3482/2338 2687/3492/2339 2686/3491/2337
f 2679/3482/2338 2680/3483/2340 2688/3493/2341 2687/3492/2339
f 2680/3483/2340 2681/3484/2342 2689/3494/2343 2688/3493/2341
f 2681/3484/2342 2482/3234/2105 2490/3242/2108 2689/3494/2343
f 2682/3485/2273 2683/3486/2331 2691/3496/2344 2690/3495/2281
f 2683/3486/2331 2684/3487/2333 2692/3497/2345 2691/3496/2344
f 2684/3487/2333 2685/3489/2335 2693/3498/2346 2692/3497/2345
f 2685/3489/2335 2686/3490/2337 2694/3500/2347 2693/3498/2346
f 2686/3491/2337 2687/3492/2339 2695/3503/2348 2694/3501/2347
f 2687/3492/2339 2688/3493/2341 2696/3505/2349 2695/3503/2348
f 2688/3493/2341 2689/3494/2343 2697/3507/2350 2696/3505/2349
f 2689/3494/2343 2490/3242/2108 2498/3250/2124 2697/3507/2350
f 2690/3495/2281 2691/3496/2344 2699/3511/2351 2698/3510/2289
f 2691/3496/2344 2692/3497/2345 2700/3512/2352 2699/3511/2351
f 2692/3497/2345 2693/3498/2346 2701/3514/2353 2700/3512/2352
f 2693/3499/2346 2694/3502/2347 2702/3516/2354 2701/3515/2353
f 2694/3502/2347 2695/3504/2348 2703/3517/2355 2702/3516/2354
f 2695/3504/2348 2696/3506/2349 2704/3518/2356 2703/3517/2355
f 2696/3506/2349 2697/3508/2350 2705/3519/2357 2704/3518/2356
f 2697/3508/2350 2498/3251/2124 2506/3260/2133 2705/3519/2357
f 2698/3510/2289 2699/3511/2351 2707/3522/2358 2706/3520/2297
f 2699/3511/2351 2700/3512/2352 2708/3524/2359 2707/3522/2358
f 2700/3513/2352 2701/3515/2353 2709/3527/2360 2708/3526/2359
f 2701/3515/2353 2702/3516/2354 2710/3528/2361 2709/3527/2360
f 2702/3516/2354 2703/3517/2355 2711/3529/2362 2710/3528/2361
f 2703/3517/2355 2704/3518/2356 2712/3530/2363 2711/3529/2362
f 2704/3518/2356 2705/3519/2357 2713/3531/2364 2712/3530/2363
f 2705/3519/2357 2506/3260/2133 2514/3269/2142 2713/3531/2364
f 2706/3521/2297 2707/3523/2358 2715/3533/2365 2714/3532/2305
f 2707/3523/2358 2708/3525/2359 2716/3534/2366 2715/3533/2365
f 2708/3526/2359 2709/3527/2360 2717/3536/2367 2716/3535/2366
f 2709/3527/2360 2710/3528/2361 2718/3537/2368 2717/3536/2367
f 2710/3528/2361 2711/3529/2362 2719/3538/2369 2718/3537/2368
f 2711/3529/2362 2712/3530/2363 2720/3539/2370 2719/3538/2369
f 2712/3530/2363 2713/3531/2364 2721/3540/2371 2720/3539/2370
f 2713/3531/2364 2514/3269/2142 2522/3280/2151 2721/3540/2371
f 2714/3532/2305 2715/3533/2365 2723/3542/2372 2722/3541/2313
f 2715/3533/2365 2716/3534/2366 2724/3543/2373 2723/3542/2372
f 2716/3535/2366 2717/3536/2367 2725/3545/2374 2724/3544/2373
f 2717/3536/2367 2718/3537/2368 2726/3546/2375 2725/3545/2374
f 2718/3537/2368 2719/3538/2369 2727/3547/2376 2726/3546/2375
f 2719/3538/2369 2720/3539/2370 2728/3548/2377 2727/3547/2376
f 2720/3539/2370 2721/3540/2371 2729/3549/2378 2728/3548/2377
f 2721/3540/2371 2522/3280/2151 2530/3291/2160 2729/3549/2378
f 2722/3541/2313 2723/3542/2372 2731/3551/2379 2730/3550/2321
f 2723/3542/2372 2724/3543/2373 2732/3552/2380 2731/3551/2379
f 2724/3544/2373 2725/3545/2374 2733/3554/2381 2732/3553/2380
f 2725/3545/2374 2726/3546/2375 2734/3555/2382 2733/3554/2381
f 2726/3546/2375 2727/3547/2376 2735/3556/2383 2734/3555/2382
f 2727/3547/2376 2728/3548/2377 2736/3557/2384 2735/3556/2383
f 2728/3548/2377 2729/3549/2378 2737/3558/2385 2736/3557/2384
f 2729/3549/2378 2530/3291/2160 2538/3303/2169 2737/3558/2385
f 2730/3550/2321 2731/3551/2379 2850/3697/2386 2859/3706/2329
f 2731/3551/2379 2732/3552/2380 2841/3688/2387 2850/3697/2386
f 2732/3553/2380 2733/3554/2381 2832/3676/2388 2841/3687/2387
f 2733/3554/2381 2734/3555/2382 2823/3663/2389 2832/3676/2388
f 2734/3555/2382 2735/3556/2383 2814/3650/2390 2823/3663/2389
f 2735/3556/2383 2736/3557/2384 2805/3636/2391 2814/3650/2390
f 2736/3557/2384 2737/3558/2385 2796/3625/2392 2805/3636/2391
f 2737/3558/2385 2538/3303/2169 2787/3615/2178 2796/3625/2392
f 2674/3476/2272 2617/3409/2270 2738/3559/2393 2675/3477/2330
f 2617/3409/2270 2616/3408/2268 2739/3560/2394 2738/3559/2393
f 2616/3408/2268 2615/3407/2266 2740/3561/2395 2739/3560/2394
f 2615/3407/2266 2614/3406/2264 2741/3562/2396 2740/3561/2395
f 2614/3406/2264 2613/3405/2262 2742/3563/2397 2741/3562/2396
f 2613/3405/2262 2612/3404/2260 2743/3564/2398 2742/3563/2397
f 2612/3404/2260 2611/3403/2258 2744/3565/2399 2743/3564/2398
f 2611/3403/2258 2610/3402/2200 2553/3323/2198 2744/3565/2399
f 2675/3477/2330 2738/3559/2393 2745/3566/2400 2676/3478/2332
f 2738/3559/2393 2739/3560/2394 2746/3567/2401 2745/3566/2400
f 2739/3560/2394 2740/3561/2395 2747/3568/2402 2746/3567/2401
f 2740/3561/2395 2741/3562/2396 2748/3569/2403 2747/3568/2402
f 2741/3562/2396 2742/3563/2397 2749/3570/2404 2748/3569/2403
f 2742/3563/2397 2743/3564/2398 2750/3571/2405 2749/3570/2404
f 2743/3564/2398 2744/3565/2399 2751/3572/2406 2750/3571/2405
f 2744/3565/2399 2553/3323/2198 2552/3322/2196 2751/3572/2406
f 2676/3478/2332 2745/3566/2400 2752/3573/2407 2677/3479/2334
f 2745/3566/2400 2746/3567/2401 2753/3575/2408 2752/3573/2407
f 2746/3567/2401 2747/3568/2402 2754/3577/2409 2753/3575/2408
f 2747/3568/2402 2748/3569/2403 2755/3579/2410 2754/3577/2409
f 2748/3569/2403 2749/3570/2404 2756/3581/2411 2755/3579/2410
f 2749/3570/2404 2750/3571/2405 2757/3583/2412 2756/3581/2411
f 2750/3571/2405 2751/3572/2406 2758/3585/2413 2757/3583/2412
f 2751/3572/2406 2552/3322/2196 2551/3319/2194 2758/3585/2413
f 2677/3480/2334 2752/3574/2407 2759/3587/2414 2678/3481/2336
f 2752/3574/2407 2753/3576/2408 2760/3588/2415 2759/3587/2414
f 2753/3576/2408 2754/3578/2409 2761/3589/2416 2760/3588/2415
f 2754/3578/2409 2755/3580/2410 2762/3590/2417 2761/3589/2416
f 2755/3580/2410 2756/3582/2411 2763/3591/2418 2762/3590/2417
f 2756/3582/2411 2757/3584/2412 2764/3592/2419 2763/3591/2418
f 2757/3584/2412 2758/3586/2413 2765/3593/2420 2764/3592/2419
f 2758/3586/2413 2551/3320/2194 2550/3317/2192 2765/3593/2420
f 2678/3481/2336 2759/3587/2414 2766/3594/2421 2679/3482/2338
f 2759/3587/2414 2760/3588/2415 2767/3595/2422 2766/3594/2421
f 2760/3588/2415 2761/3589/2416 2768/3596/2423 2767/3595/2422
f 2761/3589/2416 2762/3590/2417 2769/3597/2424 2768/3596/2423
f 2762/3590/2417 2763/3591/2418 2770/3598/2425 2769/3597/2424
f 2763/3591/2418 2764/3592/2419 2771/3599/2426 2770/3598/2425
f 2764/3592/2419 2765/3593/2420 2772/3600/2427 2771/3599/2426
f 2765/3593/2420 2550/3317/2192 2549/3315/2190 2772/3600/2427
f 2679/3482/2338 2766/3594/2421 2773/3601/2428 2680/3483/2340
f 2766/3594/2421 2767/3595/2422 2774/3602/2429 2773/3601/2428
f 2767/3595/2422 2768/3596/2423 2775/3603/2430 2774/3602/2429
f 2768/3596/2423 2769/3597/2424 2776/3604/2431 2775/3603/2430
f 2769/3597/2424 2770/3598/2425 2777/3605/2432 2776/3604/2431
f 2770/3598/2425 2771/3599/2426 2778/3606/2433 2777/3605/2432
f 2771/3599/2426 2772/3600/2427 2779/3607/2434 2778/3606/2433
f 2772/3600/2427 2549/3315/2190 2548/3314/2188 2779/3607/2434
f 2680/3483/2340 2773/3601/2428 2780/3608/2435 2681/3484/2342
f 2773/3601/2428 2774/3602/2429 2781/3609/2436 2780/3608/2435
f 2774/3602/2429 2775/3603/2430 2782/3610/2437 2781/3609/2436
f 2775/3603/2430 2776/3604/2431 2783/3611/2438 2782/3610/2437
f 2776/3604/2431 2777/3605/2432 2784/3612/2439 2783/3611/2438
f 2777/3605/2432 2778/3606/2433 2785/3613/2440 2784/3612/2439
f 2778/3606/2433 2779/3607/2434 2786/3614/2441 2785/3613/2440
f 2779/3607/2434 2548/3314/2188 2547/3313/2186 2786/3614/2441
f 2681/3484/2342 2780/3608/2435 2483/3235/2106 2482/3234/2105
f 2780/3608/2435 2781/3609/2436 2484/3236/2109 2483/3235/2106
f 2781/3609/2436 2782/3610/2437 2485/3237/2111 2484/3236/2109
f 2782/3610/2437 2783/3611/2438 2486/3238/2113 2485/3237/2111
f 2783/3611/2438 2784/3612/2439 2487/3239/2115 2486/3238/2113
f 2784/3612/2439 2785/3613/2440 2488/3240/2117 2487/3239/2115
f 2785/3613/2440 2786/3614/2441 2489/3241/2119 2488/3240/2117
f 2786/3614/2441 2547/3313/2186 2546/3312/2121 2489/3241/2119
f 2787/3615/2178 2788/3616/2177 2797/3626/2442 2796/3625/2392
f 2788/3616/2177 2789/3617/2179 2798/3627/2443 2797/3626/2442
f 2789/3617/2179 2790/3618/2180 2799/3628/2444 2798/3627/2443
f 2790/3618/2180 2791/3619/2181 2800/3629/2445 2799/3628/2444
f 2791/3619/2181 2792/3620/2182 2801/3630/2446 2800/3629/2445
f 2792/3620/2182 2793/3621/2183 2802/3631/2447 2801/3630/2446
f 2793/3621/2183 2794/3622/2184 2803/3632/2448 2802/3631/2447
f 2794/3622/2184 2795/3624/2185 2804/3634/2250 2803/3632/2448
f 2796/3625/2392 2797/3626/2442 2806/3637/2449 2805/3636/2391
f 2797/3626/2442 2798/3627/2443 2807/3638/2450 2806/3637/2449
f 2798/3627/2443 2799/3628/2444 2808/3639/2451 2807/3638/2450
f 2799/3628/2444 2800/3629/2445 2809/3640/2452 2808/3639/2451
f 2800/3629/2445 2801/3630/2446 2810/3641/2453 2809/3640/2452
f 2801/3630/2446 2802/3631/2447 2811/3643/2454 2810/3641/2453
f 2802/3631/2447 2803/3632/2448 2812/3645/2455 2811/3643/2454
f 2803/3633/2448 2804/3635/2250 2813/3648/2251 2812/3646/2455
f 2805/3636/2391 2806/3637/2449 2815/3651/2456 2814/3650/2390
f 2806/3637/2449 2807/3638/2450 2816/3652/2457 2815/3651/2456
f 2807/3638/2450 2808/3639/2451 2817/3653/2458 2816/3652/2457
f 2808/3639/2451 2809/3640/2452 2818/3655/2459 2817/3653/2458
f 2809/3640/2452 2810/3641/2453 2819/3657/2460 2818/3655/2459
f 2810/3642/2453 2811/3644/2454 2820/3659/2461 2819/3658/2460
f 2811/3644/2454 2812/3647/2455 2821/3660/2462 2820/3659/2461
f 2812/3647/2455 2813/3649/2251 2822/3662/2252 2821/3660/2462
f 2814/3650/2390 2815/3651/2456 2824/3664/2463 2823/3663/2389
f 2815/3651/2456 2816/3652/2457 2825/3666/2464 2824/3664/2463
f 2816/3652/2457 2817/3653/2458 2826/3668/2465 2825/3666/2464
f 2817/3654/2458 2818/3656/2459 2827/3670/2466 2826/3669/2465
f 2818/3656/2459 2819/3658/2460 2828/3671/2467 2827/3670/2466
f 2819/3658/2460 2820/3659/2461 2829/3672/2468 2828/3671/2467
f 2820/3659/2461 2821/3660/2462 2830/3673/2469 2829/3672/2468
f 2821/3660/2462 2822/3662/2252 2831/3675/2253 2830/3673/2469
f 2823/3663/2389 2824/3664/2463 2833/3678/2470 2832/3676/2388
f 2824/3665/2463 2825/3667/2464 2834/3680/2471 2833/3679/2470
f 2825/3667/2464 2826/3669/2465 2835/3681/2472 2834/3680/2471
f 2826/3669/2465 2827/3670/2466 2836/3682/2473 2835/3681/2472
f 2827/3670/2466 2828/3671/2467 2837/3683/2474 2836/3682/2473
f 2828/3671/2467 2829/3672/2468 2838/3684/2475 2837/3683/2474
f 2829/3672/2468 2830/3673/2469 2839/3685/2476 2838/3684/2475
f 2830/3673/2469 2831/3675/2253 2840/3686/2254 2839/3685/2476
f 2832/3677/2388 2833/3679/2470 2842/3689/2477 2841/3688/2387
f 2833/3679/2470 2834/3680/2471 2843/3690/2478 2842/3689/2477
f 2834/3680/2471 2835/3681/2472 2844/3691/2479 2843/3690/2478
f 2835/3681/2472 2836/3682/2473 2845/3692/2480 2844/3691/2479
f 2836/3682/2473 2837/3683/2474 2846/3693/2481 2845/3692/2480
f 2837/3683/2474 2838/3684/2475 2847/3694/2482 2846/3693/2481
f 2838/3684/2475 2839/3685/2476 2848/3695/2483 2847/3694/2482
f 2839/3685/2476 2840/3686/2254 2849/3696/2255 2848/3695/2483
f 2841/3688/2387 2842/3689/2477 2851/3698/2484 2850/3697/2386
f 2842/3689/2477 2843/3690/2478 2852/3699/2485 2851/3698/2484
f 2843/3690/2478 2844/3691/2479 2853/3700/2486 2852/3699/2485
f 2844/3691/2479 2845/3692/2480 2854/3701/2487 2853/3700/2486
f 2845/3692/2480 2846/3693/2481 2855/3702/2488 2854/3701/2487
f 2846/3693/2481 2847/3694/2482 2856/3703/2489 2855/3702/2488
f 2847/3694/2482 2848/3695/2483 2857/3704/2490 2856/3703/2489
f 2848/3695/2483 2849/3696/2255 2858/3705/2256 2857/3704/2490
f 2850/3697/2386 2851/3698/2484 2860/3707/2328 2859/3706/2329
f 2851/3698/2484 2852/3699/2485 2861/3708/2327 2860/3707/2328
f 2852/3699/2485 2853/3700/2486 2862/3709/2326 2861/3708/2327
f 2853/3700/2486 2854/3701/2487 2863/3710/2325 2862/3709/2326
f 2854/3701/2487 2855/3702/2488 2864/3711/2324 2863/3710/2325
f 2855/3702/2488 2856/3703/2489 2865/3712/2323 2864/3711/2324
f 2856/3703/2489 2857/3704/2490 2866/3713/2322 2865/3712/2323
f 2857/3704/2490 2858/3705/2256 2867/3714/2257 2866/3713/2322
f 2868/3715/2491 2869/3717/2492 2900/3778/2493
f 2869/3717/2492 2870/3719/2494 2900/3778/2493
f 2870/3719/2494 2871/3721/2495 2900/3778/2493
f 2871/3721/2495 2872/3723/2496 2900/3778/2493
f 2872/3723/2496 2873/3725/2497 2900/3778/2493
f 2873/3725/2497 2874/3727/2498 2900/3778/2493
f 2874/3727/2498 2875/3729/2499 2900/3778/2493
f 2875/3729/2499 2876/3731/2500 2900/3778/2493
f 2876/3731/2500 2877/3733/2501 2900/3778/2493
f 2877/3733/2501 2878/3735/2502 2900/3778/2493
f 2878/3736/2502 2879/3738/2503 2900/3779/2493
f 2879/3738/2503 2880/3740/2504 2900/3779/2493
f 2880/3740/2504 2881/3742/2505 2900/3779/2493
f 2881/3742/2505 2882/3744/2506 2900/3779/2493
f 2882/3744/2506 2883/3746/2507 2900/3779/2493
f 2883/3746/2507 2884/3748/2508 2900/3779/2493
f 2884/3748/2508 2885/3750/2509 2900/3779/2493
f 2885/3750/2509 2886/3752/2510 2900/3779/2493
f 2886/3752/2510 2887/3754/2511 2900/3779/2493
f 2887/3754/2511 2888/3756/2512 2900/3779/2493
f 2888/3756/2512 2889/3758/2513 2900/3779/2493
f 2889/3759/2513 2890/3761/2514 2900/3780/2493
f 2890/3761/2514 2891/3763/2515 2900/3780/2493
f 2891/3763/2515 2892/3765/2516 2900/3780/2493
f 2892/3765/2516 2893/3767/2517 2900/3780/2493
f 2893/3767/2517 2894/3769/2518 2900/3780/2493
f 2894/3769/2518 2895/3771/2519 2900/3780/2493
f 2895/3771/2519 2896/3773/2520 2900/3780/2493
f 2896/3774/2520 2897/3775/2521 2900/3781/2493
f 2897/3775/2521 2898/3776/2522 2900/3781/2493
f 2868/3716/2491 2899/3777/2523 2898/3776/2522 2897/3775/2521 2896/3774/2520 2895/3772/2519 2894/3770/2518 2893/3768/2517 2892/3766/2516 2891/3764/2515 2890/3762/2514 2889/3760/2513 2888/3757/2512 2887/3755/2511 2886/3753/2510 2885/3751/2509 2884/3749/2508 2883/3747/2507 2882/3745/2506 2881/3743/2505 2880/3741/2504 2879/3739/2503 2878/3737/2502 2877/3734/2501 2876/3732/2500 2875/3730/2499 2874/3728/2498 2873/3726/2497 2872/3724/2496 2871/3722/2495 2870/3720/2494 2869/3718/2492
f 2898/3776/2522 2899/3777/2523 2900/3781/2493
f 2899/3777/2523 2868/3716/2491 2900/3781/2493
f 2901/3782/2524 2909/3790/2525 2910/3791/2526 2902/3783/2527
f 2902/3783/2527 2910/3791/2526 2911/3792/2528 2903/3784/2529
f 2903/3784/2529 2911/3792/2528 2912/3793/2530 2904/3785/2531
f 2904/3785/2531 2912/3793/2530 2913/3794/2532 2905/3786/2533
f 2905/3786/2533 2913/3794/2532 2914/3795/2534 2906/3787/2535
f 2906/3787/2535 2914/3795/2534 2915/3796/2536 2907/3788/2537
f 2907/3788/2537 2915/3796/2536 2916/3797/2538 2908/3789/2539
f 2908/3789/2539 2916/3797/2538 2973/3872/2540 2965/3860/2541
f 2909/3790/2525 2917/3798/2542 2918/3800/2543 2910/3791/2526
f 2910/3791/2526 2918/3800/2543 2919/3801/2544 2911/3792/2528
f 2911/3792/2528 2919/3801/2544 2920/3802/2545 2912/3793/2530
f 2912/3793/2530 2920/3802/2545 2921/3803/2546 2913/3794/2532
f 2913/3794/2532 2921/3803/2546 2922/3804/2547 2914/3795/2534
f 2914/3795/2534 2922/3804/2547 2923/3805/2548 2915/3796/2536
f 2915/3796/2536 2923/3805/2548 2924/3806/2549 2916/3797/2538
f 2916/3797/2538 2924/3806/2549 2981/3884/2550 2973/3872/2540
f 2917/3798/2542 2925/3807/2551 2926/3810/2552 2918/3800/2543
f 2918/3800/2543 2926/3810/2552 2927/3811/2553 2919/3801/2544
f 2919/3801/2544 2927/3811/2553 2928/3812/2554 2920/3802/2545
f 2920/3802/2545 2928/3812/2554 2929/3813/2555 2921/3803/2546
f 2921/3803/2546 2929/3813/2555 2930/3814/2556 2922/3804/2547
f 2922/3804/2547 2930/3814/2556 2931/3815/2557 2923/3805/2548
f 2923/3805/2548 2931/3815/2557 2932/3816/2558 2924/3806/2549
f 2924/3806/2549 2932/3816/2558 2989/3895/2559 2981/3884/2550
f 2925/3808/2551 2933/3817/2560 2934/3819/2561 2926/3809/2552
f 2926/3810/2552 2934/3818/2561 2935/3820/2562 2927/3811/2553
f 2927/3811/2553 2935/3820/2562 2936/3823/2563 2928/3812/2554
f 2928/3812/2554 2936/3823/2563 2937/3824/2564 2929/3813/2555
f 2929/3813/2555 2937/3824/2564 2938/3825/2565 2930/3814/2556
f 2930/3814/2556 2938/3825/2565 2939/3826/2566 2931/3815/2557
f 2931/3815/2557 2939/3826/2566 2940/3827/2567 2932/3816/2558
f 2932/3816/2558 2940/3827/2567 2997/3905/2568 2989/3895/2559
f 2933/3817/2560 2941/3828/2569 2942/3829/2570 2934/3819/2561
f 2934/3819/2561 2942/3829/2570 2943/3830/2571 2935/3821/2562
f 2935/3821/2562 2943/3830/2571 2944/3832/2572 2936/3822/2563
f 2936/3823/2563 2944/3831/2572 2945/3833/2573 2937/3824/2564
f 2937/3824/2564 2945/3833/2573 2946/3836/2574 2938/3825/2565
f 2938/3825/2565 2946/3836/2574 2947/3837/2575 2939/3826/2566
f 2939/3826/2566 2947/3837/2575 2948/3838/2576 2940/3827/2567
f 2940/3827/2567 2948/3838/2576 3005/3916/2577 2997/3905/2568
f 2941/3828/2569 2949/3839/2578 2950/3840/2579 2942/3829/2570
f 2942/3829/2570 2950/3840/2579 2951/3841/2580 2943/3830/2571
f 2943/3830/2571 2951/3841/2580 2952/3842/2581 2944/3832/2572
f 2944/3832/2572 2952/3842/2581 2953/3843/2582 2945/3834/2573
f 2945/3834/2573 2953/3843/2582 2954/3845/2583 2946/3835/2574
f 2946/3836/2574 2954/3844/2583 2955/3846/2584 2947/3837/2575
f 2947/3837/2575 2955/3846/2584 2956/3848/2585 2948/3838/2576
f 2948/3838/2576 2956/3848/2585 3013/3926/2586 3005/3916/2577
f 2949/3839/2578 2957/3851/2587 2958/3852/2588 2950/3840/2579
f 2950/3840/2579 2958/3852/2588 2959/3853/2589 2951/3841/2580
f 2951/3841/2580 2959/3853/2589 2960/3854/2590 2952/3842/2581
f 2952/3842/2581 2960/3854/2590 2961/3855/2591 2953/3843/2582
f 2953/3843/2582 2961/3855/2591 2962/3856/2592 2954/3845/2583
f 2954/3845/2583 2962/3856/2592 2963/3857/2593 2955/3847/2584
f 2955/3847/2584 2963/3857/2593 2964/3859/2594 2956/3849/2585
f 2956/3850/2585 2964/3858/2594 3021/3938/2595 3013/3927/2586
f 2957/3851/2587 3206/4163/2596 3207/4164/2597 2958/3852/2588
f 2958/3852/2588 3207/4164/2597 3208/4165/2598 2959/3853/2589
f 2959/3853/2589 3208/4165/2598 3209/4166/2599 2960/3854/2590
f 2960/3854/2590 3209/4166/2599 3210/4167/2600 2961/3855/2591
f 2961/3855/2591 3210/4167/2600 3211/4168/2601 2962/3856/2592
f 2962/3856/2592 3211/4168/2601 3212/4169/2602 2963/3857/2593
f 2963/3857/2593 3212/4169/2602 3213/4170/2603 2964/3859/2594
f 2964/3859/2594 3213/4170/2603 3214/4172/2604 3021/3937/2595
f 2965/3860/2541 2973/3872/2540 2974/3873/2605 2966/3861/2606
f 2966/3861/2606 2974/3873/2605 2975/3874/2607 2967/3862/2608
f 2967/3862/2608 2975/3874/2607 2976/3875/2609 2968/3863/2610
f 2968/3863/2610 2976/3875/2609 2977/3877/2611 2969/3865/2612
f 2969/3864/2612 2977/3878/2611 2978/3879/2613 2970/3866/2614
f 2970/3866/2614 2978/3879/2613 2979/3881/2615 2971/3869/2616
f 2971/3870/2616 2979/3880/2615 2980/3883/2617 2972/3871/2618
f 2972/3871/2618 2980/3883/2617 3037/3957/2619 3029/3949/2620
f 2973/3872/2540 2981/3884/2550 2982/3885/2621 2974/3873/2605
f 2974/3873/2605 2982/3885/2621 2983/3886/2622 2975/3874/2607
f 2975/3874/2607 2983/3886/2622 2984/3888/2623 2976/3875/2609
f 2976/3876/2609 2984/3889/2623 2985/3890/2624 2977/3878/2611
f 2977/3878/2611 2985/3890/2624 2986/3891/2625 2978/3879/2613
f 2978/3879/2613 2986/3891/2625 2987/3892/2626 2979/3881/2615
f 2979/3881/2615 2987/3892/2626 2988/3894/2627 2980/3882/2617
f 2980/3883/2617 2988/3893/2627 3045/3966/2628 3037/3957/2619
f 2981/3884/2550 2989/3895/2559 2990/3896/2629 2982/3885/2621
f 2982/3885/2621 2990/3896/2629 2991/3898/2630 2983/3886/2622
f 2983/3887/2622 2991/3899/2630 2992/3900/2631 2984/3889/2623
f 2984/3889/2623 2992/3900/2631 2993/3901/2632 2985/3890/2624
f 2985/3890/2624 2993/3901/2632 2994/3902/2633 2986/3891/2625
f 2986/3891/2625 2994/3902/2633 2995/3903/2634 2987/3892/2626
f 2987/3892/2626 2995/3903/2634 2996/3904/2635 2988/3894/2627
f 2988/3894/2627 2996/3904/2635 3053/3974/2636 3045/3965/2628
f 2989/3895/2559 2997/3905/2568 2998/3907/2637 2990/3896/2629
f 2990/3897/2629 2998/3908/2637 2999/3909/2638 2991/3899/2630
f 2991/3899/2630 2999/3909/2638 3000/3910/2639 2992/3900/2631
f 2992/3900/2631 3000/3910/2639 3001/3911/2640 2993/3901/2632
f 2993/3901/2632 3001/3911/2640 3002/3912/2641 2994/3902/2633
f 2994/3902/2633 3002/3912/2641 3003/3913/2642 2995/3903/2634
f 2995/3903/2634 3003/3913/2642 3004/3914/2643 2996/3904/2635
f 2996/3904/2635 3004/3914/2643 3061/3991/2644 3053/3974/2636
f 2997/3906/2568 3005/3917/2577 3006/3918/2645 2998/3908/2637
f 2998/3908/2637 3006/3918/2645 3007/3919/2646 2999/3909/2638
f 2999/3909/2638 3007/3919/2646 3008/3920/2647 3000/3910/2639
f 3000/3910/2639 3008/3920/2647 3009/3921/2648 3001/3911/2640
f 3001/3911/2640 3009/3921/2648 3010/3922/2649 3002/3912/2641
f 3002/3912/2641 3010/3922/2649 3011/3923/2650 3003/3913/2642
f 3003/3913/2642 3011/3923/2650 3012/3924/2651 3004/3914/2643
f 3004/3915/2643 3012/3925/2651 3069/4000/2652 3061/3992/2644
f 3005/3917/2577 3013/3927/2586 3014/3928/2653 3006/3918/2645
f 3006/3918/2645 3014/3928/2653 3015/3929/2654 3007/3919/2646
f 3007/3919/2646 3015/3929/2654 3016/3930/2655 3008/3920/2647
f 3008/3920/2647 3016/3930/2655 3017/3931/2656 3009/3921/2648
f 3009/3921/2648 3017/3931/2656 3018/3932/2657 3010/3922/2649
f 3010/3922/2649 3018/3932/2657 3019/3933/2658 3011/3923/2650
f 3011/3923/2650 3019/3933/2658 3020/3935/2659 3012/3924/2651
f 3012/3925/2651 3020/3936/2659 3077/4008/2660 3069/4000/2652
f 3013/3927/2586 3021/3938/2595 3022/3939/2661 3014/3928/2653
f 3014/3928/2653 3022/3939/2661 3023/3940/2662 3015/3929/2654
f 3015/3929/2654 3023/3940/2662 3024/3941/2663 3016/3930/2655
f 3016/3930/2655 3024/3941/2663 3025/3942/2664 3017/3931/2656
f 3017/3931/2656 3025/3942/2664 3026/3944/2665 3018/3932/2657
f 3018/3932/2657 3026/3944/2665 3027/3946/2666 3019/3933/2658
f 3019/3934/2658 3027/3947/2666 3028/3948/2667 3020/3936/2659
f 3020/3936/2659 3028/3948/2667 3085/4016/2668 3077/4008/2660
f 3021/3938/2595 3214/4171/2604 3223/4183/2669 3022/3939/2661
f 3022/3939/2661 3223/4183/2669 3232/4196/2670 3023/3940/2662
f 3023/3940/2662 3232/4196/2670 3241/4209/2671 3024/3941/2663
f 3024/3941/2663 3241/4209/2671 3250/4222/2672 3025/3942/2664
f 3025/3943/2664 3250/4223/2672 3259/4234/2673 3026/3945/2665
f 3026/3945/2665 3259/4234/2673 3268/4244/2674 3027/3947/2666
f 3027/3947/2666 3268/4244/2674 3277/4253/2675 3028/3948/2667
f 3028/3948/2667 3277/4253/2675 3286/4262/2676 3085/4016/2668
f 3029/3949/2620 3037/3957/2619 3038/3958/2677 3030/3950/2678
f 3030/3950/2678 3038/3958/2677 3039/3959/2679 3031/3951/2680
f 3031/3951/2680 3039/3959/2679 3040/3960/2681 3032/3952/2682
f 3032/3952/2682 3040/3960/2681 3041/3961/2683 3033/3953/2684
f 3033/3953/2684 3041/3961/2683 3042/3962/2685 3034/3954/2686
f 3034/3954/2686 3042/3962/2685 3043/3963/2687 3035/3955/2688
f 3035/3955/2688 3043/3963/2687 3044/3964/2689 3036/3956/2690
f 3036/3956/2690 3044/3964/2689 3101/4033/2691 3093/4024/2692
f 3037/3957/2619 3045/3966/2628 3046/3967/2693 3038/3958/2677
f 3038/3958/2677 3046/3967/2693 3047/3968/2694 3039/3959/2679
f 3039/3959/2679 3047/3968/2694 3048/3969/2695 3040/3960/2681
f 3040/3960/2681 3048/3969/2695 3049/3970/2696 3041/3961/2683
f 3041/3961/2683 3049/3970/2696 3050/3971/2697 3042/3962/2685
f 3042/3962/2685 3050/3971/2697 3051/3972/2698 3043/3963/2687
f 3043/3963/2687 3051/3972/2698 3052/3973/2699 3044/3964/2689
f 3044/3964/2689 3052/3973/2699 3109/4043/2700 3101/4033/2691
f 3045/3966/2628 3053/3975/2636 3054/3977/2701 3046/3967/2693
f 3046/3967/2693 3054/3977/2701 3055/3979/2702 3047/3968/2694
f 3047/3968/2694 3055/3979/2702 3056/3981/2703 3048/3969/2695
f 3048/3969/2695 3056/3981/2703 3057/3983/2704 3049/3970/2696
f 3049/3970/2696 3057/3983/2704 3058/3985/2705 3050/3971/2697
f 3050/3971/2697 3058/3985/2705 3059/3987/2706 3051/3972/2698
f 3051/3972/2698 3059/3987/2706 3060/3989/2707 3052/3973/2699
f 3052/3973/2699 3060/3989/2707 3117/4058/2708 3109/4043/2700
f 3053/3976/2636 3061/3992/2644 3062/3993/2709 3054/3978/2701
f 3054/3978/2701 3062/3993/2709 3063/3994/2710 3055/3980/2702
f 3055/3980/2702 3063/3994/2710 3064/3995/2711 3056/3982/2703
f 3056/3982/2703 3064/3995/2711 3065/3996/2712 3057/3984/2704
f 3057/3984/2704 3065/3996/2712 3066/3997/2713 3058/3986/2705
f 3058/3986/2705 3066/3997/2713 3067/3998/2714 3059/3988/2706
f 3059/3988/2706 3067/3998/2714 3068/3999/2715 3060/3990/2707
f 3060/3990/2707 3068/3999/2715 3125/4069/2716 3117/4057/2708
f 3061/3992/2644 3069/4000/2652 3070/4001/2717 3062/3993/2709
f 3062/3993/2709 3070/4001/2717 3071/4002/2718 3063/3994/2710
f 3063/3994/2710 3071/4002/2718 3072/4003/2719 3064/3995/2711
f 3064/3995/2711 3072/4003/2719 3073/4004/2720 3065/3996/2712
f 3065/3996/2712 3073/4004/2720 3074/4005/2721 3066/3997/2713
f 3066/3997/2713 3074/4005/2721 3075/4006/2722 3067/3998/2714
f 3067/3998/2714 3075/4006/2722 3076/4007/2723 3068/3999/2715
f 3068/3999/2715 3076/4007/2723 3133/4080/2724 3125/4069/2716
f 3069/4000/2652 3077/4008/2660 3078/4009/2725 3070/4001/2717
f 3070/4001/2717 3078/4009/2725 3079/4010/2726 3071/4002/2718
f 3071/4002/2718 3079/4010/2726 3080/4011/2727 3072/4003/2719
f 3072/4003/2719 3080/4011/2727 3081/4012/2728 3073/4004/2720
f 3073/4004/2720 3081/4012/2728 3082/4013/2729 3074/4005/2721
f 3074/4005/2721 3082/4013/2729 3083/4014/2730 3075/4006/2722
f 3075/4006/2722 3083/4014/2730 3084/4015/2731 3076/4007/2723
f 3076/4007/2723 3084/4015/2731 3141/4089/2732 3133/4080/2724
f 3077/4008/2660 3085/4016/2668 3086/4017/2733 3078/4009/2725
f 3078/4009/2725 3086/4017/2733 3087/4018/2734 3079/4010/2726
f 3079/4010/2726 3087/4018/2734 3088/4019/2735 3080/4011/2727
f 3080/4011/2727 3088/4019/2735 3089/4020/2736 3081/4012/2728
f 3081/4012/2728 3089/4020/2736 3090/4021/2737 3082/4013/2729
f 3082/4013/2729 3090/4021/2737 3091/4022/2738 3083/4014/2730
f 3083/4014/2730 3091/4022/2738 3092/4023/2739 3084/4015/2731
f 3084/4015/2731 3092/4023/2739 3149/4098/2740 3141/4089/2732
f 3085/4016/2668 3286/4262/2676 3285/4261/2741 3086/4017/2733
f 3086/4017/2733 3285/4261/2741 3284/4260/2742 3087/4018/2734
f 3087/4018/2734 3284/4260/2742 3283/4259/2743 3088/4019/2735
f 3088/4019/2735 3283/4259/2743 3282/4258/2744 3089/4020/2736
f 3089/4020/2736 3282/4258/2744 3281/4257/2745 3090/4021/2737
f 3090/4021/2737 3281/4257/2745 3280/4256/2746 3091/4022/2738
f 3091/4022/2738 3280/4256/2746 3279/4255/2747 3092/4023/2739
f 3092/4023/2739 3279/4255/2747 3278/4254/2748 3149/4098/2740
f 3093/4024/2692 3101/4033/2691 3102/4034/2749 3094/4025/2750
f 3094/4025/2750 3102/4034/2749 3103/4035/2751 3095/4026/2752
f 3095/4026/2752 3103/4035/2751 3104/4037/2753 3096/4027/2754
f 3096/4028/2754 3104/4036/2753 3105/4039/2755 3097/4029/2756
f 3097/4029/2756 3105/4039/2755 3106/4040/2757 3098/4030/2758
f 3098/4030/2758 3106/4040/2757 3107/4041/2759 3099/4031/2760
f 3099/4031/2760 3107/4041/2759 3108/4042/2761 3100/4032/2762
f 3100/4032/2762 3108/4042/2761 2909/3790/2525 2901/3782/2524
f 3101/4033/2691 3109/4043/2700 3110/4044/2763 3102/4034/2749
f 3102/4034/2749 3110/4044/2763 3111/4045/2764 3103/4035/2751
f 3103/4035/2751 3111/4045/2764 3112/4046/2765 3104/4037/2753
f 3104/4037/2753 3112/4046/2765 3113/4048/2766 3105/4038/2755
f 3105/4039/2755 3113/4049/2766 3114/4051/2767 3106/4040/2757
f 3106/4040/2757 3114/4051/2767 3115/4053/2768 3107/4041/2759
f 3107/4041/2759 3115/4053/2768 3116/4055/2769 3108/4042/2761
f 3108/4042/2761 3116/4055/2769 2917/3798/2542 2909/3790/2525
f 3109/4043/2700 3117/4058/2708 3118/4059/2770 3110/4044/2763
f 3110/4044/2763 3118/4059/2770 3119/4060/2771 3111/4045/2764
f 3111/4045/2764 3119/4060/2771 3120/4062/2772 3112/4046/2765
f 3112/4047/2765 3120/4063/2772 3121/4064/2773 3113/4050/2766
f 3113/4050/2766 3121/4064/2773 3122/4065/2774 3114/4052/2767
f 3114/4052/2767 3122/4065/2774 3123/4066/2775 3115/4054/2768
f 3115/4054/2768 3123/4066/2775 3124/4067/2776 3116/4056/2769
f 3116/4056/2769 3124/4067/2776 2925/3808/2551 2917/3799/2542
f 3117/4058/2708 3125/4068/2716 3126/4070/2777 3118/4059/2770
f 3118/4059/2770 3126/4070/2777 3127/4072/2778 3119/4060/2771
f 3119/4061/2771 3127/4074/2778 3128/4075/2779 3120/4063/2772
f 3120/4063/2772 3128/4075/2779 3129/4076/2780 3121/4064/2773
f 3121/4064/2773 3129/4076/2780 3130/4077/2781 3122/4065/2774
f 3122/4065/2774 3130/4077/2781 3131/4078/2782 3123/4066/2775
f 3123/4066/2775 3131/4078/2782 3132/4079/2783 3124/4067/2776
f 3124/4067/2776 3132/4079/2783 2933/3817/2560 2925/3808/2551
f 3125/4069/2716 3133/4080/2724 3134/4081/2784 3126/4071/2777
f 3126/4071/2777 3134/4081/2784 3135/4082/2785 3127/4073/2778
f 3127/4074/2778 3135/4083/2785 3136/4084/2786 3128/4075/2779
f 3128/4075/2779 3136/4084/2786 3137/4085/2787 3129/4076/2780
f 3129/4076/2780 3137/4085/2787 3138/4086/2788 3130/4077/2781
f 3130/4077/2781 3138/4086/2788 3139/4087/2789 3131/4078/2782
f 3131/4078/2782 3139/4087/2789 3140/4088/2790 3132/4079/2783
f 3132/4079/2783 3140/4088/2790 2941/3828/2569 2933/3817/2560
f 3133/4080/2724 3141/4089/2732 3142/4090/2791 3134/4081/2784
f 3134/4081/2784 3142/4090/2791 3143/4091/2792 3135/4082/2785
f 3135/4083/2785 3143/4092/2792 3144/4093/2793 3136/4084/2786
f 3136/4084/2786 3144/4093/2793 3145/4094/2794 3137/4085/2787
f 3137/4085/2787 3145/4094/2794 3146/4095/2795 3138/4086/2788
f 3138/4086/2788 3146/4095/2795 3147/4096/2796 3139/4087/2789
f 3139/4087/2789 3147/4096/2796 3148/4097/2797 3140/4088/2790
f 3140/4088/2790 3148/4097/2797 2949/3839/2578 2941/3828/2569
f 3141/4089/2732 3149/4098/2740 3150/4099/2798 3142/4090/2791
f 3142/4090/2791 3150/4099/2798 3151/4100/2799 3143/4091/2792
f 3143/4092/2792 3151/4101/2799 3152/4102/2800 3144/4093/2793
f 3144/4093/2793 3152/4102/2800 3153/4103/2801 3145/4094/2794
f 3145/4094/2794 3153/4103/2801 3154/4104/2802 3146/4095/2795
f 3146/4095/2795 3154/4104/2802 3155/4105/2803 3147/4096/2796
f 3147/4096/2796 3155/4105/2803 3156/4106/2804 3148/4097/2797
f 3148/4097/2797 3156/4106/2804 2957/3851/2587 2949/3839/2578
f 3149/4098/2740 3278/4254/2748 3269/4245/2805 3150/4099/2798
f 3150/4099/2798 3269/4245/2805 3260/4236/2806 3151/4100/2799
f 3151/4101/2799 3260/4235/2806 3251/4224/2807 3152/4102/2800
f 3152/4102/2800 3251/4224/2807 3242/4211/2808 3153/4103/2801
f 3153/4103/2801 3242/4211/2808 3233/4198/2809 3154/4104/2802
f 3154/4104/2802 3233/4198/2809 3224/4184/2810 3155/4105/2803
f 3155/4105/2803 3224/4184/2810 3215/4173/2811 3156/4106/2804
f 3156/4106/2804 3215/4173/2811 3206/4163/2596 2957/3851/2587
f 3093/4024/2692 3094/4025/2750 3157/4107/2812 3036/3956/2690
f 3036/3956/2690 3157/4107/2812 3158/4108/2813 3035/3955/2688
f 3035/3955/2688 3158/4108/2813 3159/4109/2814 3034/3954/2686
f 3034/3954/2686 3159/4109/2814 3160/4110/2815 3033/3953/2684
f 3033/3953/2684 3160/4110/2815 3161/4111/2816 3032/3952/2682
f 3032/3952/2682 3161/4111/2816 3162/4112/2817 3031/3951/2680
f 3031/3951/2680 3162/4112/2817 3163/4113/2818 3030/3950/2678
f 3030/3950/2678 3163/4113/2818 2972/3871/2618 3029/3949/2620
f 3094/4025/2750 3095/4026/2752 3164/4114/2819 3157/4107/2812
f 3157/4107/2812 3164/4114/2819 3165/4115/2820 3158/4108/2813
f 3158/4108/2813 3165/4115/2820 3166/4116/2821 3159/4109/2814
f 3159/4109/2814 3166/4116/2821 3167/4117/2822 3160/4110/2815
f 3160/4110/2815 3167/4117/2822 3168/4118/2823 3161/4111/2816
f 3161/4111/2816 3168/4118/2823 3169/4119/2824 3162/4112/2817
f 3162/4112/2817 3169/4119/2824 3170/4120/2825 3163/4113/2818
f 3163/4113/2818 3170/4120/2825 2971/3870/2616 2972/3871/2618
f 3095/4026/2752 3096/4027/2754 3171/4121/2826 3164/4114/2819
f 3164/4114/2819 3171/4121/2826 3172/4123/2827 3165/4115/2820
f 3165/4115/2820 3172/4123/2827 3173/4125/2828 3166/4116/2821
f 3166/4116/2821 3173/4125/2828 3174/4127/2829 3167/4117/2822
f 3167/4117/2822 3174/4127/2829 3175/4129/2830 3168/4118/2823
f 3168/4118/2823 3175/4129/2830 3176/4131/2831 3169/4119/2824
f 3169/4119/2824 3176/4131/2831 3177/4133/2832 3170/4120/2825
f 3170/4120/2825 3177/4133/2832 2970/3867/2614 2971/3870/2616
f 3096/4028/2754 3097/4029/2756 3178/4135/2833 3171/4122/2826
f 3171/4122/2826 3178/4135/2833 3179/4136/2834 3172/4124/2827
f 3172/4124/2827 3179/4136/2834 3180/4137/2835 3173/4126/2828
f 3173/4126/2828 3180/4137/2835 3181/4138/2836 3174/4128/2829
f 3174/4128/2829 3181/4138/2836 3182/4139/2837 3175/4130/2830
f 3175/4130/2830 3182/4139/2837 3183/4140/2838 3176/4132/2831
f 3176/4132/2831 3183/4140/2838 3184/4141/2839 3177/4134/2832
f 3177/4134/2832 3184/4141/2839 2969/3865/2612 2970/3868/2614
f 3097/4029/2756 3098/4030/2758 3185/4142/2840 3178/4135/2833
f 3178/4135/2833 3185/4142/2840 3186/4143/2841 3179/4136/2834
f 3179/4136/2834 3186/4143/2841 3187/4144/2842 3180/4137/2835
f 3180/4137/2835 3187/4144/2842 3188/4145/2843 3181/4138/2836
f 3181/4138/2836 3188/4145/2843 3189/4146/2844 3182/4139/2837
f 3182/4139/2837 3189/4146/2844 3190/4147/2845 3183/4140/2838
f 3183/4140/2838 3190/4147/2845 3191/4148/2846 3184/4141/2839
f 3184/4141/2839 3191/4148/2846 2968/3863/2610 2969/3865/2612
f 3098/4030/2758 3099/4031/2760 3192/4149/2847 3185/4142/2840
f 3185/4142/2840 3192/4149/2847 3193/4150/2848 3186/4143/2841
f 3186/4143/2841 3193/4150/2848 3194/4151/2849 3187/4144/2842
f 3187/4144/2842 3194/4151/2849 3195/4152/2850 3188/4145/2843
f 3188/4145/2843 3195/4152/2850 3196/4153/2851 3189/4146/2844
f 3189/4146/2844 3196/4153/2851 3197/4154/2852 3190/4147/2845
f 3190/4147/2845 3197/4154/2852 3198/4155/2853 3191/4148/2846
f 3191/4148/2846 3198/4155/2853 2967/3862/2608 2968/3863/2610
f 3099/4031/2760 3100/4032/2762 3199/4156/2854 3192/4149/2847
f 3192/4149/2847 3199/4156/2854 3200/4157/2855 3193/4150/2848
f 3193/4150/2848 3200/4157/2855 3201/4158/2856 3194/4151/2849
f 3194/4151/2849 3201/4158/2856 3202/4159/2857 3195/4152/2850
f 3195/4152/2850 3202/4159/2857 3203/4160/2858 3196/4153/2851
f 3196/4153/2851 3203/4160/2858 3204/4161/2859 3197/4154/2852
f 3197/4154/2852 3204/4161/2859 3205/4162/2860 3198/4155/2853
f 3198/4155/2853 3205/4162/2860 2966/3861/2606 2967/3862/2608
f 3100/4032/2762 2901/3782/2524 2902/3783/2527 3199/4156/2854
f 3199/4156/2854 2902/3783/2527 2903/3784/2529 3200/4157/2855
f 3200/4157/2855 2903/3784/2529 2904/3785/2531 3201/4158/2856
f 3201/4158/2856 2904/3785/2531 2905/3786/2533 3202/4159/2857
f 3202/4159/2857 2905/3786/2533 2906/3787/2535 3203/4160/2858
f 3203/4160/2858 2906/3787/2535 2907/3788/2537 3204/4161/2859
f 3204/4161/2859 2907/3788/2537 2908/3789/2539 3205/4162/2860
f 3205/4162/2860 2908/3789/2539 2965/3860/2541 2966/3861/2606
f 3206/4163/2596 3215/4173/2811 3216/4174/2861 3207/4164/2597
f 3207/4164/2597 3216/4174/2861 3217/4175/2862 3208/4165/2598
f 3208/4165/2598 3217/4175/2862 3218/4176/2863 3209/4166/2599
f 3209/4166/2599 3218/4176/2863 3219/4177/2864 3210/4167/2600
f 3210/4167/2600 3219/4177/2864 3220/4178/2865 3211/4168/2601
f 3211/4168/2601 3220/4178/2865 3221/4179/2866 3212/4169/2602
f 3212/4169/2602 3221/4179/2866 3222/4180/2867 3213/4170/2603
f 3213/4170/2603 3222/4180/2867 3223/4182/2669 3214/4172/2604
f 3215/4173/2811 3224/4184/2810 3225/4185/2868 3216/4174/2861
f 3216/4174/2861 3225/4185/2868 3226/4186/2869 3217/4175/2862
f 3217/4175/2862 3226/4186/2869 3227/4187/2870 3218/4176/2863
f 3218/4176/2863 3227/4187/2870 3228/4188/2871 3219/4177/2864
f 3219/4177/2864 3228/4188/2871 3229/4189/2872 3220/4178/2865
f 3220/4178/2865 3229/4189/2872 3230/4191/2873 3221/4179/2866
f 3221/4179/2866 3230/4191/2873 3231/4193/2874 3222/4180/2867
f 3222/4181/2867 3231/4194/2874 3232/4196/2670 3223/4183/2669
f 3224/4184/2810 3233/4198/2809 3234/4199/2875 3225/4185/2868
f 3225/4185/2868 3234/4199/2875 3235/4200/2876 3226/4186/2869
f 3226/4186/2869 3235/4200/2876 3236/4201/2877 3227/4187/2870
f 3227/4187/2870 3236/4201/2877 3237/4203/2878 3228/4188/2871
f 3228/4188/2871 3237/4203/2878 3238/4205/2879 3229/4189/2872
f 3229/4190/2872 3238/4206/2879 3239/4207/2880 3230/4192/2873
f 3230/4192/2873 3239/4207/2880 3240/4208/2881 3231/4195/2874
f 3231/4195/2874 3240/4208/2881 3241/4210/2671 3232/4197/2670
f 3233/4198/2809 3242/4211/2808 3243/4212/2882 3234/4199/2875
f 3234/4199/2875 3243/4212/2882 3244/4214/2883 3235/4200/2876
f 3235/4200/2876 3244/4214/2883 3245/4216/2884 3236/4201/2877
f 3236/4202/2877 3245/4217/2884 3246/4218/2885 3237/4204/2878
f 3237/4204/2878 3246/4218/2885 3247/4219/2886 3238/4206/2879
f 3238/4206/2879 3247/4219/2886 3248/4220/2887 3239/4207/2880
f 3239/4207/2880 3248/4220/2887 3249/4221/2888 3240/4208/2881
f 3240/4208/2881 3249/4221/2888 3250/4223/2672 3241/4210/2671
f 3242/4211/2808 3251/4224/2807 3252/4226/2889 3243/4212/2882
f 3243/4213/2882 3252/4227/2889 3253/4228/2890 3244/4215/2883
f 3244/4215/2883 3253/4228/2890 3254/4229/2891 3245/4217/2884
f 3245/4217/2884 3254/4229/2891 3255/4230/2892 3246/4218/2885
f 3246/4218/2885 3255/4230/2892 3256/4231/2893 3247/4219/2886
f 3247/4219/2886 3256/4231/2893 3257/4232/2894 3248/4220/2887
f 3248/4220/2887 3257/4232/2894 3258/4233/2895 3249/4221/2888
f 3249/4221/2888 3258/4233/2895 3259/4234/2673 3250/4223/2672
f 3251/4225/2807 3260/4236/2806 3261/4237/2896 3252/4227/2889
f 3252/4227/2889 3261/4237/2896 3262/4238/2897 3253/4228/2890
f 3253/4228/2890 3262/4238/2897 3263/4239/2898 3254/4229/2891
f 3254/4229/2891 3263/4239/2898 3264/4240/2899 3255/4230/2892
f 3255/4230/2892 3264/4240/2899 3265/4241/2900 3256/4231/2893
f 3256/4231/2893 3265/4241/2900 3266/4242/2901 3257/4232/2894
f 3257/4232/2894 3266/4242/2901 3267/4243/2902 3258/4233/2895
f 3258/4233/2895 3267/4243/2902 3268/4244/2674 3259/4234/2673
f 3260/4236/2806 3269/4245/2805 3270/4246/2903 3261/4237/2896
f 3261/4237/2896 3270/4246/2903 3271/4247/2904 3262/4238/2897
f 3262/4238/2897 3271/4247/2904 3272/4248/2905 3263/4239/2898
f 3263/4239/2898 3272/4248/2905 3273/4249/2906 3264/4240/2899
f 3264/4240/2899 3273/4249/2906 3274/4250/2907 3265/4241/2900
f 3265/4241/2900 3274/4250/2907 3275/4251/2908 3266/4242/2901
f 3266/4242/2901 3275/4251/2908 3276/4252/2909 3267/4243/2902
f 3267/4243/2902 3276/4252/2909 3277/4253/2675 3268/4244/2674
f 3269/4245/2805 3278/4254/2748 3279/4255/2747 3270/4246/2903
f 3270/4246/2903 3279/4255/2747 3280/4256/2746 3271/4247/2904
f 3271/4247/2904 3280/4256/2746 3281/4257/2745 3272/4248/2905
f 3272/4248/2905 3281/4257/2745 3282/4258/2744 3273/4249/2906
f 3273/4249/2906 3282/4258/2744 3283/4259/2743 3274/4250/2907
f 3274/4250/2907 3283/4259/2743 3284/4260/2742 3275/4251/2908
f 3275/4251/2908 3284/4260/2742 3285/4261/2741 3276/4252/2909
f 3276/4252/2909 3285/4261/2741 3286/4262/2676 3277/4253/2675
f 3287/4264/2910 3319/4334/2911 3288/4265/2912
f 3288/4265/2912 3319/4334/2911 3289/4267/2913
f 3289/4267/2913 3319/4334/2911 3290/4269/2914
f 3290/4269/2914 3319/4334/2911 3291/4271/2915
f 3291/4271/2915 3319/4334/2911 3292/4273/2916
f 3292/4274/2916 3319/4331/2911 3293/4276/2917
f 3293/4276/2917 3319/4331/2911 3294/4278/2918
f 3294/4278/2918 3319/4331/2911 3295/4280/2919
f 3295/4280/2919 3319/4331/2911 3296/4282/2920
f 3296/4282/2920 3319/4331/2911 3297/4284/2921
f 3297/4284/2921 3319/4331/2911 3298/4286/2922
f 3298/4287/2922 3319/4332/2911 3299/4289/2923
f 3299/4289/2923 3319/4332/2911 3300/4291/2924
f 3300/4291/2924 3319/4332/2911 3301/4293/2925
f 3301/4293/2925 3319/4332/2911 3302/4295/2926
f 3302/4295/2926 3319/4332/2911 3303/4297/2927
f 3303/4297/2927 3319/4332/2911 3304/4299/2928
f 3304/4299/2928 3319/4332/2911 3305/4301/2929
f 3305/4301/2929 3319/4332/2911 3306/4303/2930
f 3306/4303/2930 3319/4332/2911 3307/4305/2931
f 3307/4305/2931 3319/4332/2911 3308/4307/2932
f 3308/4308/2932 3319/4333/2911 3309/4310/2933
f 3309/4310/2933 3319/4333/2911 3310/4312/2934
f 3310/4312/2934 3319/4333/2911 3311/4314/2935
f 3311/4314/2935 3319/4333/2911 3312/4316/2936
f 3312/4316/2936 3319/4333/2911 3313/4318/2937
f 3313/4318/2937 3319/4333/2911 3314/4320/2938
f 3314/4321/2938 3319/4334/2911 3315/4323/2939
f 3315/4323/2939 3319/4334/2911 3316/4325/2940
f 3316/4325/2940 3319/4334/2911 3317/4328/2941
f 3287/4263/2910 3288/4266/2912 3289/4268/2913 3290/4270/2914 3291/4272/2915 3292/4275/2916 3293/4277/2917 3294/4279/2918 3295/4281/2919 3296/4283/2920 3297/4285/2921 3298/4288/2922 3299/4290/2923 3300/4292/2924 3301/4294/2925 3302/4296/2926 3303/4298/2927 3304/4300/2928 3305/4302/2929 3306/4304/2930 3307/4306/2931 3308/4309/2932 3309/4311/2933 3310/4313/2934 3311/4315/2935 3312/4317/2936 3313/4319/2937 3314/4322/2938 3315/4324/2939 3316/4326/2940 3317/4327/2941 3318/4329/2942
f 3317/4328/2941 3319/4334/2911 3318/4330/2942
f 3318/4330/2942 3319/4334/2911 3287/4264/2910
f 3320/4335/2943 3321/4336/2944 3329/4344/2945 3328/4343/2946
f 3321/4336/2944 3322/4337/2947 3330/4345/2948 3329/4344/2945
f 3322/4337/2947 3323/4338/2949 3331/4346/2950 3330/4345/2948
f 3323/4338/2949 3324/4339/2951 3332/4347/2952 3331/4346/2950
f 3324/4339/2951 3325/4340/2953 3333/4348/2954 3332/4347/2952
f 3325/4340/2953 3326/4341/2955 3334/4349/2956 3333/4348/2954
f 3326/4341/2955 3327/4342/2957 3335/4350/2958 3334/4349/2956
f 3327/4342/2957 3384/4403/2959 3392/4413/2960 3335/4350/2958
f 3328/4343/2946 3329/4344/2945 3337/4352/2961 3336/4351/2962
f 3329/4344/2945 3330/4345/2948 3338/4353/2963 3337/4352/2961
f 3330/4345/2948 3331/4346/2950 3339/4354/2964 3338/4353/2963
f 3331/4346/2950 3332/4347/2952 3340/4355/2965 3339/4354/2964
f 3332/4347/2952 3333/4348/2954 3341/4356/2966 3340/4355/2965
f 3333/4348/2954 3334/4349/2956 3342/4357/2967 3341/4356/2966
f 3334/4349/2956 3335/4350/2958 3343/4358/2968 3342/4357/2967
f 3335/4350/2958 3392/4413/2960 3400/4430/2969 3343/4358/2968
f 3336/4351/2962 3337/4352/2961 3345/4360/2970 3344/4359/2971
f 3337/4352/2961 3338/4353/2963 3346/4361/2972 3345/4360/2970
f 3338/4353/2963 3339/4354/2964 3347/4362/2973 3346/4361/2972
f 3339/4354/2964 3340/4355/2965 3348/4363/2974 3347/4362/2973
f 3340/4355/2965 3341/4356/2966 3349/4364/2975 3348/4363/2974
f 3341/4356/2966 3342/4357/2967 3350/4365/2976 3349/4364/2975
f 3342/4357/2967 3343/4358/2968 3351/4366/2977 3350/4365/2976
f 3343/4358/2968 3400/4430/2969 3408/4440/2978 3351/4366/2977
f 3344/4359/2971 3345/4360/2970 3353/4368/2979 3352/4367/2980
f 3345/4360/2970 3346/4361/2972 3354/4369/2981 3353/4368/2979
f 3346/4361/2972 3347/4362/2973 3355/4370/2982 3354/4369/2981
f 3347/4362/2973 3348/4363/2974 3356/4371/2113 3355/4370/2982
f 3348/4363/2974 3349/4364/2975 3357/4372/2983 3356/4371/2113
f 3349/4364/2975 3350/4365/2976 3358/4373/2984 3357/4372/2983
f 3350/4365/2976 3351/4366/2977 3359/4374/2985 3358/4373/2984
f 3351/4366/2977 3408/4440/2978 3416/4450/2986 3359/4374/2985
f 3352/4367/2980 3353/4368/2979 3361/4377/2987 3360/4375/2988
f 3353/4368/2979 3354/4369/2981 3362/4378/2989 3361/4377/2987
f 3354/4369/2981 3355/4370/2982 3363/4379/2990 3362/4378/2989
f 3355/4370/2982 3356/4371/2113 3364/4380/2991 3363/4379/2990
f 3356/4371/2113 3357/4372/2983 3365/4381/2992 3364/4380/2991
f 3357/4372/2983 3358/4373/2984 3366/4382/2993 3365/4381/2992
f 3358/4373/2984 3359/4374/2985 3367/4383/2994 3366/4382/2993
f 3359/4374/2985 3416/4450/2986 3424/4460/2995 3367/4383/2994
f 3360/4375/2988 3361/4377/2987 3369/4386/2996 3368/4384/2997
f 3361/4377/2987 3362/4378/2989 3370/4387/2998 3369/4386/2996
f 3362/4378/2989 3363/4379/2990 3371/4388/2999 3370/4387/2998
f 3363/4379/2990 3364/4380/2991 3372/4389/3000 3371/4388/2999
f 3364/4380/2991 3365/4381/2992 3373/4390/3001 3372/4389/3000
f 3365/4381/2992 3366/4382/2993 3374/4391/3002 3373/4390/3001
f 3366/4382/2993 3367/4383/2994 3375/4392/3003 3374/4391/3002
f 3367/4383/2994 3424/4460/2995 3432/4470/3004 3375/4392/3003
f 3368/4384/2997 3369/4386/2996 3377/4396/3005 3376/4393/3006
f 3369/4386/2996 3370/4387/2998 3378/4397/3007 3377/4396/3005
f 3370/4387/2998 3371/4388/2999 3379/4398/3008 3378/4397/3007
f 3371/4388/2999 3372/4389/3000 3380/4399/3009 3379/4398/3008
f 3372/4389/3000 3373/4390/3001 3381/4400/3010 3380/4399/3009
f 3373/4390/3001 3374/4391/3002 3382/4401/3011 3381/4400/3010
f 3374/4391/3002 3375/4392/3003 3383/4402/3012 3382/4401/3011
f 3375/4392/3003 3432/4470/3004 3440/4480/3013 3383/4402/3012
f 3376/4394/3006 3377/4395/3005 3626/4709/3014 3625/4707/3015
f 3377/4396/3005 3378/4397/3007 3627/4710/3016 3626/4708/3014
f 3378/4397/3007 3379/4398/3008 3628/4713/3017 3627/4710/3016
f 3379/4398/3008 3380/4399/3009 3629/4714/3018 3628/4713/3017
f 3380/4399/3009 3381/4400/3010 3630/4715/3019 3629/4714/3018
f 3381/4400/3010 3382/4401/3011 3631/4716/3020 3630/4715/3019
f 3382/4401/3011 3383/4402/3012 3632/4717/3021 3631/4716/3020
f 3383/4402/3012 3440/4480/3013 3633/4718/3022 3632/4717/3021
f 3384/4403/2959 3385/4405/3023 3393/4415/3024 3392/4413/2960
f 3385/4404/3023 3386/4406/3025 3394/4417/3026 3393/4414/3024
f 3386/4406/3025 3387/4407/3027 3395/4419/3028 3394/4417/3026
f 3387/4407/3027 3388/4408/3029 3396/4421/3030 3395/4419/3028
f 3388/4408/3029 3389/4409/3031 3397/4423/3032 3396/4421/3030
f 3389/4409/3031 3390/4410/3033 3398/4425/3034 3397/4423/3032
f 3390/4410/3033 3391/4412/3035 3399/4427/3036 3398/4425/3034
f 3391/4411/3035 3448/4491/3037 3456/4499/3038 3399/4429/3036
f 3392/4413/2960 3393/4415/3024 3401/4431/3039 3400/4430/2969
f 3393/4416/3024 3394/4418/3026 3402/4433/3040 3401/4432/3039
f 3394/4418/3026 3395/4420/3028 3403/4434/3041 3402/4433/3040
f 3395/4420/3028 3396/4422/3030 3404/4435/3042 3403/4434/3041
f 3396/4422/3030 3397/4424/3032 3405/4436/3043 3404/4435/3042
f 3397/4424/3032 3398/4426/3034 3406/4437/3044 3405/4436/3043
f 3398/4426/3034 3399/4428/3036 3407/4438/3045 3406/4437/3044
f 3399/4429/3036 3456/4499/3038 3464/4507/3046 3407/4439/3045
f 3400/4430/2969 3401/4431/3039 3409/4441/3047 3408/4440/2978
f 3401/4432/3039 3402/4433/3040 3410/4443/3048 3409/4442/3047
f 3402/4433/3040 3403/4434/3041 3411/4444/3049 3410/4443/3048
f 3403/4434/3041 3404/4435/3042 3412/4445/3050 3411/4444/3049
f 3404/4435/3042 3405/4436/3043 3413/4446/3051 3412/4445/3050
f 3405/4436/3043 3406/4437/3044 3414/4447/3052 3413/4446/3051
f 3406/4437/3044 3407/4438/3045 3415/4448/3053 3414/4447/3052
f 3407/4439/3045 3464/4507/3046 3472/4515/3054 3415/4449/3053
f 3408/4440/2978 3409/4441/3047 3417/4451/3055 3416/4450/2986
f 3409/4442/3047 3410/4443/3048 3418/4453/3056 3417/4452/3055
f 3410/4443/3048 3411/4444/3049 3419/4454/3057 3418/4453/3056
f 3411/4444/3049 3412/4445/3050 3420/4455/922 3419/4454/3057
f 3412/4445/3050 3413/4446/3051 3421/4456/3058 3420/4455/922
f 3413/4446/3051 3414/4447/3052 3422/4457/3059 3421/4456/3058
f 3414/4447/3052 3415/4448/3053 3423/4458/3060 3422/4457/3059
f 3415/4449/3053 3472/4515/3054 3480/4523/3061 3423/4459/3060
f 3416/4450/2986 3417/4451/3055 3425/4461/3062 3424/4460/2995
f 3417/4452/3055 3418/4453/3056 3426/4463/3063 3425/4462/3062
f 3418/4453/3056 3419/4454/3057 3427/4464/3064 3426/4463/3063
f 3419/4454/3057 3420/4455/922 3428/4465/3065 3427/4464/3064
f 3420/4455/922 3421/4456/3058 3429/4466/3066 3428/4465/3065
f 3421/4456/3058 3422/4457/3059 3430/4467/3067 3429/4466/3066
f 3422/4457/3059 3423/4458/3060 3431/4468/3068 3430/4467/3067
f 3423/4459/3060 3480/4523/3061 3488/4531/3069 3431/4469/3068
f 3424/4460/2995 3425/4461/3062 3433/4471/3070 3432/4470/3004
f 3425/4462/3062 3426/4463/3063 3434/4473/3071 3433/4472/3070
f 3426/4463/3063 3427/4464/3064 3435/4474/3072 3434/4473/3071
f 3427/4464/3064 3428/4465/3065 3436/4475/3073 3435/4474/3072
f 3428/4465/3065 3429/4466/3066 3437/4476/3074 3436/4475/3073
f 3429/4466/3066 3430/4467/3067 3438/4477/3075 3437/4476/3074
f 3430/4467/3067 3431/4468/3068 3439/4478/3076 3438/4477/3075
f 3431/4469/3068 3488/4531/3069 3496/4539/3077 3439/4479/3076
f 3432/4470/3004 3433/4471/3070 3441/4481/3078 3440/4480/3013
f 3433/4472/3070 3434/4473/3071 3442/4483/3079 3441/4482/3078
f 3434/4473/3071 3435/4474/3072 3443/4484/3080 3442/4483/3079
f 3435/4474/3072 3436/4475/3073 3444/4485/3081 3443/4484/3080
f 3436/4475/3073 3437/4476/3074 3445/4486/3082 3444/4485/3081
f 3437/4476/3074 3438/4477/3075 3446/4487/3083 3445/4486/3082
f 3438/4477/3075 3439/4478/3076 3447/4489/3084 3446/4487/3083
f 3439/4479/3076 3496/4539/3077 3504/4547/3085 3447/4490/3084
f 3440/4480/3013 3441/4481/3078 3642/4732/3086 3633/4718/3022
f 3441/4482/3078 3442/4483/3079 3651/4745/3087 3642/4731/3086
f 3442/4483/3079 3443/4484/3080 3660/4755/3088 3651/4745/3087
f 3443/4484/3080 3444/4485/3081 3669/4765/3089 3660/4755/3088
f 3444/4485/3081 3445/4486/3082 3678/4775/3090 3669/4765/3089
f 3445/4486/3082 3446/4487/3083 3687/4787/3091 3678/4775/3090
f 3446/4488/3083 3447/4490/3084 3696/4801/3092 3687/4788/3091
f 3447/4490/3084 3504/4547/3085 3705/4813/3093 3696/4801/3092
f 3448/4491/3037 3449/4492/3094 3457/4500/3095 3456/4499/3038
f 3449/4492/3094 3450/4493/3096 3458/4501/3097 3457/4500/3095
f 3450/4493/3096 3451/4494/3098 3459/4502/3099 3458/4501/3097
f 3451/4494/3098 3452/4495/3100 3460/4503/3101 3459/4502/3099
f 3452/4495/3100 3453/4496/3102 3461/4504/3103 3460/4503/3101
f 3453/4496/3102 3454/4497/3104 3462/4505/3105 3461/4504/3103
f 3454/4497/3104 3455/4498/3106 3463/4506/3107 3462/4505/3105
f 3455/4498/3106 3512/4556/3108 3520/4566/3109 3463/4506/3107
f 3456/4499/3038 3457/4500/3095 3465/4508/3110 3464/4507/3046
f 3457/4500/3095 3458/4501/3097 3466/4509/3111 3465/4508/3110
f 3458/4501/3097 3459/4502/3099 3467/4510/3112 3466/4509/3111
f 3459/4502/3099 3460/4503/3101 3468/4511/3113 3467/4510/3112
f 3460/4503/3101 3461/4504/3103 3469/4512/3114 3468/4511/3113
f 3461/4504/3103 3462/4505/3105 3470/4513/3115 3469/4512/3114
f 3462/4505/3105 3463/4506/3107 3471/4514/3116 3470/4513/3115
f 3463/4506/3107 3520/4566/3109 3528/4578/3117 3471/4514/3116
f 3464/4507/3046 3465/4508/3110 3473/4516/3118 3472/4515/3054
f 3465/4508/3110 3466/4509/3111 3474/4517/3119 3473/4516/3118
f 3466/4509/3111 3467/4510/3112 3475/4518/3120 3474/4517/3119
f 3467/4510/3112 3468/4511/3113 3476/4519/3121 3475/4518/3120
f 3468/4511/3113 3469/4512/3114 3477/4520/3122 3476/4519/3121
f 3469/4512/3114 3470/4513/3115 3478/4521/3123 3477/4520/3122
f 3470/4513/3115 3471/4514/3116 3479/4522/3124 3478/4521/3123
f 3471/4514/3116 3528/4578/3117 3536/4593/3125 3479/4522/3124
f 3472/4515/3054 3473/4516/3118 3481/4524/3126 3480/4523/3061
f 3473/4516/3118 3474/4517/3119 3482/4525/3127 3481/4524/3126
f 3474/4517/3119 3475/4518/3120 3483/4526/3128 3482/4525/3127
f 3475/4518/3120 3476/4519/3121 3484/4527/2325 3483/4526/3128
f 3476/4519/3121 3477/4520/3122 3485/4528/3129 3484/4527/2325
f 3477/4520/3122 3478/4521/3123 3486/4529/3130 3485/4528/3129
f 3478/4521/3123 3479/4522/3124 3487/4530/3131 3486/4529/3130
f 3479/4522/3124 3536/4593/3125 3544/4605/3132 3487/4530/3131
f 3480/4523/3061 3481/4524/3126 3489/4532/3133 3488/4531/3069
f 3481/4524/3126 3482/4525/3127 3490/4533/3134 3489/4532/3133
f 3482/4525/3127 3483/4526/3128 3491/4534/3135 3490/4533/3134
f 3483/4526/3128 3484/4527/2325 3492/4535/3136 3491/4534/3135
f 3484/4527/2325 3485/4528/3129 3493/4536/3137 3492/4535/3136
f 3485/4528/3129 3486/4529/3130 3494/4537/3138 3493/4536/3137
f 3486/4529/3130 3487/4530/3131 3495/4538/3139 3494/4537/3138
f 3487/4530/3131 3544/4605/3132 3552/4615/3140 3495/4538/3139
f 3488/4531/3069 3489/4532/3133 3497/4540/3141 3496/4539/3077
f 3489/4532/3133 3490/4533/3134 3498/4541/3142 3497/4540/3141
f 3490/4533/3134 3491/4534/3135 3499/4542/3143 3498/4541/3142
f 3491/4534/3135 3492/4535/3136 3500/4543/3144 3499/4542/3143
f 3492/4535/3136 3493/4536/3137 3501/4544/3145 3500/4543/3144
f 3493/4536/3137 3494/4537/3138 3502/4545/3146 3501/4544/3145
f 3494/4537/3138 3495/4538/3139 3503/4546/3147 3502/4545/3146
f 3495/4538/3139 3552/4615/3140 3560/4625/3148 3503/4546/3147
f 3496/4539/3077 3497/4540/3141 3505/4548/3149 3504/4547/3085
f 3497/4540/3141 3498/4541/3142 3506/4549/3150 3505/4548/3149
f 3498/4541/3142 3499/4542/3143 3507/4550/3151 3506/4549/3150
f 3499/4542/3143 3500/4543/3144 3508/4551/3152 3507/4550/3151
f 3500/4543/3144 3501/4544/3145 3509/4552/3153 3508/4551/3152
f 3501/4544/3145 3502/4545/3146 3510/4553/3154 3509/4552/3153
f 3502/4545/3146 3503/4546/3147 3511/4554/3155 3510/4553/3154
f 3503/4546/3147 3560/4625/3148 3568/4635/3156 3511/4554/3155
f 3504/4547/3085 3505/4548/3149 3704/4812/3157 3705/4813/3093
f 3505/4548/3149 3506/4549/3150 3703/4811/3158 3704/4812/3157
f 3506/4549/3150 3507/4550/3151 3702/4810/3159 3703/4811/3158
f 3507/4550/3151 3508/4551/3152 3701/4809/3160 3702/4810/3159
f 3508/4551/3152 3509/4552/3153 3700/4808/3161 3701/4809/3160
f 3509/4552/3153 3510/4553/3154 3699/4805/3162 3700/4808/3161
f 3510/4553/3154 3511/4554/3155 3698/4803/3163 3699/4805/3162
f 3511/4555/3155 3568/4636/3156 3697/4802/3164 3698/4804/3163
f 3512/4556/3108 3513/4557/3165 3521/4568/3166 3520/4566/3109
f 3513/4558/3165 3514/4559/3167 3522/4570/3168 3521/4567/3166
f 3514/4559/3167 3515/4560/3169 3523/4571/3170 3522/4570/3168
f 3515/4560/3169 3516/4561/3171 3524/4572/3172 3523/4571/3170
f 3516/4561/3171 3517/4562/3173 3525/4573/3174 3524/4572/3172
f 3517/4562/3173 3518/4563/3175 3526/4574/3176 3525/4573/3174
f 3518/4563/3175 3519/4564/3177 3527/4576/3178 3526/4574/3176
f 3519/4565/3177 3320/4335/2943 3328/4343/2946 3527/4577/3178
f 3520/4566/3109 3521/4568/3166 3529/4579/3179 3528/4578/3117
f 3521/4568/3166 3522/4569/3168 3530/4581/3180 3529/4579/3179
f 3522/4570/3168 3523/4571/3170 3531/4583/3181 3530/4580/3180
f 3523/4571/3170 3524/4572/3172 3532/4585/3182 3531/4583/3181
f 3524/4572/3172 3525/4573/3174 3533/4587/3183 3532/4585/3182
f 3525/4573/3174 3526/4574/3176 3534/4589/3184 3533/4587/3183
f 3526/4575/3176 3527/4577/3178 3535/4592/3185 3534/4591/3184
f 3527/4577/3178 3328/4343/2946 3336/4351/2962 3535/4592/3185
f 3528/4578/3117 3529/4579/3179 3537/4594/3186 3536/4593/3125
f 3529/4579/3179 3530/4581/3180 3538/4596/3187 3537/4594/3186
f 3530/4582/3180 3531/4584/3181 3539/4598/3188 3538/4597/3187
f 3531/4584/3181 3532/4586/3182 3540/4599/3189 3539/4598/3188
f 3532/4586/3182 3533/4588/3183 3541/4600/3190 3540/4599/3189
f 3533/4588/3183 3534/4590/3184 3542/4602/3191 3541/4600/3190
f 3534/4591/3184 3535/4592/3185 3543/4604/3192 3542/4601/3191
f 3535/4592/3185 3336/4351/2962 3344/4359/2971 3543/4604/3192
f 3536/4593/3125 3537/4594/3186 3545/4606/3193 3544/4605/3132
f 3537/4595/3186 3538/4597/3187 3546/4608/3194 3545/4607/3193
f 3538/4597/3187 3539/4598/3188 3547/4609/3195 3546/4608/3194
f 3539/4598/3188 3540/4599/3189 3548/4610/1062 3547/4609/3195
f 3540/4599/3189 3541/4600/3190 3549/4611/3196 3548/4610/1062
f 3541/4600/3190 3542/4602/3191 3550/4612/3197 3549/4611/3196
f 3542/4602/3191 3543/4603/3192 3551/4613/3198 3550/4612/3197
f 3543/4604/3192 3344/4359/2971 3352/4367/2980 3551/4614/3198
f 3544/4605/3132 3545/4606/3193 3553/4616/3199 3552/4615/3140
f 3545/4607/3193 3546/4608/3194 3554/4618/3200 3553/4617/3199
f 3546/4608/3194 3547/4609/3195 3555/4619/3201 3554/4618/3200
f 3547/4609/3195 3548/4610/1062 3556/4620/3202 3555/4619/3201
f 3548/4610/1062 3549/4611/3196 3557/4621/3203 3556/4620/3202
f 3549/4611/3196 3550/4612/3197 3558/4622/3204 3557/4621/3203
f 3550/4612/3197 3551/4613/3198 3559/4624/3205 3558/4622/3204
f 3551/4614/3198 3352/4367/2980 3360/4375/2988 3559/4623/3205
f 3552/4615/3140 3553/4616/3199 3561/4627/3206 3560/4625/3148
f 3553/4617/3199 3554/4618/3200 3562/4629/3207 3561/4628/3206
f 3554/4618/3200 3555/4619/3201 3563/4630/3208 3562/4629/3207
f 3555/4619/3201 3556/4620/3202 3564/4631/3209 3563/4630/3208
f 3556/4620/3202 3557/4621/3203 3565/4632/3210 3564/4631/3209
f 3557/4621/3203 3558/4622/3204 3566/4633/3211 3565/4632/3210
f 3558/4622/3204 3559/4624/3205 3567/4634/3212 3566/4633/3211
f 3559/4624/3205 3360/4376/2988 3368/4385/2997 3567/4634/3212
f 3560/4626/3148 3561/4628/3206 3569/4637/3213 3568/4636/3156
f 3561/4628/3206 3562/4629/3207 3570/4638/3214 3569/4637/3213
f 3562/4629/3207 3563/4630/3208 3571/4639/3215 3570/4638/3214
f 3563/4630/3208 3564/4631/3209 3572/4640/3216 3571/4639/3215
f 3564/4631/3209 3565/4632/3210 3573/4641/3217 3572/4640/3216
f 3565/4632/3210 3566/4633/3211 3574/4642/3218 3573/4641/3217
f 3566/4633/3211 3567/4634/3212 3575/4643/3219 3574/4642/3218
f 3567/4634/3212 3368/4385/2997 3376/4394/3006 3575/4643/3219
f 3568/4636/3156 3569/4637/3213 3688/4789/3220 3697/4802/3164
f 3569/4637/3213 3570/4638/3214 3679/4776/3221 3688/4789/3220
f 3570/4638/3214 3571/4639/3215 3670/4766/3222 3679/4776/3221
f 3571/4639/3215 3572/4640/3216 3661/4756/3223 3670/4766/3222
f 3572/4640/3216 3573/4641/3217 3652/4746/3224 3661/4756/3223
f 3573/4641/3217 3574/4642/3218 3643/4733/3225 3652/4746/3224
f 3574/4642/3218 3575/4643/3219 3634/4719/3226 3643/4733/3225
f 3575/4643/3219 3376/4394/3006 3625/4707/3015 3634/4719/3226
f 3512/4556/3108 3455/4498/3106 3576/4644/3227 3513/4557/3165
f 3455/4498/3106 3454/4497/3104 3577/4646/3228 3576/4644/3227
f 3454/4497/3104 3453/4496/3102 3578/4648/3229 3577/4646/3228
f 3453/4496/3102 3452/4495/3100 3579/4650/3230 3578/4648/3229
f 3452/4495/3100 3451/4494/3098 3580/4652/3231 3579/4650/3230
f 3451/4494/3098 3450/4493/3096 3581/4654/3232 3580/4652/3231
f 3450/4493/3096 3449/4492/3094 3582/4656/3233 3581/4654/3232
f 3449/4492/3094 3448/4491/3037 3391/4411/3035 3582/4656/3233
f 3513/4558/3165 3576/4645/3227 3583/4658/3234 3514/4559/3167
f 3576/4645/3227 3577/4647/3228 3584/4659/3235 3583/4658/3234
f 3577/4647/3228 3578/4649/3229 3585/4660/3236 3584/4659/3235
f 3578/4649/3229 3579/4651/3230 3586/4661/3237 3585/4660/3236
f 3579/4651/3230 3580/4653/3231 3587/4662/3238 3586/4661/3237
f 3580/4653/3231 3581/4655/3232 3588/4663/3239 3587/4662/3238
f 3581/4655/3232 3582/4657/3233 3589/4664/3240 3588/4663/3239
f 3582/4657/3233 3391/4412/3035 3390/4410/3033 3589/4664/3240
f 3514/4559/3167 3583/4658/3234 3590/4665/3241 3515/4560/3169
f 3583/4658/3234 3584/4659/3235 3591/4666/3242 3590/4665/3241
f 3584/4659/3235 3585/4660/3236 3592/4667/3243 3591/4666/3242
f 3585/4660/3236 3586/4661/3237 3593/4668/3244 3592/4667/3243
f 3586/4661/3237 3587/4662/3238 3594/4669/3245 3593/4668/3244
f 3587/4662/3238 3588/4663/3239 3595/4670/3246 3594/4669/3245
f 3588/4663/3239 3589/4664/3240 3596/4671/3247 3595/4670/3246
f 3589/4664/3240 3390/4410/3033 3389/4409/3031 3596/4671/3247
f 3515/4560/3169 3590/4665/3241 3597/4672/3248 3516/4561/3171
f 3590/4665/3241 3591/4666/3242 3598/4673/3249 3597/4672/3248
f 3591/4666/3242 3592/4667/3243 3599/4674/3250 3598/4673/3249
f 3592/4667/3243 3593/4668/3244 3600/4675/3251 3599/4674/3250
f 3593/4668/3244 3594/4669/3245 3601/4676/3252 3600/4675/3251
f 3594/4669/3245 3595/4670/3246 3602/4677/3253 3601/4676/3252
f 3595/4670/3246 3596/4671/3247 3603/4678/3254 3602/4677/3253
f 3596/4671/3247 3389/4409/3031 3388/4408/3029 3603/4678/3254
f 3516/4561/3171 3597/4672/3248 3604/4679/3255 3517/4562/3173
f 3597/4672/3248 3598/4673/3249 3605/4680/3256 3604/4679/3255
f 3598/4673/3249 3599/4674/3250 3606/4681/3257 3605/4680/3256
f 3599/4674/3250 3600/4675/3251 3607/4682/3258 3606/4681/3257
f 3600/4675/3251 3601/4676/3252 3608/4683/3259 3607/4682/3258
f 3601/4676/3252 3602/4677/3253 3609/4684/3260 3608/4683/3259
f 3602/4677/3253 3603/4678/3254 3610/4685/3261 3609/4684/3260
f 3603/4678/3254 3388/4408/3029 3387/4407/3027 3610/4685/3261
f 3517/4562/3173 3604/4679/3255 3611/4686/3262 3518/4563/3175
f 3604/4679/3255 3605/4680/3256 3612/4687/3263 3611/4686/3262
f 3605/4680/3256 3606/4681/3257 3613/4688/3264 3612/4687/3263
f 3606/4681/3257 3607/4682/3258 3614/4689/3265 3613/4688/3264
f 3607/4682/3258 3608/4683/3259 3615/4690/3266 3614/4689/3265
f 3608/4683/3259 3609/4684/3260 3616/4691/3267 3615/4690/3266
f 3609/4684/3260 3610/4685/3261 3617/4692/3268 3616/4691/3267
f 3610/4685/3261 3387/4407/3027 3386/4406/3025 3617/4692/3268
f 3518/4563/3175 3611/4686/3262 3618/4693/3269 3519/4564/3177
f 3611/4686/3262 3612/4687/3263 3619/4695/3270 3618/4693/3269
f 3612/4687/3263 3613/4688/3264 3620/4697/3271 3619/4695/3270
f 3613/4688/3264 3614/4689/3265 3621/4699/3272 3620/4697/3271
f 3614/4689/3265 3615/4690/3266 3622/4701/3273 3621/4699/3272
f 3615/4690/3266 3616/4691/3267 3623/4703/3274 3622/4701/3273
f 3616/4691/3267 3617/4692/3268 3624/4705/3275 3623/4703/3274
f 3617/4692/3268 3386/4406/3025 3385/4404/3023 3624/4705/3275
f 3519/4565/3177 3618/4694/3269 3321/4336/2944 3320/4335/2943
f 3618/4694/3269 3619/4696/3270 3322/4337/2947 3321/4336/2944
f 3619/4696/3270 3620/4698/3271 3323/4338/2949 3322/4337/2947
f 3620/4698/3271 3621/4700/3272 3324/4339/2951 3323/4338/2949
f 3621/4700/3272 3622/4702/3273 3325/4340/2953 3324/4339/2951
f 3622/4702/3273 3623/4704/3274 3326/4341/2955 3325/4340/2953
f 3623/4704/3274 3624/4706/3275 3327/4342/2957 3326/4341/2955
f 3624/4706/3275 3385/4405/3023 3384/4403/2959 3327/4342/2957
f 3625/4707/3015 3626/4709/3014 3635/4720/3276 3634/4719/3226
f 3626/4709/3014 3627/4711/3016 3636/4721/3277 3635/4720/3276
f 3627/4711/3016 3628/4712/3017 3637/4723/3278 3636/4721/3277
f 3628/4713/3017 3629/4714/3018 3638/4724/3279 3637/4722/3278
f 3629/4714/3018 3630/4715/3019 3639/4726/3280 3638/4724/3279
f 3630/4715/3019 3631/4716/3020 3640/4729/3281 3639/4726/3280
f 3631/4716/3020 3632/4717/3021 3641/4730/3282 3640/4729/3281
f 3632/4717/3021 3633/4718/3022 3642/4732/3086 3641/4730/3282
f 3634/4719/3226 3635/4720/3276 3644/4734/3283 3643/4733/3225
f 3635/4720/3276 3636/4721/3277 3645/4735/3284 3644/4734/3283
f 3636/4721/3277 3637/4723/3278 3646/4736/3285 3645/4735/3284
f 3637/4723/3278 3638/4725/3279 3647/4737/3286 3646/4736/3285
f 3638/4725/3279 3639/4727/3280 3648/4738/3287 3647/4737/3286
f 3639/4727/3280 3640/4728/3281 3649/4740/3288 3648/4738/3287
f 3640/4729/3281 3641/4730/3282 3650/4741/3289 3649/4739/3288
f 3641/4730/3282 3642/4732/3086 3651/4744/3087 3650/4741/3289
f 3643/4733/3225 3644/4734/3283 3653/4747/3290 3652/4746/3224
f 3644/4734/3283 3645/4735/3284 3654/4748/3291 3653/4747/3290
f 3645/4735/3284 3646/4736/3285 3655/4749/3292 3654/4748/3291
f 3646/4736/3285 3647/4737/3286 3656/4750/3293 3655/4749/3292
f 3647/4737/3286 3648/4738/3287 3657/4751/3294 3656/4750/3293
f 3648/4738/3287 3649/4740/3288 3658/4752/3295 3657/4751/3294
f 3649/4740/3288 3650/4742/3289 3659/4753/3296 3658/4752/3295
f 3650/4743/3289 3651/4745/3087 3660/4755/3088 3659/4754/3296
f 3652/4746/3224 3653/4747/3290 3662/4757/3297 3661/4756/3223
f 3653/4747/3290 3654/4748/3291 3663/4758/3298 3662/4757/3297
f 3654/4748/3291 3655/4749/3292 3664/4759/3299 3663/4758/3298
f 3655/4749/3292 3656/4750/3293 3665/4760/3300 3664/4759/3299
f 3656/4750/3293 3657/4751/3294 3666/4761/3301 3665/4760/3300
f 3657/4751/3294 3658/4752/3295 3667/4762/3302 3666/4761/3301
f 3658/4752/3295 3659/4753/3296 3668/4763/3303 3667/4762/3302
f 3659/4754/3296 3660/4755/3088 3669/4765/3089 3668/4764/3303
f 3661/4756/3223 3662/4757/3297 3671/4767/3304 3670/4766/3222
f 3662/4757/3297 3663/4758/3298 3672/4768/3305 3671/4767/3304
f 3663/4758/3298 3664/4759/3299 3673/4769/3306 3672/4768/3305
f 3664/4759/3299 3665/4760/3300 3674/4770/3307 3673/4769/3306
f 3665/4760/3300 3666/4761/3301 3675/4771/3308 3674/4770/3307
f 3666/4761/3301 3667/4762/3302 3676/4772/3309 3675/4771/3308
f 3667/4762/3302 3668/4763/3303 3677/4773/3310 3676/4772/3309
f 3668/4764/3303 3669/4765/3089 3678/4775/3090 3677/4774/3310
f 3670/4766/3222 3671/4767/3304 3680/4777/3311 3679/4776/3221
f 3671/4767/3304 3672/4768/3305 3681/4778/3312 3680/4777/3311
f 3672/4768/3305 3673/4769/3306 3682/4779/3313 3681/4778/3312
f 3673/4769/3306 3674/4770/3307 3683/4780/3314 3682/4779/3313
f 3674/4770/3307 3675/4771/3308 3684/4781/3315 3683/4780/3314
f 3675/4771/3308 3676/4772/3309 3685/4782/3316 3684/4781/3315
f 3676/4772/3309 3677/4773/3310 3686/4784/3317 3685/4782/3316
f 3677/4774/3310 3678/4775/3090 3687/4787/3091 3686/4785/3317
f 3679/4776/3221 3680/4777/3311 3689/4790/3318 3688/4789/3220
f 3680/4777/3311 3681/4778/3312 3690/4791/3319 3689/4790/3318
f 3681/4778/3312 3682/4779/3313 3691/4792/3320 3690/4791/3319
f 3682/4779/3313 3683/4780/3314 3692/4794/3321 3691/4792/3320
f 3683/4780/3314 3684/4781/3315 3693/4796/3322 3692/4794/3321
f 3684/4781/3315 3685/4782/3316 3694/4798/3323 3693/4796/3322
f 3685/4783/3316 3686/4786/3317 3695/4800/3324 3694/4799/3323
f 3686/4786/3317 3687/4788/3091 3696/4801/3092 3695/4800/3324
f 3688/4789/3220 3689/4790/3318 3698/4804/3163 3697/4802/3164
f 3689/4790/3318 3690/4791/3319 3699/4806/3162 3698/4804/3163
f 3690/4791/3319 3691/4792/3320 3700/4807/3161 3699/4806/3162
f 3691/4793/3320 3692/4795/3321 3701/4809/3160 3700/4808/3161
f 3692/4795/3321 3693/4797/3322 3702/4810/3159 3701/4809/3160
f 3693/4797/3322 3694/4799/3323 3703/4811/3158 3702/4810/3159
f 3694/4799/3323 3695/4800/3324 3704/4812/3157 3703/4811/3158
f 3695/4800/3324 3696/4801/3092 3705/4813/3093 3704/4812/3157
f 3706/4815/3325 3707/4816/3326 3738/4880/3327
f 3707/4816/3326 3708/4818/3328 3738/4880/3327
f 3708/4818/3328 3709/4820/3329 3738/4880/3327
f 3709/4820/3329 3710/4822/3330 3738/4880/3327
f 3710/4822/3330 3711/4824/3331 3738/4880/3327
f 3711/4824/3331 3712/4826/3332 3738/4880/3327
f 3712/4827/3332 3713/4828/3333 3738/4877/3327
f 3713/4828/3333 3714/4829/3334 3738/4877/3327
f 3714/4829/3334 3715/4830/3335 3738/4877/3327
f 3715/4830/3335 3716/4832/3336 3738/4877/3327
f 3716/4831/3336 3717/4833/3337 3738/4878/3327
f 3717/4833/3337 3718/4835/3338 3738/4878/3327
f 3718/4835/3338 3719/4837/3339 3738/4878/3327
f 3719/4837/3339 3720/4839/3340 3738/4878/3327
f 3720/4839/3340 3721/4841/3341 3738/4878/3327
f 3721/4841/3341 3722/4843/3342 3738/4878/3327
f 3722/4843/3342 3723/4845/3343 3738/4878/3327
f 3723/4845/3343 3724/4847/3344 3738/4878/3327
f 3724/4847/3344 3725/4849/3345 3738/4878/3327
f 3725/4849/3345 3726/4851/3346 3738/4878/3327
f 3726/4851/3346 3727/4853/3347 3738/4878/3327
f 3727/4854/3347 3728/4856/3348 3738/4879/3327
f 3728/4856/3348 3729/4858/3349 3738/4879/3327
f 3729/4858/3349 3730/4860/3350 3738/4879/3327
f 3730/4860/3350 3731/4862/3351 3738/4879/3327
f 3731/4862/3351 3732/4864/3352 3738/4879/3327
f 3732/4864/3352 3733/4866/3353 3738/4879/3327
f 3733/4867/3353 3734/4869/3354 3738/4880/3327
f 3734/4869/3354 3735/4871/3355 3738/4880/3327
f 3735/4871/3355 3736/4874/3356 3738/4880/3327
f 3706/4814/3325 3737/4875/3357 3736/4873/3356 3735/4872/3355 3734/4870/3354 3733/4868/3353 3732/4865/3352 3731/4863/3351 3730/4861/3350 3729/4859/3349 3728/4857/3348 3727/4855/3347 3726/4852/3346 3725/4850/3345 3724/4848/3344 3723/4846/3343 3722/4844/3342 3721/4842/3341 3720/4840/3340 3719/4838/3339 3718/4836/3338 3717/4834/3337 3716/4832/3336 3715/4830/3335 3714/4829/3334 3713/4828/3333 3712/4827/3332 3711/4825/3331 3710/4823/3330 3709/4821/3329 3708/4819/3328 3707/4817/3326
f 3736/4874/3356 3737/4876/3357 3738/4880/3327
f 3737/4876/3357 3706/4815/3325 3738/4880/3327
f 3739/4881/3358 3747/4893/3359 3748/4894/3360 3740/4883/3361
f 3740/4882/3361 3748/4895/3360 3749/4896/3362 3741/4884/3363
f 3741/4884/3363 3749/4896/3362 3750/4897/3364 3742/4887/3365
f 3742/4887/3365 3750/4897/3364 3751/4898/3366 3743/4888/3367
f 3743/4888/3367 3751/4898/3366 3752/4899/3368 3744/4889/3369
f 3744/4889/3369 3752/4899/3368 3753/4900/3370 3745/4890/3371
f 3745/4890/3371 3753/4900/3370 3754/4901/3372 3746/4891/3373
f 3746/4891/3373 3754/4901/3372 3811/4963/3374 3803/4951/3375
f 3747/4892/3359 3755/4903/3376 3756/4904/3377 3748/4895/3360
f 3748/4895/3360 3756/4904/3377 3757/4905/3378 3749/4896/3362
f 3749/4896/3362 3757/4905/3378 3758/4906/3379 3750/4897/3364
f 3750/4897/3364 3758/4906/3379 3759/4907/3380 3751/4898/3366
f 3751/4898/3366 3759/4907/3380 3760/4908/3381 3752/4899/3368
f 3752/4899/3368 3760/4908/3381 3761/4909/3382 3753/4900/3370
f 3753/4900/3370 3761/4909/3382 3762/4910/3383 3754/4901/3372
f 3754/4901/3372 3762/4910/3383 3819/4973/3384 3811/4963/3374
f 3755/4903/3376 3763/4911/3385 3764/4912/3386 3756/4904/3377
f 3756/4904/3377 3764/4912/3386 3765/4913/3387 3757/4905/3378
f 3757/4905/3378 3765/4913/3387 3766/4914/3388 3758/4906/3379
f 3758/4906/3379 3766/4914/3388 3767/4915/3389 3759/4907/3380
f 3759/4907/3380 3767/4915/3389 3768/4916/3390 3760/4908/3381
f 3760/4908/3381 3768/4916/3390 3769/4917/3391 3761/4909/3382
f 3761/4909/3382 3769/4917/3391 3770/4918/3392 3762/4910/3383
f 3762/4910/3383 3770/4918/3392 3827/4983/3393 3819/4973/3384
f 3763/4911/3385 3771/4919/3394 3772/4920/3395 3764/4912/3386
f 3764/4912/3386 3772/4920/3395 3773/4921/3396 3765/4913/3387
f 3765/4913/3387 3773/4921/3396 3774/4922/3397 3766/4914/3388
f 3766/4914/3388 3774/4922/3397 3775/4923/3398 3767/4915/3389
f 3767/4915/3389 3775/4923/3398 3776/4924/3399 3768/4916/3390
f 3768/4916/3390 3776/4924/3399 3777/4925/3400 3769/4917/3391
f 3769/4917/3391 3777/4925/3400 3778/4926/3401 3770/4918/3392
f 3770/4918/3392 3778/4926/3401 3835/4993/3402 3827/4983/3393
f 3771/4919/3394 3779/4927/3403 3780/4928/3404 3772/4920/3395
f 3772/4920/3395 3780/4928/3404 3781/4929/3405 3773/4921/3396
f 3773/4921/3396 3781/4929/3405 3782/4930/3406 3774/4922/3397
f 3774/4922/3397 3782/4930/3406 3783/4931/3407 3775/4923/3398
f 3775/4923/3398 3783/4931/3407 3784/4932/3408 3776/4924/3399
f 3776/4924/3399 3784/4932/3408 3785/4933/3409 3777/4925/3400
f 3777/4925/3400 3785/4933/3409 3786/4934/3410 3778/4926/3401
f 3778/4926/3401 3786/4934/3410 3843/5003/3411 3835/4993/3402
f 3779/4927/3403 3787/4935/3412 3788/4936/3413 3780/4928/3404
f 3780/4928/3404 3788/4936/3413 3789/4937/3414 3781/4929/3405
f 3781/4929/3405 3789/4937/3414 3790/4938/3415 3782/4930/3406
f 3782/4930/3406 3790/4938/3415 3791/4939/3416 3783/4931/3407
f 3783/4931/3407 3791/4939/3416 3792/4940/3417 3784/4932/3408
f 3784/4932/3408 3792/4940/3417 3793/4941/3418 3785/4933/3409
f 3785/4933/3409 3793/4941/3418 3794/4942/3419 3786/4934/3410
f 3786/4934/3410 3794/4942/3419 3851/5013/3420 3843/5003/3411
f 3787/4935/3412 3795/4943/3421 3796/4944/3422 3788/4936/3413
f 3788/4936/3413 3796/4944/3422 3797/4945/3423 3789/4937/3414
f 3789/4937/3414 3797/4945/3423 3798/4946/3424 3790/4938/3415
f 3790/4938/3415 3798/4946/3424 3799/4947/3425 3791/4939/3416
f 3791/4939/3416 3799/4947/3425 3800/4948/3426 3792/4940/3417
f 3792/4940/3417 3800/4948/3426 3801/4949/3427 3793/4941/3418
f 3793/4941/3418 3801/4949/3427 3802/4950/3428 3794/4942/3419
f 3794/4942/3419 3802/4950/3428 3859/5023/3429 3851/5013/3420
f 3795/4943/3421 4044/5261/3430 4045/5262/3431 3796/4944/3422
f 3796/4944/3422 4045/5262/3431 4046/5263/3432 3797/4945/3423
f 3797/4945/3423 4046/5263/3432 4047/5264/3433 3798/4946/3424
f 3798/4946/3424 4047/5264/3433 4048/5265/3434 3799/4947/3425
f 3799/4947/3425 4048/5265/3434 4049/5266/3435 3800/4948/3426
f 3800/4948/3426 4049/5266/3435 4050/5267/3436 3801/4949/3427
f 3801/4949/3427 4050/5267/3436 4051/5268/3437 3802/4950/3428
f 3802/4950/3428 4051/5268/3437 4052/5269/3438 3859/5023/3429
f 3803/4951/3375 3811/4963/3374 3812/4964/3439 3804/4953/3440
f 3804/4952/3440 3812/4965/3439 3813/4966/3441 3805/4954/3442
f 3805/4954/3442 3813/4966/3441 3814/4967/3443 3806/4956/3444
f 3806/4956/3444 3814/4967/3443 3815/4968/3445 3807/4957/3446
f 3807/4957/3446 3815/4968/3445 3816/4969/3447 3808/4958/3448
f 3808/4958/3448 3816/4969/3447 3817/4970/3449 3809/4960/3450
f 3809/4960/3450 3817/4970/3449 3818/4971/3451 3810/4961/3452
f 3810/4962/3452 3818/4972/3451 3875/5051/3453 3867/5040/3454
f 3811/4963/3374 3819/4973/3384 3820/4974/3455 3812/4964/3439
f 3812/4965/3439 3820/4975/3455 3821/4976/3456 3813/4966/3441
f 3813/4966/3441 3821/4976/3456 3822/4977/3457 3814/4967/3443
f 3814/4967/3443 3822/4977/3457 3823/4978/3458 3815/4968/3445
f 3815/4968/3445 3823/4978/3458 3824/4979/3459 3816/4969/3447
f 3816/4969/3447 3824/4979/3459 3825/4980/3460 3817/4970/3449
f 3817/4970/3449 3825/4980/3460 3826/4981/3461 3818/4971/3451
f 3818/4972/3451 3826/4982/3461 3883/5060/3462 3875/5051/3453
f 3819/4973/3384 3827/4983/3393 3828/4984/3463 3820/4974/3455
f 3820/4975/3455 3828/4985/3463 3829/4986/3464 3821/4976/3456
f 3821/4976/3456 3829/4986/3464 3830/4987/3465 3822/4977/3457
f 3822/4977/3457 3830/4987/3465 3831/4988/3466 3823/4978/3458
f 3823/4978/3458 3831/4988/3466 3832/4989/3467 3824/4979/3459
f 3824/4979/3459 3832/4989/3467 3833/4990/3468 3825/4980/3460
f 3825/4980/3460 3833/4990/3468 3834/4991/3469 3826/4981/3461
f 3826/4982/3461 3834/4992/3469 3891/5068/3470 3883/5060/3462
f 3827/4983/3393 3835/4993/3402 3836/4994/3471 3828/4984/3463
f 3828/4985/3463 3836/4995/3471 3837/4996/3472 3829/4986/3464
f 3829/4986/3464 3837/4996/3472 3838/4997/3473 3830/4987/3465
f 3830/4987/3465 3838/4997/3473 3839/4998/3474 3831/4988/3466
f 3831/4988/3466 3839/4998/3474 3840/4999/3475 3832/4989/3467
f 3832/4989/3467 3840/4999/3475 3841/5000/3476 3833/4990/3468
f 3833/4990/3468 3841/5000/3476 3842/5001/3477 3834/4991/3469
f 3834/4992/3469 3842/5002/3477 3899/5076/3478 3891/5068/3470
f 3835/4993/3402 3843/5003/3411 3844/5004/3479 3836/4994/3471
f 3836/4995/3471 3844/5005/3479 3845/5006/3480 3837/4996/3472
f 3837/4996/3472 3845/5006/3480 3846/5007/3481 3838/4997/3473
f 3838/4997/3473 3846/5007/3481 3847/5008/3482 3839/4998/3474
f 3839/4998/3474 3847/5008/3482 3848/5009/3483 3840/4999/3475
f 3840/4999/3475 3848/5009/3483 3849/5010/3484 3841/5000/3476
f 3841/5000/3476 3849/5010/3484 3850/5011/3485 3842/5001/3477
f 3842/5002/3477 3850/5012/3485 3907/5084/3486 3899/5076/3478
f 3843/5003/3411 3851/5013/3420 3852/5014/3487 3844/5004/3479
f 3844/5005/3479 3852/5015/3487 3853/5016/3488 3845/5006/3480
f 3845/5006/3480 3853/5016/3488 3854/5017/3489 3846/5007/3481
f 3846/5007/3481 3854/5017/3489 3855/5018/3490 3847/5008/3482
f 3847/5008/3482 3855/5018/3490 3856/5019/3491 3848/5009/3483
f 3848/5009/3483 3856/5019/3491 3857/5020/3492 3849/5010/3484
f 3849/5010/3484 3857/5020/3492 3858/5021/3493 3850/5011/3485
f 3850/5012/3485 3858/5022/3493 3915/5092/3494 3907/5084/3486
f 3851/5013/3420 3859/5023/3429 3860/5025/3495 3852/5014/3487
f 3852/5015/3487 3860/5024/3495 3861/5027/3496 3853/5016/3488
f 3853/5016/3488 3861/5027/3496 3862/5029/3497 3854/5017/3489
f 3854/5017/3489 3862/5029/3497 3863/5031/3498 3855/5018/3490
f 3855/5018/3490 3863/5031/3498 3864/5033/3499 3856/5019/3491
f 3856/5019/3491 3864/5033/3499 3865/5035/3500 3857/5020/3492
f 3857/5020/3492 3865/5035/3500 3866/5037/3501 3858/5021/3493
f 3858/5022/3493 3866/5039/3501 3923/5100/3502 3915/5092/3494
f 3859/5023/3429 4052/5269/3438 4061/5286/3503 3860/5025/3495
f 3860/5026/3495 4061/5287/3503 4070/5296/3504 3861/5028/3496
f 3861/5028/3496 4070/5296/3504 4079/5305/3505 3862/5030/3497
f 3862/5030/3497 4079/5305/3505 4088/5314/3506 3863/5032/3498
f 3863/5032/3498 4088/5314/3506 4097/5323/3507 3864/5034/3499
f 3864/5034/3499 4097/5323/3507 4106/5332/3508 3865/5036/3500
f 3865/5036/3500 4106/5332/3508 4115/5349/3509 3866/5038/3501
f 3866/5039/3501 4115/5350/3509 4124/5359/3510 3923/5100/3502
f 3867/5040/3454 3875/5051/3453 3876/5052/3511 3868/5041/3512
f 3868/5041/3512 3876/5052/3511 3877/5053/3513 3869/5042/3514
f 3869/5042/3514 3877/5053/3513 3878/5054/3515 3870/5043/3516
f 3870/5043/3516 3878/5054/3515 3879/5055/3517 3871/5044/3518
f 3871/5044/3518 3879/5055/3517 3880/5056/3519 3872/5046/3520
f 3872/5046/3520 3880/5056/3519 3881/5057/3521 3873/5047/3522
f 3873/5047/3522 3881/5057/3521 3882/5059/3523 3874/5049/3524
f 3874/5050/3524 3882/5058/3523 3939/5117/3525 3931/5108/3526
f 3875/5051/3453 3883/5060/3462 3884/5061/3527 3876/5052/3511
f 3876/5052/3511 3884/5061/3527 3885/5062/3528 3877/5053/3513
f 3877/5053/3513 3885/5062/3528 3886/5063/3529 3878/5054/3515
f 3878/5054/3515 3886/5063/3529 3887/5064/3530 3879/5055/3517
f 3879/5055/3517 3887/5064/3530 3888/5065/3531 3880/5056/3519
f 3880/5056/3519 3888/5065/3531 3889/5066/3532 3881/5057/3521
f 3881/5057/3521 3889/5066/3532 3890/5067/3533 3882/5059/3523
f 3882/5059/3523 3890/5067/3533 3947/5125/3534 3939/5116/3525
f 3883/5060/3462 3891/5068/3470 3892/5069/3535 3884/5061/3527
f 3884/5061/3527 3892/5069/3535 3893/5070/3536 3885/5062/3528
f 3885/5062/3528 3893/5070/3536 3894/5071/3537 3886/5063/3529
f 3886/5063/3529 3894/5071/3537 3895/5072/3538 3887/5064/3530
f 3887/5064/3530 3895/5072/3538 3896/5073/3539 3888/5065/3531
f 3888/5065/3531 3896/5073/3539 3897/5074/3540 3889/5066/3532
f 3889/5066/3532 3897/5074/3540 3898/5075/3541 3890/5067/3533
f 3890/5067/3533 3898/5075/3541 3955/5136/3542 3947/5125/3534
f 3891/5068/3470 3899/5076/3478 3900/5077/3543 3892/5069/3535
f 3892/5069/3535 3900/5077/3543 3901/5078/3544 3893/5070/3536
f 3893/5070/3536 3901/5078/3544 3902/5079/3545 3894/5071/3537
f 3894/5071/3537 3902/5079/3545 3903/5080/3546 3895/5072/3538
f 3895/5072/3538 3903/5080/3546 3904/5081/3547 3896/5073/3539
f 3896/5073/3539 3904/5081/3547 3905/5082/3548 3897/5074/3540
f 3897/5074/3540 3905/5082/3548 3906/5083/3549 3898/5075/3541
f 3898/5075/3541 3906/5083/3549 3963/5146/3550 3955/5136/3542
f 3899/5076/3478 3907/5084/3486 3908/5085/3551 3900/5077/3543
f 3900/5077/3543 3908/5085/3551 3909/5086/3552 3901/5078/3544
f 3901/5078/3544 3909/5086/3552 3910/5087/3553 3902/5079/3545
f 3902/5079/3545 3910/5087/3553 3911/5088/3554 3903/5080/3546
f 3903/5080/3546 3911/5088/3554 3912/5089/3555 3904/5081/3547
f 3904/5081/3547 3912/5089/3555 3913/5090/3556 3905/5082/3548
f 3905/5082/3548 3913/5090/3556 3914/5091/3557 3906/5083/3549
f 3906/5083/3549 3914/5091/3557 3971/5156/3558 3963/5146/3550
f 3907/5084/3486 3915/5092/3494 3916/5093/3559 3908/5085/3551
f 3908/5085/3551 3916/5093/3559 3917/5094/3560 3909/5086/3552
f 3909/5086/3552 3917/5094/3560 3918/5095/3561 3910/5087/3553
f 3910/5087/3553 3918/5095/3561 3919/5096/3562 3911/5088/3554
f 3911/5088/3554 3919/5096/3562 3920/5097/3563 3912/5089/3555
f 3912/5089/3555 3920/5097/3563 3921/5098/3564 3913/5090/3556
f 3913/5090/3556 3921/5098/3564 3922/5099/3565 3914/5091/3557
f 3914/5091/3557 3922/5099/3565 3979/5168/3566 3971/5156/3558
f 3915/5092/3494 3923/5100/3502 3924/5101/3567 3916/5093/3559
f 3916/5093/3559 3924/5101/3567 3925/5102/3568 3917/5094/3560
f 3917/5094/3560 3925/5102/3568 3926/5103/3569 3918/5095/3561
f 3918/5095/3561 3926/5103/3569 3927/5104/3570 3919/5096/3562
f 3919/5096/3562 3927/5104/3570 3928/5105/3571 3920/5097/3563
f 3920/5097/3563 3928/5105/3571 3929/5106/3572 3921/5098/3564
f 3921/5098/3564 3929/5106/3572 3930/5107/3573 3922/5099/3565
f 3922/5099/3565 3930/5107/3573 3987/5183/3574 3979/5168/3566
f 3923/5100/3502 4124/5359/3510 4123/5358/3575 3924/5101/3567
f 3924/5101/3567 4123/5358/3575 4122/5357/3576 3925/5102/3568
f 3925/5102/3568 4122/5357/3576 4121/5356/3577 3926/5103/3569
f 3926/5103/3569 4121/5356/3577 4120/5355/3578 3927/5104/3570
f 3927/5104/3570 4120/5355/3578 4119/5354/3579 3928/5105/3571
f 3928/5105/3571 4119/5354/3579 4118/5353/3580 3929/5106/3572
f 3929/5106/3572 4118/5353/3580 4117/5352/3581 3930/5107/3573
f 3930/5107/3573 4117/5352/3581 4116/5351/3582 3987/5183/3574
f 3931/5108/3526 3939/5117/3525 3940/5118/3583 3932/5109/3584
f 3932/5109/3584 3940/5118/3583 3941/5119/3585 3933/5110/3586
f 3933/5110/3586 3941/5119/3585 3942/5120/3587 3934/5111/3588
f 3934/5111/3588 3942/5120/3587 3943/5121/3589 3935/5112/3590
f 3935/5112/3590 3943/5121/3589 3944/5122/3591 3936/5113/3592
f 3936/5113/3592 3944/5122/3591 3945/5123/3593 3937/5114/3594
f 3937/5114/3594 3945/5123/3593 3946/5124/3595 3938/5115/3596
f 3938/5115/3596 3946/5124/3595 3747/4893/3359 3739/4881/3358
f 3939/5117/3525 3947/5126/3534 3948/5127/3597 3940/5118/3583
f 3940/5118/3583 3948/5127/3597 3949/5128/3598 3941/5119/3585
f 3941/5119/3585 3949/5128/3598 3950/5129/3599 3942/5120/3587
f 3942/5120/3587 3950/5129/3599 3951/5130/3600 3943/5121/3589
f 3943/5121/3589 3951/5130/3600 3952/5131/3601 3944/5122/3591
f 3944/5122/3591 3952/5131/3601 3953/5132/3602 3945/5123/3593
f 3945/5123/3593 3953/5132/3602 3954/5133/3603 3946/5124/3595
f 3946/5124/3595 3954/5133/3603 3755/4902/3376 3747/4893/3359
f 3947/5126/3534 3955/5135/3542 3956/5138/3604 3948/5127/3597
f 3948/5127/3597 3956/5138/3604 3957/5139/3605 3949/5128/3598
f 3949/5128/3598 3957/5139/3605 3958/5140/3606 3950/5129/3599
f 3950/5129/3599 3958/5140/3606 3959/5141/3607 3951/5130/3600
f 3951/5130/3600 3959/5141/3607 3960/5142/3608 3952/5131/3601
f 3952/5131/3601 3960/5142/3608 3961/5143/3609 3953/5132/3602
f 3953/5132/3602 3961/5143/3609 3962/5144/3610 3954/5133/3603
f 3954/5134/3603 3962/5145/3610 3763/4911/3385 3755/4903/3376
f 3955/5136/3542 3963/5146/3550 3964/5147/3611 3956/5137/3604
f 3956/5138/3604 3964/5148/3611 3965/5149/3612 3957/5139/3605
f 3957/5139/3605 3965/5149/3612 3966/5150/3613 3958/5140/3606
f 3958/5140/3606 3966/5150/3613 3967/5151/3614 3959/5141/3607
f 3959/5141/3607 3967/5151/3614 3968/5152/3615 3960/5142/3608
f 3960/5142/3608 3968/5152/3615 3969/5153/3616 3961/5143/3609
f 3961/5143/3609 3969/5153/3616 3970/5154/3617 3962/5144/3610
f 3962/5145/3610 3970/5155/3617 3771/4919/3394 3763/4911/3385
f 3963/5146/3550 3971/5156/3558 3972/5158/3618 3964/5147/3611
f 3964/5148/3611 3972/5157/3618 3973/5160/3619 3965/5149/3612
f 3965/5149/3612 3973/5160/3619 3974/5161/3620 3966/5150/3613
f 3966/5150/3613 3974/5161/3620 3975/5162/3621 3967/5151/3614
f 3967/5151/3614 3975/5162/3621 3976/5163/3622 3968/5152/3615
f 3968/5152/3615 3976/5163/3622 3977/5164/3623 3969/5153/3616
f 3969/5153/3616 3977/5164/3623 3978/5166/3624 3970/5154/3617
f 3970/5155/3617 3978/5167/3624 3779/4927/3403 3771/4919/3394
f 3971/5156/3558 3979/5168/3566 3980/5169/3625 3972/5158/3618
f 3972/5158/3618 3980/5169/3625 3981/5171/3626 3973/5159/3619
f 3973/5160/3619 3981/5170/3626 3982/5173/3627 3974/5161/3620
f 3974/5161/3620 3982/5173/3627 3983/5175/3628 3975/5162/3621
f 3975/5162/3621 3983/5175/3628 3984/5177/3629 3976/5163/3622
f 3976/5163/3622 3984/5177/3629 3985/5179/3630 3977/5164/3623
f 3977/5165/3623 3985/5181/3630 3986/5182/3631 3978/5167/3624
f 3978/5167/3624 3986/5182/3631 3787/4935/3412 3779/4927/3403
f 3979/5168/3566 3987/5183/3574 3988/5184/3632 3980/5169/3625
f 3980/5169/3625 3988/5184/3632 3989/5186/3633 3981/5171/3626
f 3981/5172/3626 3989/5187/3633 3990/5188/3634 3982/5174/3627
f 3982/5174/3627 3990/5188/3634 3991/5189/3635 3983/5176/3628
f 3983/5176/3628 3991/5189/3635 3992/5190/3636 3984/5178/3629
f 3984/5178/3629 3992/5190/3636 3993/5192/3637 3985/5180/3630
f 3985/5181/3630 3993/5191/3637 3994/5194/3638 3986/5182/3631
f 3986/5182/3631 3994/5194/3638 3795/4943/3421 3787/4935/3412
f 3987/5183/3574 4116/5351/3582 4107/5334/3639 3988/5184/3632
f 3988/5185/3632 4107/5333/3639 4098/5324/3640 3989/5187/3633
f 3989/5187/3633 4098/5324/3640 4089/5315/3641 3990/5188/3634
f 3990/5188/3634 4089/5315/3641 4080/5306/3642 3991/5189/3635
f 3991/5189/3635 4080/5306/3642 4071/5297/3643 3992/5190/3636
f 3992/5190/3636 4071/5297/3643 4062/5288/3644 3993/5192/3637
f 3993/5192/3637 4062/5288/3644 4053/5271/3645 3994/5193/3638
f 3994/5194/3638 4053/5270/3645 4044/5261/3430 3795/4943/3421
f 3931/5108/3526 3932/5109/3584 3995/5195/3646 3874/5050/3524
f 3874/5050/3524 3995/5195/3646 3996/5196/3647 3873/5048/3522
f 3873/5048/3522 3996/5196/3647 3997/5198/3648 3872/5045/3520
f 3872/5046/3520 3997/5197/3648 3998/5199/3649 3871/5044/3518
f 3871/5044/3518 3998/5199/3649 3999/5201/3650 3870/5043/3516
f 3870/5043/3516 3999/5201/3650 4000/5204/3651 3869/5042/3514
f 3869/5042/3514 4000/5204/3651 4001/5205/3652 3868/5041/3512
f 3868/5041/3512 4001/5205/3652 3810/4962/3452 3867/5040/3454
f 3932/5109/3584 3933/5110/3586 4002/5206/3653 3995/5195/3646
f 3995/5195/3646 4002/5206/3653 4003/5207/3654 3996/5196/3647
f 3996/5196/3647 4003/5207/3654 4004/5208/3655 3997/5198/3648
f 3997/5198/3648 4004/5208/3655 4005/5209/3656 3998/5200/3649
f 3998/5200/3649 4005/5209/3656 4006/5210/3657 3999/5202/3650
f 3999/5202/3650 4006/5210/3657 4007/5212/3658 4000/5203/3651
f 4000/5204/3651 4007/5211/3658 4008/5213/3659 4001/5205/3652
f 4001/5205/3652 4008/5213/3659 3809/4959/3450 3810/4962/3452
f 3933/5110/3586 3934/5111/3588 4009/5216/3660 4002/5206/3653
f 4002/5206/3653 4009/5216/3660 4010/5217/3661 4003/5207/3654
f 4003/5207/3654 4010/5217/3661 4011/5218/3662 4004/5208/3655
f 4004/5208/3655 4011/5218/3662 4012/5219/3663 4005/5209/3656
f 4005/5209/3656 4012/5219/3663 4013/5220/3664 4006/5210/3657
f 4006/5210/3657 4013/5220/3664 4014/5221/3665 4007/5212/3658
f 4007/5212/3658 4014/5221/3665 4015/5222/3666 4008/5214/3659
f 4008/5215/3659 4015/5223/3666 3808/4958/3448 3809/4960/3450
f 3934/5111/3588 3935/5112/3590 4016/5224/3667 4009/5216/3660
f 4009/5216/3660 4016/5224/3667 4017/5225/3668 4010/5217/3661
f 4010/5217/3661 4017/5225/3668 4018/5226/3669 4011/5218/3662
f 4011/5218/3662 4018/5226/3669 4019/5227/3670 4012/5219/3663
f 4012/5219/3663 4019/5227/3670 4020/5228/3671 4013/5220/3664
f 4013/5220/3664 4020/5228/3671 4021/5229/3672 4014/5221/3665
f 4014/5221/3665 4021/5229/3672 4022/5230/3673 4015/5222/3666
f 4015/5223/3666 4022/5231/3673 3807/4957/3446 3808/4958/3448
f 3935/5112/3590 3936/5113/3592 4023/5232/3674 4016/5224/3667
f 4016/5224/3667 4023/5232/3674 4024/5233/3675 4017/5225/3668
f 4017/5225/3668 4024/5233/3675 4025/5234/3676 4018/5226/3669
f 4018/5226/3669 4025/5234/3676 4026/5235/3677 4019/5227/3670
f 4019/5227/3670 4026/5235/3677 4027/5236/3678 4020/5228/3671
f 4020/5228/3671 4027/5236/3678 4028/5237/3679 4021/5229/3672
f 4021/5229/3672 4028/5237/3679 4029/5238/3680 4022/5230/3673
f 4022/5231/3673 4029/5239/3680 3806/4956/3444 3807/4957/3446
f 3936/5113/3592 3937/5114/3594 4030/5240/3681 4023/5232/3674
f 4023/5232/3674 4030/5240/3681 4031/5241/3682 4024/5233/3675
f 4024/5233/3675 4031/5241/3682 4032/5242/3683 4025/5234/3676
f 4025/5234/3676 4032/5242/3683 4033/5243/3684 4026/5235/3677
f 4026/5235/3677 4033/5243/3684 4034/5244/3685 4027/5236/3678
f 4027/5236/3678 4034/5244/3685 4035/5245/3686 4028/5237/3679
f 4028/5237/3679 4035/5245/3686 4036/5247/3687 4029/5238/3680
f 4029/5239/3680 4036/5248/3687 3805/4954/3442 3806/4956/3444
f 3937/5114/3594 3938/5115/3596 4037/5250/3688 4030/5240/3681
f 4030/5240/3681 4037/5250/3688 4038/5251/3689 4031/5241/3682
f 4031/5241/3682 4038/5251/3689 4039/5252/3690 4032/5242/3683
f 4032/5242/3683 4039/5252/3690 4040/5254/3691 4033/5243/3684
f 4033/5243/3684 4040/5254/3691 4041/5256/3692 4034/5244/3685
f 4034/5244/3685 4041/5256/3692 4042/5258/3693 4035/5245/3686
f 4035/5246/3686 4042/5259/3693 4043/5260/3694 4036/5249/3687
f 4036/5249/3687 4043/5260/3694 3804/4953/3440 3805/4955/3442
f 3938/5115/3596 3739/4881/3358 3740/4883/3361 4037/5250/3688
f 4037/5250/3688 3740/4883/3361 3741/4885/3363 4038/5251/3689
f 4038/5251/3689 3741/4885/3363 3742/4886/3365 4039/5252/3690
f 4039/5253/3690 3742/4887/3365 3743/4888/3367 4040/5255/3691
f 4040/5255/3691 3743/4888/3367 3744/4889/3369 4041/5257/3692
f 4041/5257/3692 3744/4889/3369 3745/4890/3371 4042/5259/3693
f 4042/5259/3693 3745/4890/3371 3746/4891/3373 4043/5260/3694
f 4043/5260/3694 3746/4891/3373 3803/4951/3375 3804/4953/3440
f 4044/5261/3430 4053/5270/3645 4054/5272/3695 4045/5262/3431
f 4045/5262/3431 4054/5272/3695 4055/5274/3696 4046/5263/3432
f 4046/5263/3432 4055/5274/3696 4056/5276/3697 4047/5264/3433
f 4047/5264/3433 4056/5276/3697 4057/5278/3698 4048/5265/3434
f 4048/5265/3434 4057/5278/3698 4058/5280/3699 4049/5266/3435
f 4049/5266/3435 4058/5280/3699 4059/5282/3700 4050/5267/3436
f 4050/5267/3436 4059/5282/3700 4060/5284/3701 4051/5268/3437
f 4051/5268/3437 4060/5284/3701 4061/5286/3503 4052/5269/3438
f 4053/5271/3645 4062/5288/3644 4063/5289/3702 4054/5273/3695
f 4054/5273/3695 4063/5289/3702 4064/5290/3703 4055/5275/3696
f 4055/5275/3696 4064/5290/3703 4065/5291/3704 4056/5277/3697
f 4056/5277/3697 4065/5291/3704 4066/5292/3705 4057/5279/3698
f 4057/5279/3698 4066/5292/3705 4067/5293/3706 4058/5281/3699
f 4058/5281/3699 4067/5293/3706 4068/5294/3707 4059/5283/3700
f 4059/5283/3700 4068/5294/3707 4069/5295/3708 4060/5285/3701
f 4060/5285/3701 4069/5295/3708 4070/5296/3504 4061/5287/3503
f 4062/5288/3644 4071/5297/3643 4072/5298/3709 4063/5289/3702
f 4063/5289/3702 4072/5298/3709 4073/5299/3710 4064/5290/3703
f 4064/5290/3703 4073/5299/3710 4074/5300/3711 4065/5291/3704
f 4065/5291/3704 4074/5300/3711 4075/5301/3712 4066/5292/3705
f 4066/5292/3705 4075/5301/3712 4076/5302/3713 4067/5293/3706
f 4067/5293/3706 4076/5302/3713 4077/5303/3714 4068/5294/3707
f 4068/5294/3707 4077/5303/3714 4078/5304/3715 4069/5295/3708
f 4069/5295/3708 4078/5304/3715 4079/5305/3505 4070/5296/3504
f 4071/5297/3643 4080/5306/3642 4081/5307/3716 4072/5298/3709
f 4072/5298/3709 4081/5307/3716 4082/5308/3717 4073/5299/3710
f 4073/5299/3710 4082/5308/3717 4083/5309/3718 4074/5300/3711
f 4074/5300/3711 4083/5309/3718 4084/5310/3719 4075/5301/3712
f 4075/5301/3712 4084/5310/3719 4085/5311/3720 4076/5302/3713
f 4076/5302/3713 4085/5311/3720 4086/5312/3721 4077/5303/3714
f 4077/5303/3714 4086/5312/3721 4087/5313/3722 4078/5304/3715
f 4078/5304/3715 4087/5313/3722 4088/5314/3506 4079/5305/3505
f 4080/5306/3642 4089/5315/3641 4090/5316/3723 4081/5307/3716
f 4081/5307/3716 4090/5316/3723 4091/5317/3724 4082/5308/3717
f 4082/5308/3717 4091/5317/3724 4092/5318/3725 4083/5309/3718
f 4083/5309/3718 4092/5318/3725 4093/5319/3726 4084/5310/3719
f 4084/5310/3719 4093/5319/3726 4094/5320/3727 4085/5311/3720
f 4085/5311/3720 4094/5320/3727 4095/5321/3728 4086/5312/3721
f 4086/5312/3721 4095/5321/3728 4096/5322/3729 4087/5313/3722
f 4087/5313/3722 4096/5322/3729 4097/5323/3507 4088/5314/3506
f 4089/5315/3641 4098/5324/3640 4099/5325/3730 4090/5316/3723
f 4090/5316/3723 4099/5325/3730 4100/5326/3731 4091/5317/3724
f 4091/5317/3724 4100/5326/3731 4101/5327/3732 4092/5318/3725
f 4092/5318/3725 4101/5327/3732 4102/5328/3733 4093/5319/3726
f 4093/5319/3726 4102/5328/3733 4103/5329/3734 4094/5320/3727
f 4094/5320/3727 4103/5329/3734 4104/5330/3735 4095/5321/3728
f 4095/5321/3728 4104/5330/3735 4105/5331/3736 4096/5322/3729
f 4096/5322/3729 4105/5331/3736 4106/5332/3508 4097/5323/3507
f 4098/5324/3640 4107/5333/3639 4108/5335/3737 4099/5325/3730
f 4099/5325/3730 4108/5335/3737 4109/5337/3738 4100/5326/3731
f 4100/5326/3731 4109/5337/3738 4110/5339/3739 4101/5327/3732
f 4101/5327/3732 4110/5339/3739 4111/5341/3740 4102/5328/3733
f 4102/5328/3733 4111/5341/3740 4112/5343/3741 4103/5329/3734
f 4103/5329/3734 4112/5343/3741 4113/5345/3742 4104/5330/3735
f 4104/5330/3735 4113/5345/3742 4114/5347/3743 4105/5331/3736
f 4105/5331/3736 4114/5347/3743 4115/5349/3509 4106/5332/3508
f 4107/5334/3639 4116/5351/3582 4117/5352/3581 4108/5336/3737
f 4108/5336/3737 4117/5352/3581 4118/5353/3580 4109/5338/3738
f 4109/5338/3738 4118/5353/3580 4119/5354/3579 4110/5340/3739
f 4110/5340/3739 4119/5354/3579 4120/5355/3578 4111/5342/3740
f 4111/5342/3740 4120/5355/3578 4121/5356/3577 4112/5344/3741
f 4112/5344/3741 4121/5356/3577 4122/5357/3576 4113/5346/3742
f 4113/5346/3742 4122/5357/3576 4123/5358/3575 4114/5348/3743
f 4114/5348/3743 4123/5358/3575 4124/5359/3510 4115/5350/3509
f 4125/5360/3744 4126/5361/3745 4134/5372/3746 4133/5371/3747
f 4126/5361/3745 4127/5363/3748 4135/5373/3749 4134/5372/3746
f 4127/5363/3748 4128/5365/3750 4136/5375/3751 4135/5373/3749
f 4128/5366/3750 4129/5367/3752 4137/5376/3753 4136/5374/3751
f 4129/5367/3752 4130/5368/3754 4138/5379/3755 4137/5376/3753
f 4130/5368/3754 4131/5369/3756 4139/5380/3757 4138/5379/3755
f 4131/5369/3756 4132/5370/3758 4140/5381/3759 4139/5380/3757
f 4132/5370/3758 4189/5446/3760 4197/5454/3761 4140/5381/3759
f 4133/5371/3747 4134/5372/3746 4142/5384/3762 4141/5383/3763
f 4134/5372/3746 4135/5373/3749 4143/5385/3764 4142/5384/3762
f 4135/5373/3749 4136/5375/3751 4144/5386/3765 4143/5385/3764
f 4136/5375/3751 4137/5377/3753 4145/5387/3766 4144/5386/3765
f 4137/5377/3753 4138/5378/3755 4146/5389/3767 4145/5387/3766
f 4138/5379/3755 4139/5380/3757 4147/5390/3768 4146/5388/3767
f 4139/5380/3757 4140/5381/3759 4148/5393/3769 4147/5390/3768
f 4140/5382/3759 4197/5455/3761 4205/5470/3770 4148/5394/3769
f 4141/5383/3763 4142/5384/3762 4150/5396/3771 4149/5395/3772
f 4142/5384/3762 4143/5385/3764 4151/5397/3773 4150/5396/3771
f 4143/5385/3764 4144/5386/3765 4152/5398/3774 4151/5397/3773
f 4144/5386/3765 4145/5387/3766 4153/5399/3775 4152/5398/3774
f 4145/5387/3766 4146/5389/3767 4154/5400/3776 4153/5399/3775
f 4146/5389/3767 4147/5391/3768 4155/5401/3777 4154/5400/3776
f 4147/5392/3768 4148/5394/3769 4156/5403/3778 4155/5402/3777
f 4148/5394/3769 4205/5470/3770 4213/5478/3779 4156/5403/3778
f 4149/5395/3772 4150/5396/3771 4158/5405/3780 4157/5404/3781
f 4150/5396/3771 4151/5397/3773 4159/5406/3782 4158/5405/3780
f 4151/5397/3773 4152/5398/3774 4160/5407/3783 4159/5406/3782
f 4152/5398/3774 4153/5399/3775 4161/5408/3784 4160/5407/3783
f 4153/5399/3775 4154/5400/3776 4162/5409/3785 4161/5408/3784
f 4154/5400/3776 4155/5401/3777 4163/5410/3786 4162/5409/3785
f 4155/5402/3777 4156/5403/3778 4164/5412/3787 4163/5411/3786
f 4156/5403/3778 4213/5478/3779 4221/5486/3788 4164/5412/3787
f 4157/5404/3781 4158/5405/3780 4166/5414/3789 4165/5413/3790
f 4158/5405/3780 4159/5406/3782 4167/5415/3791 4166/5414/3789
f 4159/5406/3782 4160/5407/3783 4168/5416/3792 4167/5415/3791
f 4160/5407/3783 4161/5408/3784 4169/5417/3793 4168/5416/3792
f 4161/5408/3784 4162/5409/3785 4170/5418/3794 4169/5417/3793
f 4162/5409/3785 4163/5410/3786 4171/5419/3795 4170/5418/3794
f 4163/5411/3786 4164/5412/3787 4172/5421/3796 4171/5420/3795
f 4164/5412/3787 4221/5486/3788 4229/5494/3797 4172/5421/3796
f 4165/5413/3790 4166/5414/3789 4174/5423/3798 4173/5422/3799
f 4166/5414/3789 4167/5415/3791 4175/5424/3800 4174/5423/3798
f 4167/5415/3791 4168/5416/3792 4176/5425/3801 4175/5424/3800
f 4168/5416/3792 4169/5417/3793 4177/5426/3802 4176/5425/3801
f 4169/5417/3793 4170/5418/3794 4178/5427/3803 4177/5426/3802
f 4170/5418/3794 4171/5419/3795 4179/5429/3804 4178/5427/3803
f 4171/5420/3795 4172/5421/3796 4180/5433/3805 4179/5430/3804
f 4172/5421/3796 4229/5494/3797 4237/5502/3806 4180/5433/3805
f 4173/5422/3799 4174/5423/3798 4182/5435/3807 4181/5434/3808
f 4174/5423/3798 4175/5424/3800 4183/5436/3809 4182/5435/3807
f 4175/5424/3800 4176/5425/3801 4184/5437/3810 4183/5436/3809
f 4176/5425/3801 4177/5426/3802 4185/5439/3811 4184/5437/3810
f 4177/5426/3802 4178/5427/3803 4186/5441/3812 4185/5439/3811
f 4178/5428/3803 4179/5431/3804 4187/5443/3813 4186/5442/3812
f 4179/5431/3804 4180/5432/3805 4188/5445/3814 4187/5443/3813
f 4180/5433/3805 4237/5502/3806 4245/5510/3815 4188/5444/3814
f 4181/5434/3808 4182/5435/3807 4431/5751/3816 4430/5750/3817
f 4182/5435/3807 4183/5436/3809 4432/5753/3818 4431/5751/3816
f 4183/5436/3809 4184/5437/3810 4433/5755/3819 4432/5753/3818
f 4184/5438/3810 4185/5440/3811 4434/5757/3820 4433/5756/3819
f 4185/5440/3811 4186/5442/3812 4435/5758/3821 4434/5757/3820
f 4186/5442/3812 4187/5443/3813 4436/5759/3822 4435/5758/3821
f 4187/5443/3813 4188/5445/3814 4437/5760/3823 4436/5759/3822
f 4188/5445/3814 4245/5511/3815 4438/5761/3824 4437/5760/3823
f 4189/5446/3760 4190/5447/3825 4198/5456/3826 4197/5454/3761
f 4190/5447/3825 4191/5448/3827 4199/5458/3828 4198/5456/3826
f 4191/5448/3827 4192/5449/3829 4200/5460/3830 4199/5458/3828
f 4192/5449/3829 4193/5450/3831 4201/5462/3832 4200/5460/3830
f 4193/5450/3831 4194/5451/3833 4202/5464/3834 4201/5462/3832
f 4194/5451/3833 4195/5452/3835 4203/5466/3836 4202/5464/3834
f 4195/5452/3835 4196/5453/3837 4204/5468/3838 4203/5466/3836
f 4196/5453/3837 4253/5526/3839 4261/5535/3840 4204/5468/3838
f 4197/5455/3761 4198/5457/3826 4206/5471/3841 4205/5470/3770
f 4198/5457/3826 4199/5459/3828 4207/5472/3842 4206/5471/3841
f 4199/5459/3828 4200/5461/3830 4208/5473/3843 4207/5472/3842
f 4200/5461/3830 4201/5463/3832 4209/5474/3844 4208/5473/3843
f 4201/5463/3832 4202/5465/3834 4210/5475/3845 4209/5474/3844
f 4202/5465/3834 4203/5467/3836 4211/5476/3846 4210/5475/3845
f 4203/5467/3836 4204/5469/3838 4212/5477/3847 4211/5476/3846
f 4204/5469/3838 4261/5534/3840 4269/5551/3848 4212/5477/3847
f 4205/5470/3770 4206/5471/3841 4214/5479/3849 4213/5478/3779
f 4206/5471/3841 4207/5472/3842 4215/5480/3850 4214/5479/3849
f 4207/5472/3842 4208/5473/3843 4216/5481/3851 4215/5480/3850
f 4208/5473/3843 4209/5474/3844 4217/5482/3852 4216/5481/3851
f 4209/5474/3844 4210/5475/3845 4218/5483/3853 4217/5482/3852
f 4210/5475/3845 4211/5476/3846 4219/5484/3854 4218/5483/3853
f 4211/5476/3846 4212/5477/3847 4220/5485/3855 4219/5484/3854
f 4212/5477/3847 4269/5551/3848 4277/5560/3856 4220/5485/3855
f 4213/5478/3779 4214/5479/3849 4222/5487/3857 4221/5486/3788
f 4214/5479/3849 4215/5480/3850 4223/5488/3858 4222/5487/3857
f 4215/5480/3850 4216/5481/3851 4224/5489/3859 4223/5488/3858
f 4216/5481/3851 4217/5482/3852 4225/5490/3860 4224/5489/3859
f 4217/5482/3852 4218/5483/3853 4226/5491/3861 4225/5490/3860
f 4218/5483/3853 4219/5484/3854 4227/5492/3862 4226/5491/3861
f 4219/5484/3854 4220/5485/3855 4228/5493/3863 4227/5492/3862
f 4220/5485/3855 4277/5560/3856 4285/5569/3864 4228/5493/3863
f 4221/5486/3788 4222/5487/3857 4230/5495/3865 4229/5494/3797
f 4222/5487/3857 4223/5488/3858 4231/5496/3866 4230/5495/3865
f 4223/5488/3858 4224/5489/3859 4232/5497/3867 4231/5496/3866
f 4224/5489/3859 4225/5490/3860 4233/5498/3868 4232/5497/3867
f 4225/5490/3860 4226/5491/3861 4234/5499/3869 4233/5498/3868
f 4226/5491/3861 4227/5492/3862 4235/5500/3870 4234/5499/3869
f 4227/5492/3862 4228/5493/3863 4236/5501/3871 4235/5500/3870
f 4228/5493/3863 4285/5569/3864 4293/5578/3872 4236/5501/3871
f 4229/5494/3797 4230/5495/3865 4238/5503/3873 4237/5502/3806
f 4230/5495/3865 4231/5496/3866 4239/5504/3874 4238/5503/3873
f 4231/5496/3866 4232/5497/3867 4240/5505/3875 4239/5504/3874
f 4232/5497/3867 4233/5498/3868 4241/5506/3876 4240/5505/3875
f 4233/5498/3868 4234/5499/3869 4242/5507/3877 4241/5506/3876
f 4234/5499/3869 4235/5500/3870 4243/5508/3878 4242/5507/3877
f 4235/5500/3870 4236/5501/3871 4244/5509/3879 4243/5508/3878
f 4236/5501/3871 4293/5578/3872 4301/5587/3880 4244/5509/3879
f 4237/5502/3806 4238/5503/3873 4246/5512/3881 4245/5510/3815
f 4238/5503/3873 4239/5504/3874 4247/5514/3882 4246/5512/3881
f 4239/5504/3874 4240/5505/3875 4248/5516/3883 4247/5514/3882
f 4240/5505/3875 4241/5506/3876 4249/5518/3884 4248/5516/3883
f 4241/5506/3876 4242/5507/3877 4250/5520/3885 4249/5518/3884
f 4242/5507/3877 4243/5508/3878 4251/5522/3886 4250/5520/3885
f 4243/5508/3878 4244/5509/3879 4252/5524/3887 4251/5522/3886
f 4244/5509/3879 4301/5587/3880 4309/5596/3888 4252/5524/3887
f 4245/5511/3815 4246/5513/3881 4447/5772/3889 4438/5761/3824
f 4246/5513/3881 4247/5515/3882 4456/5782/3890 4447/5772/3889
f 4247/5515/3882 4248/5517/3883 4465/5792/3891 4456/5782/3890
f 4248/5517/3883 4249/5519/3884 4474/5802/3892 4465/5792/3891
f 4249/5519/3884 4250/5521/3885 4483/5811/3893 4474/5802/3892
f 4250/5521/3885 4251/5523/3886 4492/5820/3894 4483/5811/3893
f 4251/5523/3886 4252/5525/3887 4501/5829/3895 4492/5820/3894
f 4252/5525/3887 4309/5598/3888 4510/5838/3896 4501/5829/3895
f 4253/5526/3839 4254/5527/3897 4262/5537/3898 4261/5535/3840
f 4254/5527/3897 4255/5528/3899 4263/5539/3900 4262/5537/3898
f 4255/5528/3899 4256/5529/3901 4264/5541/3902 4263/5539/3900
f 4256/5529/3901 4257/5530/3903 4265/5543/3904 4264/5541/3902
f 4257/5530/3903 4258/5531/3905 4266/5545/3906 4265/5543/3904
f 4258/5531/3905 4259/5532/3907 4267/5547/3908 4266/5545/3906
f 4259/5532/3907 4260/5533/3909 4268/5549/3910 4267/5547/3908
f 4260/5533/3909 4317/5613/3911 4325/5625/3912 4268/5549/3910
f 4261/5536/3840 4262/5538/3898 4270/5553/3913 4269/5552/3848
f 4262/5538/3898 4263/5540/3900 4271/5554/3914 4270/5553/3913
f 4263/5540/3900 4264/5542/3902 4272/5555/3915 4271/5554/3914
f 4264/5542/3902 4265/5544/3904 4273/5556/3916 4272/5555/3915
f 4265/5544/3904 4266/5546/3906 4274/5557/3917 4273/5556/3916
f 4266/5546/3906 4267/5548/3908 4275/5558/3918 4274/5557/3917
f 4267/5548/3908 4268/5550/3910 4276/5559/3919 4275/5558/3918
f 4268/5550/3910 4325/5626/3912 4333/5638/3920 4276/5559/3919
f 4269/5552/3848 4270/5553/3913 4278/5562/3921 4277/5561/3856
f 4270/5553/3913 4271/5554/3914 4279/5563/3922 4278/5562/3921
f 4271/5554/3914 4272/5555/3915 4280/5564/3923 4279/5563/3922
f 4272/5555/3915 4273/5556/3916 4281/5565/3924 4280/5564/3923
f 4273/5556/3916 4274/5557/3917 4282/5566/3925 4281/5565/3924
f 4274/5557/3917 4275/5558/3918 4283/5567/3926 4282/5566/3925
f 4275/5558/3918 4276/5559/3919 4284/5568/3927 4283/5567/3926
f 4276/5559/3919 4333/5638/3920 4341/5649/3928 4284/5568/3927
f 4277/5561/3856 4278/5562/3921 4286/5571/3929 4285/5570/3864
f 4278/5562/3921 4279/5563/3922 4287/5572/3930 4286/5571/3929
f 4279/5563/3922 4280/5564/3923 4288/5573/3931 4287/5572/3930
f 4280/5564/3923 4281/5565/3924 4289/5574/3932 4288/5573/3931
f 4281/5565/3924 4282/5566/3925 4290/5575/3933 4289/5574/3932
f 4282/5566/3925 4283/5567/3926 4291/5576/3934 4290/5575/3933
f 4283/5567/3926 4284/5568/3927 4292/5577/3935 4291/5576/3934
f 4284/5568/3927 4341/5649/3928 4349/5658/3936 4292/5577/3935
f 4285/5570/3864 4286/5571/3929 4294/5580/3937 4293/5579/3872
f 4286/5571/3929 4287/5572/3930 4295/5581/3938 4294/5580/3937
f 4287/5572/3930 4288/5573/3931 4296/5582/3939 4295/5581/3938
f 4288/5573/3931 4289/5574/3932 4297/5583/3940 4296/5582/3939
f 4289/5574/3932 4290/5575/3933 4298/5584/3941 4297/5583/3940
f 4290/5575/3933 4291/5576/3934 4299/5585/3942 4298/5584/3941
f 4291/5576/3934 4292/5577/3935 4300/5586/3943 4299/5585/3942
f 4292/5577/3935 4349/5658/3936 4357/5667/3944 4300/5586/3943
f 4293/5579/3872 4294/5580/3937 4302/5589/3945 4301/5588/3880
f 4294/5580/3937 4295/5581/3938 4303/5590/3946 4302/5589/3945
f 4295/5581/3938 4296/5582/3939 4304/5591/3947 4303/5590/3946
f 4296/5582/3939 4297/5583/3940 4305/5592/3948 4304/5591/3947
f 4297/5583/3940 4298/5584/3941 4306/5593/3949 4305/5592/3948
f 4298/5584/3941 4299/5585/3942 4307/5594/3950 4306/5593/3949
f 4299/5585/3942 4300/5586/3943 4308/5595/3951 4307/5594/3950
f 4300/5586/3943 4357/5667/3944 4365/5676/3952 4308/5595/3951
f 4301/5588/3880 4302/5589/3945 4310/5599/3953 4309/5597/3888
f 4302/5589/3945 4303/5590/3946 4311/5601/3954 4310/5599/3953
f 4303/5590/3946 4304/5591/3947 4312/5603/3955 4311/5601/3954
f 4304/5591/3947 4305/5592/3948 4313/5605/3956 4312/5603/3955
f 4305/5592/3948 4306/5593/3949 4314/5607/3957 4313/5605/3956
f 4306/5593/3949 4307/5594/3950 4315/5609/3958 4314/5607/3957
f 4307/5594/3950 4308/5595/3951 4316/5611/3959 4315/5609/3958
f 4308/5595/3951 4365/5676/3952 4373/5687/3960 4316/5611/3959
f 4309/5598/3888 4310/5600/3953 4509/5837/3961 4510/5838/3896
f 4310/5600/3953 4311/5602/3954 4508/5836/3962 4509/5837/3961
f 4311/5602/3954 4312/5604/3955 4507/5835/3963 4508/5836/3962
f 4312/5604/3955 4313/5606/3956 4506/5834/3964 4507/5835/3963
f 4313/5606/3956 4314/5608/3957 4505/5833/3965 4506/5834/3964
f 4314/5608/3957 4315/5610/3958 4504/5832/3966 4505/5833/3965
f 4315/5610/3958 4316/5612/3959 4503/5831/3967 4504/5832/3966
f 4316/5612/3959 4373/5688/3960 4502/5830/3968 4503/5831/3967
f 4317/5613/3911 4318/5614/3969 4326/5628/3970 4325/5625/3912
f 4318/5614/3969 4319/5615/3971 4327/5629/3972 4326/5628/3970
f 4319/5615/3971 4320/5616/3973 4328/5631/3974 4327/5629/3972
f 4320/5616/3973 4321/5618/3975 4329/5633/3976 4328/5631/3974
f 4321/5617/3975 4322/5619/3977 4330/5635/3978 4329/5634/3976
f 4322/5619/3977 4323/5621/3979 4331/5636/3980 4330/5635/3978
f 4323/5621/3979 4324/5624/3981 4332/5637/3982 4331/5636/3980
f 4324/5624/3981 4125/5360/3744 4133/5371/3747 4332/5637/3982
f 4325/5626/3912 4326/5627/3970 4334/5640/3983 4333/5638/3920
f 4326/5628/3970 4327/5629/3972 4335/5642/3984 4334/5639/3983
f 4327/5630/3972 4328/5632/3974 4336/5644/3985 4335/5643/3984
f 4328/5632/3974 4329/5634/3976 4337/5645/3986 4336/5644/3985
f 4329/5634/3976 4330/5635/3978 4338/5646/3987 4337/5645/3986
f 4330/5635/3978 4331/5636/3980 4339/5647/3988 4338/5646/3987
f 4331/5636/3980 4332/5637/3982 4340/5648/3989 4339/5647/3988
f 4332/5637/3982 4133/5371/3747 4141/5383/3763 4340/5648/3989
f 4333/5638/3920 4334/5640/3983 4342/5650/3990 4341/5649/3928
f 4334/5641/3983 4335/5643/3984 4343/5652/3991 4342/5651/3990
f 4335/5643/3984 4336/5644/3985 4344/5653/3992 4343/5652/3991
f 4336/5644/3985 4337/5645/3986 4345/5654/3993 4344/5653/3992
f 4337/5645/3986 4338/5646/3987 4346/5655/3994 4345/5654/3993
f 4338/5646/3987 4339/5647/3988 4347/5656/3995 4346/5655/3994
f 4339/5647/3988 4340/5648/3989 4348/5657/3996 4347/5656/3995
f 4340/5648/3989 4141/5383/3763 4149/5395/3772 4348/5657/3996
f 4341/5649/3928 4342/5650/3990 4350/5659/3997 4349/5658/3936
f 4342/5651/3990 4343/5652/3991 4351/5661/3998 4350/5660/3997
f 4343/5652/3991 4344/5653/3992 4352/5662/3999 4351/5661/3998
f 4344/5653/3992 4345/5654/3993 4353/5663/4000 4352/5662/3999
f 4345/5654/3993 4346/5655/3994 4354/5664/4001 4353/5663/4000
f 4346/5655/3994 4347/5656/3995 4355/5665/4002 4354/5664/4001
f 4347/5656/3995 4348/5657/3996 4356/5666/4003 4355/5665/4002
f 4348/5657/3996 4149/5395/3772 4157/5404/3781 4356/5666/4003
f 4349/5658/3936 4350/5659/3997 4358/5668/4004 4357/5667/3944
f 4350/5660/3997 4351/5661/3998 4359/5670/4005 4358/5669/4004
f 4351/5661/3998 4352/5662/3999 4360/5671/4006 4359/5670/4005
f 4352/5662/3999 4353/5663/4000 4361/5672/4007 4360/5671/4006
f 4353/5663/4000 4354/5664/4001 4362/5673/4008 4361/5672/4007
f 4354/5664/4001 4355/5665/4002 4363/5674/4009 4362/5673/4008
f 4355/5665/4002 4356/5666/4003 4364/5675/4010 4363/5674/4009
f 4356/5666/4003 4157/5404/3781 4165/5413/3790 4364/5675/4010
f 4357/5667/3944 4358/5668/4004 4366/5678/4011 4365/5676/3952
f 4358/5669/4004 4359/5670/4005 4367/5681/4012 4366/5677/4011
f 4359/5670/4005 4360/5671/4006 4368/5682/4013 4367/5681/4012
f 4360/5671/4006 4361/5672/4007 4369/5683/4014 4368/5682/4013
f 4361/5672/4007 4362/5673/4008 4370/5684/4015 4369/5683/4014
f 4362/5673/4008 4363/5674/4009 4371/5685/4016 4370/5684/4015
f 4363/5674/4009 4364/5675/4010 4372/5686/4017 4371/5685/4016
f 4364/5675/4010 4165/5413/3790 4173/5422/3799 4372/5686/4017
f 4365/5676/3952 4366/5678/4011 4374/5689/4018 4373/5687/3960
f 4366/5679/4011 4367/5680/4012 4375/5692/4019 4374/5690/4018
f 4367/5681/4012 4368/5682/4013 4376/5693/4020 4375/5691/4019
f 4368/5682/4013 4369/5683/4014 4377/5696/4021 4376/5693/4020
f 4369/5683/4014 4370/5684/4015 4378/5697/4022 4377/5696/4021
f 4370/5684/4015 4371/5685/4016 4379/5698/4023 4378/5697/4022
f 4371/5685/4016 4372/5686/4017 4380/5699/4024 4379/5698/4023
f 4372/5686/4017 4173/5422/3799 4181/5434/3808 4380/5699/4024
f 4373/5688/3960 4374/5690/4018 4493/5821/4025 4502/5830/3968
f 4374/5690/4018 4375/5692/4019 4484/5812/4026 4493/5821/4025
f 4375/5692/4019 4376/5694/4020 4475/5803/4027 4484/5812/4026
f 4376/5694/4020 4377/5695/4021 4466/5794/4028 4475/5803/4027
f 4377/5696/4021 4378/5697/4022 4457/5783/4029 4466/5793/4028
f 4378/5697/4022 4379/5698/4023 4448/5773/4030 4457/5783/4029
f 4379/5698/4023 4380/5699/4024 4439/5762/4031 4448/5773/4030
f 4380/5699/4024 4181/5434/3808 4430/5750/3817 4439/5762/4031
f 4317/5613/3911 4260/5533/3909 4381/5700/4032 4318/5614/3969
f 4260/5533/3909 4259/5532/3907 4382/5701/4033 4381/5700/4032
f 4259/5532/3907 4258/5531/3905 4383/5702/4034 4382/5701/4033
f 4258/5531/3905 4257/5530/3903 4384/5703/4035 4383/5702/4034
f 4257/5530/3903 4256/5529/3901 4385/5704/4036 4384/5703/4035
f 4256/5529/3901 4255/5528/3899 4386/5705/4037 4385/5704/4036
f 4255/5528/3899 4254/5527/3897 4387/5706/4038 4386/5705/4037
f 4254/5527/3897 4253/5526/3839 4196/5453/3837 4387/5706/4038
f 4318/5614/3969 4381/5700/4032 4388/5707/4039 4319/5615/3971
f 4381/5700/4032 4382/5701/4033 4389/5708/4040 4388/5707/4039
f 4382/5701/4033 4383/5702/4034 4390/5709/4041 4389/5708/4040
f 4383/5702/4034 4384/5703/4035 4391/5710/4042 4390/5709/4041
f 4384/5703/4035 4385/5704/4036 4392/5711/4043 4391/5710/4042
f 4385/5704/4036 4386/5705/4037 4393/5712/4044 4392/5711/4043
f 4386/5705/4037 4387/5706/4038 4394/5713/4045 4393/5712/4044
f 4387/5706/4038 4196/5453/3837 4195/5452/3835 4394/5713/4045
f 4319/5615/3971 4388/5707/4039 4395/5714/4046 4320/5616/3973
f 4388/5707/4039 4389/5708/4040 4396/5715/4047 4395/5714/4046
f 4389/5708/4040 4390/5709/4041 4397/5716/4048 4396/5715/4047
f 4390/5709/4041 4391/5710/4042 4398/5717/4049 4397/5716/4048
f 4391/5710/4042 4392/5711/4043 4399/5718/4050 4398/5717/4049
f 4392/5711/4043 4393/5712/4044 4400/5719/4051 4399/5718/4050
f 4393/5712/4044 4394/5713/4045 4401/5720/4052 4400/5719/4051
f 4394/5713/4045 4195/5452/3835 4194/5451/3833 4401/5720/4052
f 4320/5616/3973 4395/5714/4046 4402/5721/4053 4321/5618/3975
f 4395/5714/4046 4396/5715/4047 4403/5722/4054 4402/5721/4053
f 4396/5715/4047 4397/5716/4048 4404/5723/4055 4403/5722/4054
f 4397/5716/4048 4398/5717/4049 4405/5724/1118 4404/5723/4055
f 4398/5717/4049 4399/5718/4050 4406/5725/4056 4405/5724/1118
f 4399/5718/4050 4400/5719/4051 4407/5726/4057 4406/5725/4056
f 4400/5719/4051 4401/5720/4052 4408/5727/4058 4407/5726/4057
f 4401/5720/4052 4194/5451/3833 4193/5450/3831 4408/5727/4058
f 4321/5618/3975 4402/5721/4053 4409/5728/4059 4322/5620/3977
f 4402/5721/4053 4403/5722/4054 4410/5729/4060 4409/5728/4059
f 4403/5722/4054 4404/5723/4055 4411/5730/4061 4410/5729/4060
f 4404/5723/4055 4405/5724/1118 4412/5731/4062 4411/5730/4061
f 4405/5724/1118 4406/5725/4056 4413/5732/4063 4412/5731/4062
f 4406/5725/4056 4407/5726/4057 4414/5733/4064 4413/5732/4063
f 4407/5726/4057 4408/5727/4058 4415/5734/4065 4414/5733/4064
f 4408/5727/4058 4193/5450/3831 4192/5449/3829 4415/5734/4065
f 4322/5620/3977 4409/5728/4059 4416/5735/4066 4323/5622/3979
f 4409/5728/4059 4410/5729/4060 4417/5736/4067 4416/5735/4066
f 4410/5729/4060 4411/5730/4061 4418/5737/4068 4417/5736/4067
f 4411/5730/4061 4412/5731/4062 4419/5738/4069 4418/5737/4068
f 4412/5731/4062 4413/5732/4063 4420/5739/4070 4419/5738/4069
f 4413/5732/4063 4414/5733/4064 4421/5740/4071 4420/5739/4070
f 4414/5733/4064 4415/5734/4065 4422/5741/4072 4421/5740/4071
f 4415/5734/4065 4192/5449/3829 4191/5448/3827 4422/5741/4072
f 4323/5622/3979 4416/5735/4066 4423/5743/4073 4324/5623/3981
f 4416/5735/4066 4417/5736/4067 4424/5744/4074 4423/5743/4073
f 4417/5736/4067 4418/5737/4068 4425/5745/4075 4424/5744/4074
f 4418/5737/4068 4419/5738/4069 4426/5746/4076 4425/5745/4075
f 4419/5738/4069 4420/5739/4070 4427/5747/4077 4426/5746/4076
f 4420/5739/4070 4421/5740/4071 4428/5748/4078 4427/5747/4077
f 4421/5740/4071 4422/5741/4072 4429/5749/4079 4428/5748/4078
f 4422/5741/4072 4191/5448/3827 4190/5447/3825 4429/5749/4079
f 4324/5624/3981 4423/5742/4073 4126/5361/3745 4125/5360/3744
f 4423/5743/4073 4424/5744/4074 4127/5364/3748 4126/5362/3745
f 4424/5744/4074 4425/5745/4075 4128/5366/3750 4127/5364/3748
f 4425/5745/4075 4426/5746/4076 4129/5367/3752 4128/5366/3750
f 4426/5746/4076 4427/5747/4077 4130/5368/3754 4129/5367/3752
f 4427/5747/4077 4428/5748/4078 4131/5369/3756 4130/5368/3754
f 4428/5748/4078 4429/5749/4079 4132/5370/3758 4131/5369/3756
f 4429/5749/4079 4190/5447/3825 4189/5446/3760 4132/5370/3758
f 4430/5750/3817 4431/5751/3816 4440/5764/4080 4439/5762/4031
f 4431/5752/3816 4432/5754/3818 4441/5766/4081 4440/5765/4080
f 4432/5754/3818 4433/5756/3819 4442/5767/4082 4441/5766/4081
f 4433/5756/3819 4434/5757/3820 4443/5768/4083 4442/5767/4082
f 4434/5757/3820 4435/5758/3821 4444/5769/4084 4443/5768/4083
f 4435/5758/3821 4436/5759/3822 4445/5770/4085 4444/5769/4084
f 4436/5759/3822 4437/5760/3823 4446/5771/4086 4445/5770/4085
f 4437/5760/3823 4438/5761/3824 4447/5772/3889 4446/5771/4086
f 4439/5763/4031 4440/5765/4080 4449/5775/4087 4448/5774/4030
f 4440/5765/4080 4441/5766/4081 4450/5776/4088 4449/5775/4087
f 4441/5766/4081 4442/5767/4082 4451/5777/4089 4450/5776/4088
f 4442/5767/4082 4443/5768/4083 4452/5778/4090 4451/5777/4089
f 4443/5768/4083 4444/5769/4084 4453/5779/4091 4452/5778/4090
f 4444/5769/4084 4445/5770/4085 4454/5780/4092 4453/5779/4091
f 4445/5770/4085 4446/5771/4086 4455/5781/4093 4454/5780/4092
f 4446/5771/4086 4447/5772/3889 4456/5782/3890 4455/5781/4093
f 4448/5774/4030 4449/5775/4087 4458/5785/4094 4457/5784/4029
f 4449/5775/4087 4450/5776/4088 4459/5786/4095 4458/5785/4094
f 4450/5776/4088 4451/5777/4089 4460/5787/4096 4459/5786/4095
f 4451/5777/4089 4452/5778/4090 4461/5788/4097 4460/5787/4096
f 4452/5778/4090 4453/5779/4091 4462/5789/4098 4461/5788/4097
f 4453/5779/4091 4454/5780/4092 4463/5790/4099 4462/5789/4098
f 4454/5780/4092 4455/5781/4093 4464/5791/4100 4463/5790/4099
f 4455/5781/4093 4456/5782/3890 4465/5792/3891 4464/5791/4100
f 4457/5784/4029 4458/5785/4094 4467/5795/4101 4466/5794/4028
f 4458/5785/4094 4459/5786/4095 4468/5796/4102 4467/5795/4101
f 4459/5786/4095 4460/5787/4096 4469/5797/4103 4468/5796/4102
f 4460/5787/4096 4461/5788/4097 4470/5798/1167 4469/5797/4103
f 4461/5788/4097 4462/5789/4098 4471/5799/4104 4470/5798/1167
f 4462/5789/4098 4463/5790/4099 4472/5800/4105 4471/5799/4104
f 4463/5790/4099 4464/5791/4100 4473/5801/4106 4472/5800/4105
f 4464/5791/4100 4465/5792/3891 4474/5802/3892 4473/5801/4106
f 4466/5794/4028 4467/5795/4101 4476/5804/4107 4475/5803/4027
f 4467/5795/4101 4468/5796/4102 4477/5805/4108 4476/5804/4107
f 4468/5796/4102 4469/5797/4103 4478/5806/4109 4477/5805/4108
f 4469/5797/4103 4470/5798/1167 4479/5807/4110 4478/5806/4109
f 4470/5798/1167 4471/5799/4104 4480/5808/4111 4479/5807/4110
f 4471/5799/4104 4472/5800/4105 4481/5809/4112 4480/5808/4111
f 4472/5800/4105 4473/5801/4106 4482/5810/4113 4481/5809/4112
f 4473/5801/4106 4474/5802/3892 4483/5811/3893 4482/5810/4113
f 4475/5803/4027 4476/5804/4107 4485/5813/4114 4484/5812/4026
f 4476/5804/4107 4477/5805/4108 4486/5814/4115 4485/5813/4114
f 4477/5805/4108 4478/5806/4109 4487/5815/4116 4486/5814/4115
f 4478/5806/4109 4479/5807/4110 4488/5816/4117 4487/5815/4116
f 4479/5807/4110 4480/5808/4111 4489/5817/4118 4488/5816/4117
f 4480/5808/4111 4481/5809/4112 4490/5818/4119 4489/5817/4118
f 4481/5809/4112 4482/5810/4113 4491/5819/4120 4490/5818/4119
f 4482/5810/4113 4483/5811/3893 4492/5820/3894 4491/5819/4120
f 4484/5812/4026 4485/5813/4114 4494/5822/4121 4493/5821/4025
f 4485/5813/4114 4486/5814/4115 4495/5823/4122 4494/5822/4121
f 4486/5814/4115 4487/5815/4116 4496/5824/4123 4495/5823/4122
f 4487/5815/4116 4488/5816/4117 4497/5825/4124 4496/5824/4123
f 4488/5816/4117 4489/5817/4118 4498/5826/4125 4497/5825/4124
f 4489/5817/4118 4490/5818/4119 4499/5827/4126 4498/5826/4125
f 4490/5818/4119 4491/5819/4120 4500/5828/4127 4499/5827/4126
f 4491/5819/4120 4492/5820/3894 4501/5829/3895 4500/5828/4127
f 4493/5821/4025 4494/5822/4121 4503/5831/3967 4502/5830/3968
f 4494/5822/4121 4495/5823/4122 4504/5832/3966 4503/5831/3967
f 4495/5823/4122 4496/5824/4123 4505/5833/3965 4504/5832/3966
f 4496/5824/4123 4497/5825/4124 4506/5834/3964 4505/5833/3965
f 4497/5825/4124 4498/5826/4125 4507/5835/3963 4506/5834/3964
f 4498/5826/4125 4499/5827/4126 4508/5836/3962 4507/5835/3963
f 4499/5827/4126 4500/5828/4127 4509/5837/3961 4508/5836/3962
f 4500/5828/4127 4501/5829/3895 4510/5838/3896 4509/5837/3961
f 4511/5839/4128 4523/5855/4129 4524/5856/4130 4512/5840/4131
f 4512/5840/4131 4524/5856/4130 4525/5857/4132 4513/5841/4133
f 4513/5842/4133 4525/5858/4132 4526/5859/4134 4514/5843/4135
f 4514/5843/4135 4526/5859/4134 4527/5860/4136 4515/5844/4137
f 4515/5845/4137 4527/5861/4136 4528/5862/4138 4516/5846/4139
f 4516/5846/4139 4528/5862/4138 4529/5863/4140 4517/5847/4141
f 4517/5847/4141 4529/5863/4140 4530/5864/4142 4518/5848/4143
f 4518/5848/4143 4530/5864/4142 4531/5865/4144 4519/5849/4145
f 4519/5850/4145 4531/5866/4144 4532/5867/4146 4520/5851/4147
f 4520/5851/4147 4532/5867/4146 4533/5869/4148 4521/5852/4149
f 4521/5853/4149 4533/5868/4148 4534/5871/4150 4522/5854/4151
f 4522/5854/4151 4534/5871/4150 4523/5855/4129 4511/5839/4128
f 4523/5855/4129 4535/5872/4152 4536/5873/4153 4524/5856/4130
f 4524/5856/4130 4536/5873/4153 4537/5874/4154 4525/5857/4132
f 4525/5858/4132 4537/5875/4154 4538/5876/4155 4526/5859/4134
f 4526/5859/4134 4538/5876/4155 4539/5877/4156 4527/5860/4136
f 4527/5861/4136 4539/5878/4156 4540/5879/4157 4528/5862/4138
f 4528/5862/4138 4540/5879/4157 4541/5880/4158 4529/5863/4140
f 4529/5863/4140 4541/5880/4158 4542/5881/4159 4530/5864/4142
f 4530/5864/4142 4542/5881/4159 4543/5882/4160 4531/5865/4144
f 4531/5866/4144 4543/5883/4160 4544/5884/4161 4532/5867/4146
f 4532/5867/4146 4544/5884/4161 4545/5885/4162 4533/5869/4148
f 4533/5869/4148 4545/5885/4162 4546/5886/4163 4534/5870/4150
f 4534/5871/4150 4546/5887/4163 4535/5872/4152 4523/5855/4129
f 4535/5872/4152 4547/5888/4164 4548/5889/4165 4536/5873/4153
f 4536/5873/4153 4548/5889/4165 4549/5890/4166 4537/5874/4154
f 4537/5875/4154 4549/5891/4166 4550/5892/4167 4538/5876/4155
f 4538/5876/4155 4550/5892/4167 4551/5893/4168 4539/5877/4156
f 4539/5878/4156 4551/5894/4168 4552/5895/4169 4540/5879/4157
f 4540/5879/4157 4552/5895/4169 4553/5896/4170 4541/5880/4158
f 4541/5880/4158 4553/5896/4170 4554/5897/4171 4542/5881/4159
f 4542/5881/4159 4554/5897/4171 4555/5898/4172 4543/5882/4160
f 4543/5883/4160 4555/5899/4172 4556/5900/4173 4544/5884/4161
f 4544/5884/4161 4556/5900/4173 4557/5901/4174 4545/5885/4162
f 4545/5885/4162 4557/5901/4174 4558/5902/4175 4546/5886/4163
f 4546/5887/4163 4558/5903/4175 4547/5888/4164 4535/5872/4152
f 4547/5888/4164 4559/5904/4176 4560/5905/4177 4548/5889/4165
f 4548/5889/4165 4560/5905/4177 4561/5907/4178 4549/5890/4166
f 4549/5891/4166 4561/5908/4178 4562/5909/4179 4550/5892/4167
f 4550/5892/4167 4562/5909/4179 4563/5911/4180 4551/5893/4168
f 4551/5894/4168 4563/5910/4180 4564/5913/4181 4552/5895/4169
f 4552/5895/4169 4564/5913/4181 4565/5914/4182 4553/5896/4170
f 4553/5896/4170 4565/5914/4182 4566/5915/4183 4554/5897/4171
f 4554/5897/4171 4566/5915/4183 4567/5916/4184 4555/5898/4172
f 4555/5899/4172 4567/5917/4184 4568/5918/4185 4556/5900/4173
f 4556/5900/4173 4568/5918/4185 4569/5919/4186 4557/5901/4174
f 4557/5901/4174 4569/5919/4186 4570/5920/4187 4558/5902/4175
f 4558/5903/4175 4570/5921/4187 4559/5904/4176 4547/5888/4164
f 4559/5904/4176 4571/5922/4188 4572/5923/4189 4560/5905/4177
f 4560/5906/4177 4572/5924/4189 4573/5925/4190 4561/5908/4178
f 4561/5908/4178 4573/5925/4190 4574/5926/4191 4562/5909/4179
f 4562/5909/4179 4574/5926/4191 4575/5927/4192 4563/5911/4180
f 4563/5911/4180 4575/5927/4192 4576/5928/4193 4564/5912/4181
f 4564/5913/4181 4576/5929/4193 4577/5930/4194 4565/5914/4182
f 4565/5914/4182 4577/5930/4194 4578/5931/4195 4566/5915/4183
f 4566/5915/4183 4578/5931/4195 4579/5932/4196 4567/5916/4184
f 4567/5917/4184 4579/5933/4196 4580/5934/4197 4568/5918/4185
f 4568/5918/4185 4580/5934/4197 4581/5935/4198 4569/5919/4186
f 4569/5919/4186 4581/5935/4198 4582/5936/4199 4570/5920/4187
f 4570/5921/4187 4582/5937/4199 4571/5922/4188 4559/5904/4176
f 4571/5922/4188 4583/5938/4200 4584/5940/4201 4572/5923/4189
f 4572/5924/4189 4584/5941/4201 4585/5942/4202 4573/5925/4190
f 4573/5925/4190 4585/5942/4202 4586/5943/4203 4574/5926/4191
f 4574/5926/4191 4586/5943/4203 4587/5944/4204 4575/5927/4192
f 4575/5927/4192 4587/5944/4204 4588/5945/4205 4576/5928/4193
f 4576/5929/4193 4588/5946/4205 4589/5947/4206 4577/5930/4194
f 4577/5930/4194 4589/5947/4206 4590/5948/4207 4578/5931/4195
f 4578/5931/4195 4590/5948/4207 4591/5949/4208 4579/5932/4196
f 4579/5933/4196 4591/5950/4208 4592/5951/4209 4580/5934/4197
f 4580/5934/4197 4592/5951/4209 4593/5952/4210 4581/5935/4198
f 4581/5935/4198 4593/5952/4210 4594/5954/4211 4582/5936/4199
f 4582/5937/4199 4594/5953/4211 4583/5938/4200 4571/5922/4188
f 4583/5938/4200 4595/5955/4212 4596/5957/4213 4584/5940/4201
f 4584/5941/4201 4596/5958/4213 4597/5959/4214 4585/5942/4202
f 4585/5942/4202 4597/5959/4214 4598/5960/4215 4586/5943/4203
f 4586/5943/4203 4598/5960/4215 4599/5961/4216 4587/5944/4204
f 4587/5944/4204 4599/5961/4216 4600/5963/4217 4588/5945/4205
f 4588/5946/4205 4600/5962/4217 4601/5965/4218 4589/5947/4206
f 4589/5947/4206 4601/5965/4218 4602/5967/4219 4590/5948/4207
f 4590/5948/4207 4602/5967/4219 4603/5969/4220 4591/5949/4208
f 4591/5950/4208 4603/5971/4220 4604/5972/4221 4592/5951/4209
f 4592/5951/4209 4604/5972/4221 4605/5973/4222 4593/5952/4210
f 4593/5952/4210 4605/5973/4222 4606/5974/4223 4594/5954/4211
f 4594/5954/4211 4606/5974/4223 4595/5956/4212 4583/5939/4200
f 4595/5955/4212 4607/5975/4224 4608/5977/4225 4596/5957/4213
f 4596/5958/4213 4608/5978/4225 4609/5979/4226 4597/5959/4214
f 4597/5959/4214 4609/5979/4226 4610/5980/4227 4598/5960/4215
f 4598/5960/4215 4610/5980/4227 4611/5981/4228 4599/5961/4216
f 4599/5961/4216 4611/5981/4228 4612/5982/4229 4600/5963/4217
f 4600/5964/4217 4612/5983/4229 4613/5984/4230 4601/5966/4218
f 4601/5966/4218 4613/5984/4230 4614/5985/4231 4602/5968/4219
f 4602/5968/4219 4614/5985/4231 4615/5986/4232 4603/5970/4220
f 4603/5971/4220 4615/5987/4232 4616/5988/4233 4604/5972/4221
f 4604/5972/4221 4616/5988/4233 4617/5989/4234 4605/5973/4222
f 4605/5973/4222 4617/5989/4234 4618/5990/4235 4606/5974/4223
f 4606/5974/4223 4618/5990/4235 4607/5976/4224 4595/5956/4212
f 4607/5975/4224 4619/5991/4236 4620/5993/4237 4608/5977/4225
f 4608/5978/4225 4620/5995/4237 4621/5996/4238 4609/5979/4226
f 4609/5979/4226 4621/5996/4238 4622/5997/4239 4610/5980/4227
f 4610/5980/4227 4622/5997/4239 4623/5998/4240 4611/5981/4228
f 4611/5981/4228 4623/5998/4240 4624/5999/4241 4612/5982/4229
f 4612/5983/4229 4624/6000/4241 4625/6001/4242 4613/5984/4230
f 4613/5984/4230 4625/6001/4242 4626/6002/4243 4614/5985/4231
f 4614/5985/4231 4626/6002/4243 4627/6003/4244 4615/5986/4232
f 4615/5987/4232 4627/6004/4244 4628/6005/4245 4616/5988/4233
f 4616/5988/4233 4628/6005/4245 4629/6006/4246 4617/5989/4234
f 4617/5989/4234 4629/6006/4246 4630/6007/4247 4618/5990/4235
f 4618/5990/4235 4630/6007/4247 4619/5992/4236 4607/5976/4224
f 4619/5992/4236 4631/6008/4248 4632/6009/4249 4620/5994/4237
f 4620/5995/4237 4632/6010/4249 4633/6011/4250 4621/5996/4238
f 4621/5996/4238 4633/6011/4250 4634/6012/4251 4622/5997/4239
f 4622/5997/4239 4634/6012/4251 4635/6013/4252 4623/5998/4240
f 4623/5998/4240 4635/6013/4252 4636/6014/4253 4624/5999/4241
f 4624/6000/4241 4636/6015/4253 4637/6016/4254 4625/6001/4242
f 4625/6001/4242 4637/6016/4254 4638/6017/4255 4626/6002/4243
f 4626/6002/4243 4638/6017/4255 4639/6018/4256 4627/6003/4244
f 4627/6004/4244 4639/6019/4256 4640/6020/4257 4628/6005/4245
f 4628/6005/4245 4640/6020/4257 4641/6021/4258 4629/6006/4246
f 4629/6006/4246 4641/6021/4258 4642/6022/4259 4630/6007/4247
f 4630/6007/4247 4642/6022/4259 4631/6008/4248 4619/5992/4236
f 4631/6008/4248 4643/6023/4260 4644/6024/4261 4632/6009/4249
f 4632/6010/4249 4644/6025/4261 4645/6026/4262 4633/6011/4250
f 4633/6011/4250 4645/6026/4262 4646/6027/4263 4634/6012/4251
f 4634/6012/4251 4646/6027/4263 4647/6028/4264 4635/6013/4252
f 4635/6013/4252 4647/6028/4264 4648/6029/4265 4636/6014/4253
f 4636/6015/4253 4648/6030/4265 4649/6031/4266 4637/6016/4254
f 4637/6016/4254 4649/6031/4266 4650/6032/4267 4638/6017/4255
f 4638/6017/4255 4650/6032/4267 4651/6033/4268 4639/6018/4256
f 4639/6019/4256 4651/6034/4268 4652/6035/4269 4640/6020/4257
f 4640/6020/4257 4652/6035/4269 4653/6036/4270 4641/6021/4258
f 4641/6021/4258 4653/6036/4270 4654/6037/4271 4642/6022/4259
f 4642/6022/4259 4654/6037/4271 4643/6023/4260 4631/6008/4248
f 4643/6023/4260 4655/6038/4272 4656/6039/4273 4644/6024/4261
f 4644/6025/4261 4656/6040/4273 4657/6041/4274 4645/6026/4262
f 4645/6026/4262 4657/6041/4274 4658/6042/4275 4646/6027/4263
f 4646/6027/4263 4658/6042/4275 4659/6043/4276 4647/6028/4264
f 4647/6028/4264 4659/6043/4276 4660/6044/4277 4648/6029/4265
f 4648/6030/4265 4660/6045/4277 4661/6046/4278 4649/6031/4266
f 4649/6031/4266 4661/6046/4278 4662/6047/4279 4650/6032/4267
f 4650/6032/4267 4662/6047/4279 4663/6048/4280 4651/6033/4268
f 4651/6034/4268 4663/6049/4280 4664/6050/4281 4652/6035/4269
f 4652/6035/4269 4664/6050/4281 4665/6051/4282 4653/6036/4270
f 4653/6036/4270 4665/6051/4282 4666/6052/4283 4654/6037/4271
f 4654/6037/4271 4666/6052/4283 4655/6038/4272 4643/6023/4260
f 4655/6038/4272 4667/6053/4284 4668/6054/4285 4656/6039/4273
f 4656/6040/4273 4668/6055/4285 4669/6056/4286 4657/6041/4274
f 4657/6041/4274 4669/6056/4286 4670/6057/4287 4658/6042/4275
f 4658/6042/4275 4670/6057/4287 4671/6058/4288 4659/6043/4276
f 4659/6043/4276 4671/6058/4288 4672/6059/4289 4660/6044/4277
f 4660/6045/4277 4672/6060/4289 4673/6061/4290 4661/6046/4278
f 4661/6046/4278 4673/6061/4290 4674/6062/4291 4662/6047/4279
f 4662/6047/4279 4674/6062/4291 4675/6063/4292 4663/6048/4280
f 4663/6049/4280 4675/6064/4292 4676/6065/4293 4664/6050/4281
f 4664/6050/4281 4676/6065/4293 4677/6066/4294 4665/6051/4282
f 4665/6051/4282 4677/6066/4294 4678/6067/4295 4666/6052/4283
f 4666/6052/4283 4678/6067/4295 4667/6053/4284 4655/6038/4272
f 4667/6053/4284 4679/6068/4296 4680/6069/4297 4668/6054/4285
f 4668/6055/4285 4680/6070/4297 4681/6071/4298 4669/6056/4286
f 4669/6056/4286 4681/6071/4298 4682/6072/4299 4670/6057/4287
f 4670/6057/4287 4682/6072/4299 4683/6073/4300 4671/6058/4288
f 4671/6058/4288 4683/6073/4300 4684/6074/4301 4672/6059/4289
f 4672/6060/4289 4684/6075/4301 4685/6076/4302 4673/6061/4290
f 4673/6061/4290 4685/6076/4302 4686/6077/4303 4674/6062/4291
f 4674/6062/4291 4686/6077/4303 4687/6078/4304 4675/6063/4292
f 4675/6064/4292 4687/6079/4304 4688/6080/4305 4676/6065/4293
f 4676/6065/4293 4688/6080/4305 4689/6081/4306 4677/6066/4294
f 4677/6066/4294 4689/6081/4306 4690/6082/4307 4678/6067/4295
f 4678/6067/4295 4690/6082/4307 4679/6068/4296 4667/6053/4284
f 4679/6068/4296 4691/6084/4308 4692/6085/4309 4680/6069/4297
f 4680/6070/4297 4692/6087/4309 4693/6088/4310 4681/6071/4298
f 4681/6071/4298 4693/6088/4310 4694/6089/4311 4682/6072/4299
f 4682/6072/4299 4694/6089/4311 4695/6090/4312 4683/6073/4300
f 4683/6073/4300 4695/6090/4312 4696/6091/4313 4684/6074/4301
f 4684/6075/4301 4696/6092/4313 4697/6093/4314 4685/6076/4302
f 4685/6076/4302 4697/6093/4314 4698/6094/4315 4686/6077/4303
f 4686/6077/4303 4698/6094/4315 4699/6095/4316 4687/6078/4304
f 4687/6079/4304 4699/6096/4316 4700/6097/4317 4688/6080/4305
f 4688/6080/4305 4700/6097/4317 4701/6098/4318 4689/6081/4306
f 4689/6081/4306 4701/6098/4318 4702/6099/4319 4690/6082/4307
f 4690/6082/4307 4702/6099/4319 4691/6084/4308 4679/6068/4296
f 4691/6083/4308 4703/6100/4320 4704/6102/4321 4692/6086/4309
f 4692/6087/4309 4704/6103/4321 4705/6104/4322 4693/6088/4310
f 4693/6088/4310 4705/6104/4322 4706/6105/4323 4694/6089/4311
f 4694/6089/4311 4706/6105/4323 4707/6106/4324 4695/6090/4312
f 4695/6090/4312 4707/6106/4324 4708/6107/4325 4696/6091/4313
f 4696/6092/4313 4708/6108/4325 4709/6109/4326 4697/6093/4314
f 4697/6093/4314 4709/6109/4326 4710/6110/4327 4698/6094/4315
f 4698/6094/4315 4710/6110/4327 4711/6111/4328 4699/6095/4316
f 4699/6096/4316 4711/6112/4328 4712/6113/4329 4700/6097/4317
f 4700/6097/4317 4712/6113/4329 4713/6114/4330 4701/6098/4318
f 4701/6098/4318 4713/6114/4330 4714/6115/4331 4702/6099/4319
f 4702/6099/4319 4714/6115/4331 4703/6101/4320 4691/6084/4308
f 4703/6100/4320 4715/6116/4332 4716/6118/4333 4704/6102/4321
f 4704/6103/4321 4716/6119/4333 4717/6120/4334 4705/6104/4322
f 4705/6104/4322 4717/6120/4334 4718/6121/4335 4706/6105/4323
f 4706/6105/4323 4718/6121/4335 4719/6122/4336 4707/6106/4324
f 4707/6106/4324 4719/6122/4336 4720/6124/4337 4708/6107/4325
f 4708/6108/4325 4720/6123/4337 4721/6126/4338 4709/6109/4326
f 4709/6109/4326 4721/6126/4338 4722/6128/4339 4710/6110/4327
f 4710/6110/4327 4722/6128/4339 4723/6130/4340 4711/6111/4328
f 4711/6112/4328 4723/6132/4340 4724/6133/4341 4712/6113/4329
f 4712/6113/4329 4724/6133/4341 4725/6134/4342 4713/6114/4330
f 4713/6114/4330 4725/6134/4342 4726/6135/4343 4714/6115/4331
f 4714/6115/4331 4726/6135/4343 4715/6117/4332 4703/6101/4320
f 4715/6116/4332 4727/6137/4344 4728/6138/4345 4716/6118/4333
f 4716/6119/4333 4728/6139/4345 4729/6140/4346 4717/6120/4334
f 4717/6120/4334 4729/6140/4346 4730/6141/4347 4718/6121/4335
f 4718/6121/4335 4730/6141/4347 4731/6142/4348 4719/6122/4336
f 4719/6122/4336 4731/6142/4348 4732/6143/4349 4720/6124/4337
f 4720/6125/4337 4732/6144/4349 4733/6145/4350 4721/6127/4338
f 4721/6127/4338 4733/6145/4350 4734/6146/4351 4722/6129/4339
f 4722/6129/4339 4734/6146/4351 4735/6147/4352 4723/6131/4340
f 4723/6132/4340 4735/6148/4352 4736/6149/4353 4724/6133/4341
f 4724/6133/4341 4736/6149/4353 4737/6150/4354 4725/6134/4342
f 4725/6134/4342 4737/6150/4354 4738/6151/4355 4726/6135/4343
f 4726/6135/4343 4738/6151/4355 4727/6136/4344 4715/6117/4332
f 4727/6137/4344 4739/6153/4356 4740/6154/4357 4728/6138/4345
f 4728/6139/4345 4740/6155/4357 4741/6156/4358 4729/6140/4346
f 4729/6140/4346 4741/6156/4358 4742/6157/4359 4730/6141/4347
f 4730/6141/4347 4742/6157/4359 4743/6158/4360 4731/6142/4348
f 4731/6142/4348 4743/6158/4360 4744/6159/4361 4732/6143/4349
f 4732/6144/4349 4744/6160/4361 4745/6161/4362 4733/6145/4350
f 4733/6145/4350 4745/6161/4362 4746/6162/4363 4734/6146/4351
f 4734/6146/4351 4746/6162/4363 4747/6163/4364 4735/6147/4352
f 4735/6148/4352 4747/6164/4364 4748/6165/4365 4736/6149/4353
f 4736/6149/4353 4748/6165/4365 4749/6166/4366 4737/6150/4354
f 4737/6150/4354 4749/6166/4366 4750/6167/4367 4738/6151/4355
f 4738/6152/4355 4750/6168/4367 4739/6153/4356 4727/6137/4344
f 4739/6153/4356 4751/6169/4368 4752/6171/4369 4740/6154/4357
f 4740/6155/4357 4752/6170/4369 4753/6173/4370 4741/6156/4358
f 4741/6156/4358 4753/6173/4370 4754/6174/4371 4742/6157/4359
f 4742/6157/4359 4754/6174/4371 4755/6175/4372 4743/6158/4360
f 4743/6158/4360 4755/6175/4372 4756/6177/4373 4744/6159/4361
f 4744/6160/4361 4756/6178/4373 4757/6179/4374 4745/6161/4362
f 4745/6161/4362 4757/6179/4374 4758/6180/4375 4746/6162/4363
f 4746/6162/4363 4758/6180/4375 4759/6181/4376 4747/6163/4364
f 4747/6164/4364 4759/6182/4376 4760/6183/4377 4748/6165/4365
f 4748/6165/4365 4760/6183/4377 4761/6184/4378 4749/6166/4366
f 4749/6166/4366 4761/6184/4378 4762/6185/4379 4750/6167/4367
f 4750/6168/4367 4762/6186/4379 4751/6169/4368 4739/6153/4356
f 4751/6169/4368 4763/6187/4380 4764/6188/4381 4752/6171/4369
f 4752/6171/4369 4764/6188/4381 4765/6189/4382 4753/6172/4370
f 4753/6173/4370 4765/6190/4382 4766/6191/4383 4754/6174/4371
f 4754/6174/4371 4766/6191/4383 4767/6192/4384 4755/6175/4372
f 4755/6176/4372 4767/6193/4384 4768/6194/4385 4756/6178/4373
f 4756/6178/4373 4768/6194/4385 4769/6195/4386 4757/6179/4374
f 4757/6179/4374 4769/6195/4386 4770/6196/4387 4758/6180/4375
f 4758/6180/4375 4770/6196/4387 4771/6197/4388 4759/6181/4376
f 4759/6182/4376 4771/6198/4388 4772/6199/4389 4760/6183/4377
f 4760/6183/4377 4772/6199/4389 4773/6200/4390 4761/6184/4378
f 4761/6184/4378 4773/6200/4390 4774/6201/4391 4762/6185/4379
f 4762/6186/4379 4774/6202/4391 4763/6187/4380 4751/6169/4368
f 4763/6187/4380 4775/6203/4392 4776/6204/4393 4764/6188/4381
f 4764/6188/4381 4776/6204/4393 4777/6205/4394 4765/6189/4382
f 4765/6190/4382 4777/6206/4394 4778/6207/4395 4766/6191/4383
f 4766/6191/4383 4778/6207/4395 4779/6208/4396 4767/6192/4384
f 4767/6193/4384 4779/6209/4396 4780/6210/4397 4768/6194/4385
f 4768/6194/4385 4780/6210/4397 4781/6211/4398 4769/6195/4386
f 4769/6195/4386 4781/6211/4398 4782/6212/4399 4770/6196/4387
f 4770/6196/4387 4782/6212/4399 4783/6213/4400 4771/6197/4388
f 4771/6198/4388 4783/6214/4400 4784/6215/4401 4772/6199/4389
f 4772/6199/4389 4784/6215/4401 4785/6216/4402 4773/6200/4390
f 4773/6200/4390 4785/6216/4402 4786/6217/4403 4774/6201/4391
f 4774/6202/4391 4786/6218/4403 4775/6203/4392 4763/6187/4380
f 4775/6203/4392 4787/6219/4404 4788/6220/4405 4776/6204/4393
f 4776/6204/4393 4788/6220/4405 4789/6221/4406 4777/6205/4394
f 4777/6206/4394 4789/6222/4406 4790/6223/4407 4778/6207/4395
f 4778/6207/4395 4790/6223/4407 4791/6224/4408 4779/6208/4396
f 4779/6209/4396 4791/6225/4408 4792/6226/4409 4780/6210/4397
f 4780/6210/4397 4792/6226/4409 4793/6227/4410 4781/6211/4398
f 4781/6211/4398 4793/6227/4410 4794/6228/4411 4782/6212/4399
f 4782/6212/4399 4794/6228/4411 4795/6229/4412 4783/6213/4400
f 4783/6214/4400 4795/6230/4412 4796/6231/4413 4784/6215/4401
f 4784/6215/4401 4796/6231/4413 4797/6232/4414 4785/6216/4402
f 4785/6216/4402 4797/6232/4414 4798/6234/4415 4786/6217/4403
f 4786/6218/4403 4798/6235/4415 4787/6219/4404 4775/6203/4392
f 4787/6219/4404 4799/6236/4416 4800/6237/4417 4788/6220/4405
f 4788/6220/4405 4800/6237/4417 4801/6238/4418 4789/6221/4406
f 4789/6222/4406 4801/6239/4418 4802/6240/4419 4790/6223/4407
f 4790/6223/4407 4802/6240/4419 4803/6241/4420 4791/6224/4408
f 4791/6225/4408 4803/6242/4420 4804/6243/4421 4792/6226/4409
f 4792/6226/4409 4804/6243/4421 4805/6244/4422 4793/6227/4410
f 4793/6227/4410 4805/6244/4422 4806/6245/4423 4794/6228/4411
f 4794/6228/4411 4806/6245/4423 4807/6246/4424 4795/6229/4412
f 4795/6230/4412 4807/6247/4424 4808/6248/4425 4796/6231/4413
f 4796/6231/4413 4808/6248/4425 4809/6249/4426 4797/6232/4414
f 4797/6233/4414 4809/6250/4426 4810/6251/4427 4798/6235/4415
f 4798/6235/4415 4810/6251/4427 4799/6236/4416 4787/6219/4404
f 4799/6236/4416 4811/6252/4428 4812/6253/4429 4800/6237/4417
f 4800/6237/4417 4812/6253/4429 4813/6254/4430 4801/6238/4418
f 4801/6239/4418 4813/6255/4430 4814/6256/4431 4802/6240/4419
f 4802/6240/4419 4814/6256/4431 4815/6257/4432 4803/6241/4420
f 4803/6242/4420 4815/6258/4432 4816/6259/4433 4804/6243/4421
f 4804/6243/4421 4816/6259/4433 4817/6260/4434 4805/6244/4422
f 4805/6244/4422 4817/6260/4434 4818/6261/4435 4806/6245/4423
f 4806/6245/4423 4818/6261/4435 4819/6263/4436 4807/6246/4424
f 4807/6247/4424 4819/6264/4436 4820/6265/4437 4808/6248/4425
f 4808/6248/4425 4820/6265/4437 4821/6266/4438 4809/6249/4426
f 4809/6250/4426 4821/6267/4438 4822/6268/4439 4810/6251/4427
f 4810/6251/4427 4822/6268/4439 4811/6252/4428 4799/6236/4416
f 4811/6252/4428 4823/6269/4440 4824/6270/4441 4812/6253/4429
f 4812/6253/4429 4824/6270/4441 4825/6271/4442 4813/6254/4430
f 4813/6255/4430 4825/6272/4442 4826/6273/4443 4814/6256/4431
f 4814/6256/4431 4826/6273/4443 4827/6274/4444 4815/6257/4432
f 4815/6258/4432 4827/6275/4444 4828/6276/4445 4816/6259/4433
f 4816/6259/4433 4828/6276/4445 4829/6277/4446 4817/6260/4434
f 4817/6260/4434 4829/6277/4446 4830/6278/4447 4818/6261/4435
f 4818/6262/4435 4830/6279/4447 4831/6280/4448 4819/6264/4436
f 4819/6264/4436 4831/6280/4448 4832/6281/4449 4820/6265/4437
f 4820/6265/4437 4832/6281/4449 4833/6282/4450 4821/6266/4438
f 4821/6267/4438 4833/6283/4450 4834/6284/4451 4822/6268/4439
f 4822/6268/4439 4834/6284/4451 4823/6269/4440 4811/6252/4428
f 4823/6269/4440 4835/6285/4452 4836/6286/4453 4824/6270/4441
f 4824/6270/4441 4836/6286/4453 4837/6287/4454 4825/6271/4442
f 4825/6272/4442 4837/6288/4454 4838/6289/4455 4826/6273/4443
f 4826/6273/4443 4838/6289/4455 4839/6290/4456 4827/6274/4444
f 4827/6275/4444 4839/6291/4456 4840/6292/4457 4828/6276/4445
f 4828/6276/4445 4840/6292/4457 4841/6293/4458 4829/6277/4446
f 4829/6277/4446 4841/6293/4458 4842/6294/4459 4830/6278/4447
f 4830/6279/4447 4842/6295/4459 4843/6296/4460 4831/6280/4448
f 4831/6280/4448 4843/6296/4460 4844/6297/4461 4832/6281/4449
f 4832/6281/4449 4844/6297/4461 4845/6298/4462 4833/6282/4450
f 4833/6283/4450 4845/6299/4462 4846/6300/4463 4834/6284/4451
f 4834/6284/4451 4846/6300/4463 4835/6285/4452 4823/6269/4440
f 4835/6285/4452 4847/6301/4464 4848/6302/4465 4836/6286/4453
f 4836/6286/4453 4848/6302/4465 4849/6304/4466 4837/6287/4454
f 4837/6288/4454 4849/6305/4466 4850/6306/4467 4838/6289/4455
f 4838/6289/4455 4850/6306/4467 4851/6308/4468 4839/6290/4456
f 4839/6291/4456 4851/6307/4468 4852/6310/4469 4840/6292/4457
f 4840/6292/4457 4852/6310/4469 4853/6311/4470 4841/6293/4458
f 4841/6293/4458 4853/6311/4470 4854/6312/4471 4842/6294/4459
f 4842/6295/4459 4854/6313/4471 4855/6314/4472 4843/6296/4460
f 4843/6296/4460 4855/6314/4472 4856/6315/4473 4844/6297/4461
f 4844/6297/4461 4856/6315/4473 4857/6316/4474 4845/6298/4462
f 4845/6299/4462 4857/6317/4474 4858/6318/4475 4846/6300/4463
f 4846/6300/4463 4858/6318/4475 4847/6301/4464 4835/6285/4452
f 4847/6301/4464 4859/6319/4476 4860/6320/4477 4848/6302/4465
f 4848/6303/4465 4860/6321/4477 4861/6322/4478 4849/6305/4466
f 4849/6305/4466 4861/6322/4478 4862/6323/4479 4850/6306/4467
f 4850/6306/4467 4862/6323/4479 4863/6324/4480 4851/6308/4468
f 4851/6308/4468 4863/6324/4480 4864/6325/4481 4852/6309/4469
f 4852/6310/4469 4864/6326/4481 4865/6327/4482 4853/6311/4470
f 4853/6311/4470 4865/6327/4482 4866/6328/4483 4854/6312/4471
f 4854/6313/4471 4866/6329/4483 4867/6330/4484 4855/6314/4472
f 4855/6314/4472 4867/6330/4484 4868/6331/4485 4856/6315/4473
f 4856/6315/4473 4868/6331/4485 4869/6332/4486 4857/6316/4474
f 4857/6317/4474 4869/6333/4486 4870/6334/4487 4858/6318/4475
f 4858/6318/4475 4870/6334/4487 4859/6319/4476 4847/6301/4464
f 4859/6319/4476 4871/6335/4488 4872/6336/4489 4860/6320/4477
f 4860/6321/4477 4872/6337/4489 4873/6338/4490 4861/6322/4478
f 4861/6322/4478 4873/6338/4490 4874/6339/4491 4862/6323/4479
f 4862/6323/4479 4874/6339/4491 4875/6340/4492 4863/6324/4480
f 4863/6324/4480 4875/6340/4492 4876/6341/4493 4864/6325/4481
f 4864/6326/4481 4876/6342/4493 4877/6343/4494 4865/6327/4482
f 4865/6327/4482 4877/6343/4494 4878/6345/4495 4866/6328/4483
f 4866/6329/4483 4878/6346/4495 4879/6347/4496 4867/6330/4484
f 4867/6330/4484 4879/6347/4496 4880/6348/4497 4868/6331/4485
f 4868/6331/4485 4880/6348/4497 4881/6349/4498 4869/6332/4486
f 4869/6333/4486 4881/6350/4498 4882/6351/4499 4870/6334/4487
f 4870/6334/4487 4882/6351/4499 4871/6335/4488 4859/6319/4476
f 4871/6335/4488 4883/6352/4500 4884/6354/4501 4872/6336/4489
f 4872/6337/4489 4884/6356/4501 4885/6357/4502 4873/6338/4490
f 4873/6338/4490 4885/6357/4502 4886/6358/4503 4874/6339/4491
f 4874/6339/4491 4886/6358/4503 4887/6359/4504 4875/6340/4492
f 4875/6340/4492 4887/6359/4504 4888/6360/4505 4876/6341/4493
f 4876/6342/4493 4888/6361/4505 4889/6362/4506 4877/6343/4494
f 4877/6344/4494 4889/6363/4506 4890/6364/4507 4878/6346/4495
f 4878/6346/4495 4890/6364/4507 4891/6365/4508 4879/6347/4496
f 4879/6347/4496 4891/6365/4508 4892/6366/4509 4880/6348/4497
f 4880/6348/4497 4892/6366/4509 4893/6368/4510 4881/6349/4498
f 4881/6350/4498 4893/6367/4510 4894/6370/4511 4882/6351/4499
f 4882/6351/4499 4894/6370/4511 4883/6352/4500 4871/6335/4488
f 4883/6353/4500 4895/6372/4512 4896/6373/4513 4884/6355/4501
f 4884/6356/4501 4896/6374/4513 4897/6375/4514 4885/6357/4502
f 4885/6357/4502 4897/6375/4514 4898/6376/4515 4886/6358/4503
f 4886/6358/4503 4898/6376/4515 4899/6377/4516 4887/6359/4504
f 4887/6359/4504 4899/6377/4516 4900/6378/4517 4888/6360/4505
f 4888/6361/4505 4900/6379/4517 4901/6380/4518 4889/6362/4506
f 4889/6363/4506 4901/6381/4518 4902/6382/4519 4890/6364/4507
f 4890/6364/4507 4902/6382/4519 4903/6383/4520 4891/6365/4508
f 4891/6365/4508 4903/6383/4520 4904/6384/4521 4892/6366/4509
f 4892/6366/4509 4904/6384/4521 4905/6385/4522 4893/6368/4510
f 4893/6369/4510 4905/6386/4522 4906/6387/4523 4894/6371/4511
f 4894/6371/4511 4906/6387/4523 4895/6372/4512 4883/6353/4500
f 4895/6372/4512 4907/6388/4524 4908/6389/4525 4896/6373/4513
f 4896/6374/4513 4908/6390/4525 4909/6391/4526 4897/6375/4514
f 4897/6375/4514 4909/6391/4526 4910/6392/4527 4898/6376/4515
f 4898/6376/4515 4910/6392/4527 4911/6393/4528 4899/6377/4516
f 4899/6377/4516 4911/6393/4528 4912/6395/4529 4900/6378/4517
f 4900/6379/4517 4912/6394/4529 4913/6397/4530 4901/6380/4518
f 4901/6381/4518 4913/6398/4530 4914/6399/4531 4902/6382/4519
f 4902/6382/4519 4914/6399/4531 4915/6400/4532 4903/6383/4520
f 4903/6383/4520 4915/6400/4532 4916/6401/4533 4904/6384/4521
f 4904/6384/4521 4916/6401/4533 4917/6402/4534 4905/6385/4522
f 4905/6386/4522 4917/6403/4534 4918/6404/4535 4906/6387/4523
f 4906/6387/4523 4918/6404/4535 4907/6388/4524 4895/6372/4512
f 4907/6388/4524 4919/6405/4536 4920/6406/4537 4908/6389/4525
f 4908/6390/4525 4920/6407/4537 4921/6408/4538 4909/6391/4526
f 4909/6391/4526 4921/6408/4538 4922/6409/4539 4910/6392/4527
f 4910/6392/4527 4922/6409/4539 4923/6410/4540 4911/6393/4528
f 4911/6393/4528 4923/6410/4540 4924/6411/4541 4912/6395/4529
f 4912/6396/4529 4924/6412/4541 4925/6413/4542 4913/6398/4530
f 4913/6398/4530 4925/6413/4542 4926/6414/4543 4914/6399/4531
f 4914/6399/4531 4926/6414/4543 4927/6415/4544 4915/6400/4532
f 4915/6400/4532 4927/6415/4544 4928/6416/4545 4916/6401/4533
f 4916/6401/4533 4928/6416/4545 4929/6417/4546 4917/6402/4534
f 4917/6403/4534 4929/6418/4546 4930/6419/4547 4918/6404/4535
f 4918/6404/4535 4930/6419/4547 4919/6405/4536 4907/6388/4524
f 4919/6405/4536 4931/6420/4548 4932/6421/4549 4920/6406/4537
f 4920/6407/4537 4932/6422/4549 4933/6423/4550 4921/6408/4538
f 4921/6408/4538 4933/6423/4550 4934/6424/4551 4922/6409/4539
f 4922/6409/4539 4934/6424/4551 4935/6425/4552 4923/6410/4540
f 4923/6410/4540 4935/6425/4552 4936/6426/4553 4924/6411/4541
f 4924/6412/4541 4936/6427/4553 4937/6428/4554 4925/6413/4542
f 4925/6413/4542 4937/6428/4554 4938/6429/4555 4926/6414/4543
f 4926/6414/4543 4938/6429/4555 4939/6430/4556 4927/6415/4544
f 4927/6415/4544 4939/6430/4556 4940/6431/4557 4928/6416/4545
f 4928/6416/4545 4940/6431/4557 4941/6432/4558 4929/6417/4546
f 4929/6418/4546 4941/6433/4558 4942/6434/4559 4930/6419/4547
f 4930/6419/4547 4942/6434/4559 4931/6420/4548 4919/6405/4536
f 4931/6420/4548 4943/6435/4560 4944/6436/4561 4932/6421/4549
f 4932/6422/4549 4944/6437/4561 4945/6438/4562 4933/6423/4550
f 4933/6423/4550 4945/6438/4562 4946/6439/4563 4934/6424/4551
f 4934/6424/4551 4946/6439/4563 4947/6440/4564 4935/6425/4552
f 4935/6425/4552 4947/6440/4564 4948/6441/4565 4936/6426/4553
f 4936/6427/4553 4948/6442/4565 4949/6443/4566 4937/6428/4554
f 4937/6428/4554 4949/6443/4566 4950/6444/4567 4938/6429/4555
f 4938/6429/4555 4950/6444/4567 4951/6445/4568 4939/6430/4556
f 4939/6430/4556 4951/6445/4568 4952/6446/4569 4940/6431/4557
f 4940/6431/4557 4952/6446/4569 4953/6447/4570 4941/6432/4558
f 4941/6433/4558 4953/6448/4570 4954/6449/4571 4942/6434/4559
f 4942/6434/4559 4954/6449/4571 4943/6435/4560 4931/6420/4548
f 4943/6435/4560 4955/6450/4572 4956/6451/4573 4944/6436/4561
f 4944/6437/4561 4956/6452/4573 4957/6453/4574 4945/6438/4562
f 4945/6438/4562 4957/6453/4574 4958/6454/4575 4946/6439/4563
f 4946/6439/4563 4958/6454/4575 4959/6455/4576 4947/6440/4564
f 4947/6440/4564 4959/6455/4576 4960/6456/4577 4948/6441/4565
f 4948/6442/4565 4960/6457/4577 4961/6458/4578 4949/6443/4566
f 4949/6443/4566 4961/6458/4578 4962/6459/4579 4950/6444/4567
f 4950/6444/4567 4962/6459/4579 4963/6460/4580 4951/6445/4568
f 4951/6445/4568 4963/6460/4580 4964/6461/4581 4952/6446/4569
f 4952/6446/4569 4964/6461/4581 4965/6462/4582 4953/6447/4570
f 4953/6448/4570 4965/6463/4582 4966/6464/4583 4954/6449/4571
f 4954/6449/4571 4966/6464/4583 4955/6450/4572 4943/6435/4560
f 4955/6450/4572 4967/6465/4584 4968/6466/4585 4956/6451/4573
f 4956/6452/4573 4968/6467/4585 4969/6468/4586 4957/6453/4574
f 4957/6453/4574 4969/6468/4586 4970/6469/4587 4958/6454/4575
f 4958/6454/4575 4970/6469/4587 4971/6470/4588 4959/6455/4576
f 4959/6455/4576 4971/6470/4588 4972/6471/4589 4960/6456/4577
f 4960/6457/4577 4972/6472/4589 4973/6473/4590 4961/6458/4578
f 4961/6458/4578 4973/6473/4590 4974/6474/4591 4962/6459/4579
f 4962/6459/4579 4974/6474/4591 4975/6475/4592 4963/6460/4580
f 4963/6460/4580 4975/6475/4592 4976/6476/4593 4964/6461/4581
f 4964/6461/4581 4976/6476/4593 4977/6477/4594 4965/6462/4582
f 4965/6463/4582 4977/6478/4594 4978/6479/4595 4966/6464/4583
f 4966/6464/4583 4978/6479/4595 4967/6465/4584 4955/6450/4572
f 4967/6465/4584 4979/6480/4596 4980/6481/4597 4968/6466/4585
f 4968/6467/4585 4980/6482/4597 4981/6483/4598 4969/6468/4586
f 4969/6468/4586 4981/6483/4598 4982/6484/4599 4970/6469/4587
f 4970/6469/4587 4982/6484/4599 4983/6485/4600 4971/6470/4588
f 4971/6470/4588 4983/6485/4600 4984/6487/4601 4972/6471/4589
f 4972/6472/4589 4984/6486/4601 4985/6490/4602 4973/6473/4590
f 4973/6473/4590 4985/6490/4602 4986/6491/4603 4974/6474/4591
f 4974/6474/4591 4986/6491/4603 4987/6492/4604 4975/6475/4592
f 4975/6475/4592 4987/6492/4604 4988/6493/4605 4976/6476/4593
f 4976/6476/4593 4988/6493/4605 4989/6494/4606 4977/6477/4594
f 4977/6478/4594 4989/6495/4606 4990/6496/4607 4978/6479/4595
f 4978/6479/4595 4990/6496/4607 4979/6480/4596 4967/6465/4584
f 4979/6480/4596 4991/6497/4608 4992/6498/4609 4980/6481/4597
f 4980/6482/4597 4992/6499/4609 4993/6500/4610 4981/6483/4598
f 4981/6483/4598 4993/6500/4610 4994/6501/4611 4982/6484/4599
f 4982/6484/4599 4994/6501/4611 4995/6502/4612 4983/6485/4600
f 4983/6485/4600 4995/6502/4612 4996/6503/4613 4984/6487/4601
f 4984/6488/4601 4996/6504/4613 4997/6505/4614 4985/6489/4602
f 4985/6490/4602 4997/6506/4614 4998/6507/4615 4986/6491/4603
f 4986/6491/4603 4998/6507/4615 4999/6508/4616 4987/6492/4604
f 4987/6492/4604 4999/6508/4616 5000/6509/4617 4988/6493/4605
f 4988/6493/4605 5000/6509/4617 5001/6510/4618 4989/6494/4606
f 4989/6495/4606 5001/6511/4618 5002/6512/4619 4990/6496/4607
f 4990/6496/4607 5002/6512/4619 4991/6497/4608 4979/6480/4596
f 4991/6497/4608 5003/6513/4620 5004/6515/4621 4992/6498/4609
f 4992/6499/4609 5004/6517/4621 5005/6518/4622 4993/6500/4610
f 4993/6500/4610 5005/6518/4622 5006/6519/4623 4994/6501/4611
f 4994/6501/4611 5006/6519/4623 5007/6520/4624 4995/6502/4612
f 4995/6502/4612 5007/6520/4624 5008/6521/4625 4996/6503/4613
f 4996/6504/4613 5008/6522/4625 5009/6523/4626 4997/6505/4614
f 4997/6506/4614 5009/6524/4626 5010/6525/4627 4998/6507/4615
f 4998/6507/4615 5010/6525/4627 5011/6526/4628 4999/6508/4616
f 4999/6508/4616 5011/6526/4628 5012/6527/4629 5000/6509/4617
f 5000/6509/4617 5012/6527/4629 5013/6529/4630 5001/6510/4618
f 5001/6511/4618 5013/6528/4630 5014/6531/4631 5002/6512/4619
f 5002/6512/4619 5014/6531/4631 5003/6513/4620 4991/6497/4608
f 5003/6514/4620 5015/6533/4632 5016/6534/4633 5004/6516/4621
f 5004/6517/4621 5016/6535/4633 5017/6536/4634 5005/6518/4622
f 5005/6518/4622 5017/6536/4634 5018/6537/4635 5006/6519/4623
f 5006/6519/4623 5018/6537/4635 5019/6538/4636 5007/6520/4624
f 5007/6520/4624 5019/6538/4636 5020/6539/4637 5008/6521/4625
f 5008/6522/4625 5020/6540/4637 5021/6542/4638 5009/6523/4626
f 5009/6524/4626 5021/6541/4638 5022/6544/4639 5010/6525/4627
f 5010/6525/4627 5022/6544/4639 5023/6545/4640 5011/6526/4628
f 5011/6526/4628 5023/6545/4640 5024/6546/4641 5012/6527/4629
f 5012/6527/4629 5024/6546/4641 5025/6547/4642 5013/6529/4630
f 5013/6530/4630 5025/6548/4642 5026/6549/4643 5014/6532/4631
f 5014/6532/4631 5026/6549/4643 5015/6533/4632 5003/6514/4620
f 5015/6533/4632 5027/6550/4644 5028/6551/4645 5016/6534/4633
f 5016/6535/4633 5028/6552/4645 5029/6553/4646 5017/6536/4634
f 5017/6536/4634 5029/6553/4646 5030/6554/4647 5018/6537/4635
f 5018/6537/4635 5030/6554/4647 5031/6555/4648 5019/6538/4636
f 5019/6538/4636 5031/6555/4648 5032/6556/4649 5020/6539/4637
f 5020/6540/4637 5032/6557/4649 5033/6558/4650 5021/6542/4638
f 5021/6542/4638 5033/6558/4650 5034/6559/4651 5022/6543/4639
f 5022/6544/4639 5034/6560/4651 5035/6561/4652 5023/6545/4640
f 5023/6545/4640 5035/6561/4652 5036/6562/4653 5024/6546/4641
f 5024/6546/4641 5036/6562/4653 5037/6563/4654 5025/6547/4642
f 5025/6548/4642 5037/6564/4654 5038/6565/4655 5026/6549/4643
f 5026/6549/4643 5038/6565/4655 5027/6550/4644 5015/6533/4632
f 5027/6550/4644 5039/6566/4656 5040/6568/4657 5028/6551/4645
f 5028/6552/4645 5040/6567/4657 5041/6570/4658 5029/6553/4646
f 5029/6553/4646 5041/6570/4658 5042/6571/4659 5030/6554/4647
f 5030/6554/4647 5042/6571/4659 5043/6572/4660 5031/6555/4648
f 5031/6555/4648 5043/6572/4660 5044/6574/4661 5032/6556/4649
f 5032/6557/4649 5044/6575/4661 5045/6576/4662 5033/6558/4650
f 5033/6558/4650 5045/6576/4662 5046/6577/4663 5034/6559/4651
f 5034/6560/4651 5046/6578/4663 5047/6579/4664 5035/6561/4652
f 5035/6561/4652 5047/6579/4664 5048/6580/4665 5036/6562/4653
f 5036/6562/4653 5048/6580/4665 5049/6581/4666 5037/6563/4654
f 5037/6564/4654 5049/6582/4666 5050/6583/4667 5038/6565/4655
f 5038/6565/4655 5050/6583/4667 5039/6566/4656 5027/6550/4644
f 5039/6566/4656 5051/6584/4668 5052/6585/4669 5040/6568/4657
f 5040/6568/4657 5052/6585/4669 5053/6586/4670 5041/6569/4658
f 5041/6570/4658 5053/6587/4670 5054/6588/4671 5042/6571/4659
f 5042/6571/4659 5054/6588/4671 5055/6589/4672 5043/6572/4660
f 5043/6573/4660 5055/6590/4672 5056/6591/4673 5044/6575/4661
f 5044/6575/4661 5056/6591/4673 5057/6592/4674 5045/6576/4662
f 5045/6576/4662 5057/6592/4674 5058/6593/4675 5046/6577/4663
f 5046/6578/4663 5058/6594/4675 5059/6595/4676 5047/6579/4664
f 5047/6579/4664 5059/6595/4676 5060/6596/4677 5048/6580/4665
f 5048/6580/4665 5060/6596/4677 5061/6597/4678 5049/6581/4666
f 5049/6582/4666 5061/6598/4678 5062/6599/4679 5050/6583/4667
f 5050/6583/4667 5062/6599/4679 5051/6584/4668 5039/6566/4656
f 5051/6584/4668 5063/6600/4680 5064/6601/4681 5052/6585/4669
f 5052/6585/4669 5064/6601/4681 5065/6602/4682 5053/6586/4670
f 5053/6587/4670 5065/6603/4682 5066/6604/4683 5054/6588/4671
f 5054/6588/4671 5066/6604/4683 5067/6605/4684 5055/6589/4672
f 5055/6590/4672 5067/6606/4684 5068/6607/4685 5056/6591/4673
f 5056/6591/4673 5068/6607/4685 5069/6608/4686 5057/6592/4674
f 5057/6592/4674 5069/6608/4686 5070/6609/4687 5058/6593/4675
f 5058/6594/4675 5070/6610/4687 5071/6611/4688 5059/6595/4676
f 5059/6595/4676 5071/6611/4688 5072/6612/4689 5060/6596/4677
f 5060/6596/4677 5072/6612/4689 5073/6613/4690 5061/6597/4678
f 5061/6598/4678 5073/6614/4690 5074/6615/4691 5062/6599/4679
f 5062/6599/4679 5074/6615/4691 5063/6600/4680 5051/6584/4668
f 5063/6600/4680 5075/6616/4692 5076/6617/4693 5064/6601/4681
f 5064/6601/4681 5076/6617/4693 5077/6618/4694 5065/6602/4682
f 5065/6603/4682 5077/6619/4694 5078/6620/4695 5066/6604/4683
f 5066/6604/4683 5078/6620/4695 5079/6621/4696 5067/6605/4684
f 5067/6606/4684 5079/6622/4696 5080/6623/4697 5068/6607/4685
f 5068/6607/4685 5080/6623/4697 5081/6624/4698 5069/6608/4686
f 5069/6608/4686 5081/6624/4698 5082/6626/4699 5070/6609/4687
f 5070/6610/4687 5082/6625/4699 5083/6628/4700 5071/6611/4688
f 5071/6611/4688 5083/6628/4700 5084/6629/4701 5072/6612/4689
f 5072/6612/4689 5084/6629/4701 5085/6630/4702 5073/6613/4690
f 5073/6614/4690 5085/6631/4702 5086/6632/4703 5074/6615/4691
f 5074/6615/4691 5086/6632/4703 5075/6616/4692 5063/6600/4680
f 5075/6616/4692 4511/5839/4128 4512/5840/4131 5076/6617/4693
f 5076/6617/4693 4512/5840/4131 4513/5841/4133 5077/6618/4694
f 5077/6619/4694 4513/5842/4133 4514/5843/4135 5078/6620/4695
f 5078/6620/4695 4514/5843/4135 4515/5844/4137 5079/6621/4696
f 5079/6622/4696 4515/5845/4137 4516/5846/4139 5080/6623/4697
f 5080/6623/4697 4516/5846/4139 4517/5847/4141 5081/6624/4698
f 5081/6624/4698 4517/5847/4141 4518/5848/4143 5082/6626/4699
f 5082/6626/4699 4518/5848/4143 4519/5849/4145 5083/6627/4700
f 5083/6628/4700 4519/5850/4145 4520/5851/4147 5084/6629/4701
f 5084/6629/4701 4520/5851/4147 4521/5852/4149 5085/6630/4702
f 5085/6631/4702 4521/5853/4149 4522/5854/4151 5086/6632/4703
f 5086/6632/4703 4522/5854/4151 4511/5839/4128 5075/6616/4692
f 5087/6633/806 5088/6634/807 5096/6645/808 5095/6644/809
f 5088/6634/807 5089/6636/810 5097/6646/811 5096/6645/808
f 5089/6636/810 5090/6638/812 5098/6648/813 5097/6646/811
f 5090/6639/812 5091/6640/814 5099/6649/815 5098/6647/813
f 5091/6640/814 5092/6641/816 5100/6651/817 5099/6649/815
f 5092/6641/816 5093/6642/818 5101/6654/819 5100/6651/817
f 5093/6642/818 5094/6643/820 5102/6655/821 5101/6654/819
f 5094/6643/820 5151/6717/822 5159/6725/823 5102/6655/821
f 5095/6644/809 5096/6645/808 5104/6657/824 5103/6656/825
f 5096/6645/808 5097/6646/811 5105/6658/826 5104/6657/824
f 5097/6646/811 5098/6648/813 5106/6659/827 5105/6658/826
f 5098/6648/813 5099/6650/815 5107/6660/828 5106/6659/827
f 5099/6650/815 5100/6652/817 5108/6661/829 5107/6660/828
f 5100/6652/817 5101/6653/819 5109/6663/830 5108/6661/829
f 5101/6654/819 5102/6655/821 5110/6664/831 5109/6662/830
f 5102/6655/821 5159/6725/823 5167/6742/832 5110/6664/831
f 5103/6656/825 5104/6657/824 5112/6668/833 5111/6667/834
f 5104/6657/824 5105/6658/826 5113/6669/835 5112/6668/833
f 5105/6658/826 5106/6659/827 5114/6670/836 5113/6669/835
f 5106/6659/827 5107/6660/828 5115/6671/837 5114/6670/836
f 5107/6660/828 5108/6661/829 5116/6672/838 5115/6671/837
f 5108/6661/829 5109/6663/830 5117/6673/839 5116/6672/838
f 5109/6663/830 5110/6665/831 5118/6674/840 5117/6673/839
f 5110/6666/831 5167/6743/832 5175/6752/841 5118/6675/840
f 5111/6667/834 5112/6668/833 5120/6677/842 5119/6676/843
f 5112/6668/833 5113/6669/835 5121/6678/844 5120/6677/842
f 5113/6669/835 5114/6670/836 5122/6679/845 5121/6678/844
f 5114/6670/836 5115/6671/837 5123/6680/846 5122/6679/845
f 5115/6671/837 5116/6672/838 5124/6681/847 5123/6680/846
f 5116/6672/838 5117/6673/839 5125/6682/848 5124/6681/847
f 5117/6673/839 5118/6674/840 5126/6683/849 5125/6682/848
f 5118/6675/840 5175/6752/841 5183/6761/850 5126/6684/849
f 5119/6676/843 5120/6677/842 5128/6686/851 5127/6685/852
f 5120/6677/842 5121/6678/844 5129/6687/853 5128/6686/851
f 5121/6678/844 5122/6679/845 5130/6688/854 5129/6687/853
f 5122/6679/845 5123/6680/846 5131/6689/855 5130/6688/854
f 5123/6680/846 5124/6681/847 5132/6690/856 5131/6689/855
f 5124/6681/847 5125/6682/848 5133/6691/857 5132/6690/856
f 5125/6682/848 5126/6683/849 5134/6692/858 5133/6691/857
f 5126/6684/849 5183/6761/850 5191/6770/859 5134/6693/858
f 5127/6685/852 5128/6686/851 5136/6695/860 5135/6694/861
f 5128/6686/851 5129/6687/853 5137/6696/862 5136/6695/860
f 5129/6687/853 5130/6688/854 5138/6697/863 5137/6696/862
f 5130/6688/854 5131/6689/855 5139/6698/864 5138/6697/863
f 5131/6689/855 5132/6690/856 5140/6699/865 5139/6698/864
f 5132/6690/856 5133/6691/857 5141/6700/866 5140/6699/865
f 5133/6691/857 5134/6692/858 5142/6702/867 5141/6700/866
f 5134/6693/858 5191/6770/859 5199/6780/868 5142/6703/867
f 5135/6694/861 5136/6695/860 5144/6706/869 5143/6705/870
f 5136/6695/860 5137/6696/862 5145/6707/871 5144/6706/869
f 5137/6696/862 5138/6697/863 5146/6708/872 5145/6707/871
f 5138/6697/863 5139/6698/864 5147/6710/873 5146/6708/872
f 5139/6698/864 5140/6699/865 5148/6712/874 5147/6710/873
f 5140/6699/865 5141/6700/866 5149/6714/875 5148/6712/874
f 5141/6701/866 5142/6704/867 5150/6716/876 5149/6715/875
f 5142/6704/867 5199/6779/868 5207/6790/877 5150/6716/876
f 5143/6705/870 5144/6706/869 5393/7025/878 5392/7024/879
f 5144/6706/869 5145/6707/871 5394/7027/880 5393/7025/878
f 5145/6707/871 5146/6708/872 5395/7029/881 5394/7027/880
f 5146/6709/872 5147/6711/873 5396/7031/882 5395/7030/881
f 5147/6711/873 5148/6713/874 5397/7032/883 5396/7031/882
f 5148/6713/874 5149/6715/875 5398/7033/884 5397/7032/883
f 5149/6715/875 5150/6716/876 5399/7034/885 5398/7033/884
f 5150/6716/876 5207/6790/877 5400/7035/886 5399/7034/885
f 5151/6717/822 5152/6718/887 5160/6727/888 5159/6725/823
f 5152/6718/887 5153/6719/889 5161/6729/890 5160/6727/888
f 5153/6719/889 5154/6720/891 5162/6731/892 5161/6729/890
f 5154/6720/891 5155/6721/893 5163/6733/894 5162/6731/892
f 5155/6721/893 5156/6722/895 5164/6735/896 5163/6733/894
f 5156/6722/895 5157/6723/897 5165/6737/898 5164/6735/896
f 5157/6723/897 5158/6724/899 5166/6739/900 5165/6737/898
f 5158/6724/899 5215/6806/901 5223/6814/902 5166/6739/900
f 5159/6726/823 5160/6728/888 5168/6744/903 5167/6743/832
f 5160/6728/888 5161/6730/890 5169/6745/904 5168/6744/903
f 5161/6730/890 5162/6732/892 5170/6746/905 5169/6745/904
f 5162/6732/892 5163/6734/894 5171/6747/906 5170/6746/905
f 5163/6734/894 5164/6736/896 5172/6748/907 5171/6747/906
f 5164/6736/896 5165/6738/898 5173/6749/908 5172/6748/907
f 5165/6738/898 5166/6740/900 5174/6750/909 5173/6749/908
f 5166/6741/900 5223/6815/902 5231/6830/910 5174/6751/909
f 5167/6743/832 5168/6744/903 5176/6753/911 5175/6752/841
f 5168/6744/903 5169/6745/904 5177/6754/912 5176/6753/911
f 5169/6745/904 5170/6746/905 5178/6755/913 5177/6754/912
f 5170/6746/905 5171/6747/906 5179/6756/914 5178/6755/913
f 5171/6747/906 5172/6748/907 5180/6757/915 5179/6756/914
f 5172/6748/907 5173/6749/908 5181/6758/916 5180/6757/915
f 5173/6749/908 5174/6750/909 5182/6759/917 5181/6758/916
f 5174/6751/909 5231/6830/910 5239/6838/918 5182/6760/917
f 5175/6752/841 5176/6753/911 5184/6762/919 5183/6761/850
f 5176/6753/911 5177/6754/912 5185/6763/920 5184/6762/919
f 5177/6754/912 5178/6755/913 5186/6764/921 5185/6763/920
f 5178/6755/913 5179/6756/914 5187/6765/922 5186/6764/921
f 5179/6756/914 5180/6757/915 5188/6766/923 5187/6765/922
f 5180/6757/915 5181/6758/916 5189/6767/924 5188/6766/923
f 5181/6758/916 5182/6759/917 5190/6768/925 5189/6767/924
f 5182/6760/917 5239/6838/918 5247/6846/926 5190/6769/925
f 5183/6761/850 5184/6762/919 5192/6771/927 5191/6770/859
f 5184/6762/919 5185/6763/920 5193/6772/928 5192/6771/927
f 5185/6763/920 5186/6764/921 5194/6773/929 5193/6772/928
f 5186/6764/921 5187/6765/922 5195/6774/930 5194/6773/929
f 5187/6765/922 5188/6766/923 5196/6775/931 5195/6774/930
f 5188/6766/923 5189/6767/924 5197/6776/932 5196/6775/931
f 5189/6767/924 5190/6768/925 5198/6777/933 5197/6776/932
f 5190/6769/925 5247/6846/926 5255/6854/934 5198/6778/933
f 5191/6770/859 5192/6771/927 5200/6781/935 5199/6780/868
f 5192/6771/927 5193/6772/928 5201/6782/936 5200/6781/935
f 5193/6772/928 5194/6773/929 5202/6783/937 5201/6782/936
f 5194/6773/929 5195/6774/930 5203/6784/938 5202/6783/937
f 5195/6774/930 5196/6775/931 5204/6785/939 5203/6784/938
f 5196/6775/931 5197/6776/932 5205/6786/940 5204/6785/939
f 5197/6776/932 5198/6777/933 5206/6787/941 5205/6786/940
f 5198/6778/933 5255/6854/934 5263/6862/942 5206/6788/941
f 5199/6780/868 5200/6781/935 5208/6791/943 5207/6789/877
f 5200/6781/935 5201/6782/936 5209/6793/944 5208/6791/943
f 5201/6782/936 5202/6783/937 5210/6795/945 5209/6793/944
f 5202/6783/937 5203/6784/938 5211/6797/946 5210/6795/945
f 5203/6784/938 5204/6785/939 5212/6799/947 5211/6797/946
f 5204/6785/939 5205/6786/940 5213/6801/948 5212/6799/947
f 5205/6786/940 5206/6787/941 5214/6803/949 5213/6801/948
f 5206/6788/941 5263/6862/942 5271/6870/950 5214/6804/949
f 5207/6790/877 5208/6792/943 5409/7046/951 5400/7035/886
f 5208/6792/943 5209/6794/944 5418/7056/952 5409/7046/951
f 5209/6794/944 5210/6796/945 5427/7066/953 5418/7056/952
f 5210/6796/945 5211/6798/946 5436/7075/954 5427/7066/953
f 5211/6798/946 5212/6800/947 5445/7084/955 5436/7075/954
f 5212/6800/947 5213/6802/948 5454/7093/956 5445/7084/955
f 5213/6802/948 5214/6805/949 5463/7102/957 5454/7093/956
f 5214/6805/949 5271/6871/950 5472/7111/958 5463/7102/957
f 5215/6806/901 5216/6807/959 5224/6816/960 5223/6814/902
f 5216/6807/959 5217/6808/961 5225/6818/962 5224/6816/960
f 5217/6808/961 5218/6809/963 5226/6820/964 5225/6818/962
f 5218/6809/963 5219/6810/965 5227/6822/966 5226/6820/964
f 5219/6810/965 5220/6811/967 5228/6824/968 5227/6822/966
f 5220/6811/967 5221/6812/969 5229/6826/970 5228/6824/968
f 5221/6812/969 5222/6813/971 5230/6828/972 5229/6826/970
f 5222/6813/971 5279/6886/973 5287/6896/974 5230/6828/972
f 5223/6815/902 5224/6817/960 5232/6831/975 5231/6830/910
f 5224/6817/960 5225/6819/962 5233/6832/976 5232/6831/975
f 5225/6819/962 5226/6821/964 5234/6833/977 5233/6832/976
f 5226/6821/964 5227/6823/966 5235/6834/978 5234/6833/977
f 5227/6823/966 5228/6825/968 5236/6835/979 5235/6834/978
f 5228/6825/968 5229/6827/970 5237/6836/980 5236/6835/979
f 5229/6827/970 5230/6829/972 5238/6837/981 5237/6836/980
f 5230/6829/972 5287/6897/974 5295/6910/982 5238/6837/981
f 5231/6830/910 5232/6831/975 5240/6839/983 5239/6838/918
f 5232/6831/975 5233/6832/976 5241/6840/984 5240/6839/983
f 5233/6832/976 5234/6833/977 5242/6841/985 5241/6840/984
f 5234/6833/977 5235/6834/978 5243/6842/986 5242/6841/985
f 5235/6834/978 5236/6835/979 5244/6843/987 5243/6842/986
f 5236/6835/979 5237/6836/980 5245/6844/988 5244/6843/987
f 5237/6836/980 5238/6837/981 5246/6845/989 5245/6844/988
f 5238/6837/981 5295/6910/982 5303/6922/990 5246/6845/989
f 5239/6838/918 5240/6839/983 5248/6847/991 5247/6846/926
f 5240/6839/983 5241/6840/984 5249/6848/992 5248/6847/991
f 5241/6840/984 5242/6841/985 5250/6849/993 5249/6848/992
f 5242/6841/985 5243/6842/986 5251/6850/994 5250/6849/993
f 5243/6842/986 5244/6843/987 5252/6851/995 5251/6850/994
f 5244/6843/987 5245/6844/988 5253/6852/996 5252/6851/995
f 5245/6844/988 5246/6845/989 5254/6853/997 5253/6852/996
f 5246/6845/989 5303/6922/990 5311/6931/998 5254/6853/997
f 5247/6846/926 5248/6847/991 5256/6855/999 5255/6854/934
f 5248/6847/991 5249/6848/992 5257/6856/1000 5256/6855/999
f 5249/6848/992 5250/6849/993 5258/6857/1001 5257/6856/1000
f 5250/6849/993 5251/6850/994 5259/6858/1002 5258/6857/1001
f 5251/6850/994 5252/6851/995 5260/6859/4704 5259/6858/1002
f 5252/6851/995 5253/6852/996 5261/6860/1004 5260/6859/4704
f 5253/6852/996 5254/6853/997 5262/6861/1005 5261/6860/1004
f 5254/6853/997 5311/6931/998 5319/6940/1006 5262/6861/1005
f 5255/6854/934 5256/6855/999 5264/6863/1007 5263/6862/942
f 5256/6855/999 5257/6856/1000 5265/6864/1008 5264/6863/1007
f 5257/6856/1000 5258/6857/1001 5266/6865/1009 5265/6864/1008
f 5258/6857/1001 5259/6858/1002 5267/6866/1010 5266/6865/1009
f 5259/6858/1002 5260/6859/4704 5268/6867/1011 5267/6866/1010
f 5260/6859/4704 5261/6860/1004 5269/6868/1012 5268/6867/1011
f 5261/6860/1004 5262/6861/1005 5270/6869/1013 5269/6868/1012
f 5262/6861/1005 5319/6940/1006 5327/6949/1014 5270/6869/1013
f 5263/6862/942 5264/6863/1007 5272/6872/1015 5271/6870/950
f 5264/6863/1007 5265/6864/1008 5273/6874/1016 5272/6872/1015
f 5265/6864/1008 5266/6865/1009 5274/6876/1017 5273/6874/1016
f 5266/6865/1009 5267/6866/1010 5275/6878/1018 5274/6876/1017
f 5267/6866/1010 5268/6867/1011 5276/6880/1225 5275/6878/1018
f 5268/6867/1011 5269/6868/1012 5277/6882/1020 5276/6880/1225
f 5269/6868/1012 5270/6869/1013 5278/6884/1021 5277/6882/1020
f 5270/6869/1013 5327/6949/1014 5335/6961/1022 5278/6884/1021
f 5271/6871/950 5272/6873/1015 5471/7110/1023 5472/7111/958
f 5272/6873/1015 5273/6875/1016 5470/7109/1024 5471/7110/1023
f 5273/6875/1016 5274/6877/1017 5469/7108/1025 5470/7109/1024
f 5274/6877/1017 5275/6879/1018 5468/7107/1026 5469/7108/1025
f 5275/6879/1018 5276/6881/1225 5467/7106/1027 5468/7107/1026
f 5276/6881/1225 5277/6883/1020 5466/7105/1028 5467/7106/1027
f 5277/6883/1020 5278/6885/1021 5465/7104/1029 5466/7105/1028
f 5278/6885/1021 5335/6962/1022 5464/7103/1030 5465/7104/1029
f 5279/6886/973 5280/6887/1031 5288/6899/1032 5287/6896/974
f 5280/6887/1031 5281/6888/1033 5289/6900/1034 5288/6899/1032
f 5281/6888/1033 5282/6889/1035 5290/6901/1036 5289/6900/1034
f 5282/6889/1035 5283/6890/1037 5291/6903/1038 5290/6901/1036
f 5283/6890/1037 5284/6891/1039 5292/6905/1040 5291/6903/1038
f 5284/6891/1039 5285/6893/1041 5293/6907/1042 5292/6905/1040
f 5285/6892/1041 5286/6895/1043 5294/6909/1044 5293/6908/1042
f 5286/6895/1043 5087/6633/806 5095/6644/809 5294/6909/1044
f 5287/6897/974 5288/6898/1032 5296/6912/1045 5295/6910/982
f 5288/6899/1032 5289/6900/1034 5297/6913/1046 5296/6911/1045
f 5289/6900/1034 5290/6901/1036 5298/6916/1047 5297/6913/1046
f 5290/6902/1036 5291/6904/1038 5299/6918/1048 5298/6917/1047
f 5291/6904/1038 5292/6906/1040 5300/6919/1049 5299/6918/1048
f 5292/6906/1040 5293/6908/1042 5301/6920/1050 5300/6919/1049
f 5293/6908/1042 5294/6909/1044 5302/6921/1051 5301/6920/1050
f 5294/6909/1044 5095/6644/809 5103/6656/825 5302/6921/1051
f 5295/6910/982 5296/6912/1045 5304/6923/1052 5303/6922/990
f 5296/6912/1045 5297/6914/1046 5305/6924/1053 5304/6923/1052
f 5297/6915/1046 5298/6917/1047 5306/6926/1054 5305/6925/1053
f 5298/6917/1047 5299/6918/1048 5307/6927/1055 5306/6926/1054
f 5299/6918/1048 5300/6919/1049 5308/6928/1056 5307/6927/1055
f 5300/6919/1049 5301/6920/1050 5309/6929/1057 5308/6928/1056
f 5301/6920/1050 5302/6921/1051 5310/6930/1058 5309/6929/1057
f 5302/6921/1051 5103/6656/825 5111/6667/834 5310/6930/1058
f 5303/6922/990 5304/6923/1052 5312/6932/1059 5311/6931/998
f 5304/6923/1052 5305/6924/1053 5313/6933/1060 5312/6932/1059
f 5305/6925/1053 5306/6926/1054 5314/6935/1061 5313/6934/1060
f 5306/6926/1054 5307/6927/1055 5315/6936/1062 5314/6935/1061
f 5307/6927/1055 5308/6928/1056 5316/6937/1063 5315/6936/1062
f 5308/6928/1056 5309/6929/1057 5317/6938/1064 5316/6937/1063
f 5309/6929/1057 5310/6930/1058 5318/6939/1065 5317/6938/1064
f 5310/6930/1058 5111/6667/834 5119/6676/843 5318/6939/1065
f 5311/6931/998 5312/6932/1059 5320/6941/1066 5319/6940/1006
f 5312/6932/1059 5313/6933/1060 5321/6942/1067 5320/6941/1066
f 5313/6934/1060 5314/6935/1061 5322/6944/1068 5321/6943/1067
f 5314/6935/1061 5315/6936/1062 5323/6945/1069 5322/6944/1068
f 5315/6936/1062 5316/6937/1063 5324/6946/1070 5323/6945/1069
f 5316/6937/1063 5317/6938/1064 5325/6947/1071 5324/6946/1070
f 5317/6938/1064 5318/6939/1065 5326/6948/1072 5325/6947/1071
f 5318/6939/1065 5119/6676/843 5127/6685/852 5326/6948/1072
f 5319/6940/1006 5320/6941/1066 5328/6950/1073 5327/6949/1014
f 5320/6941/1066 5321/6942/1067 5329/6952/1074 5328/6950/1073
f 5321/6943/1067 5322/6944/1068 5330/6956/1075 5329/6953/1074
f 5322/6944/1068 5323/6945/1069 5331/6957/1076 5330/6956/1075
f 5323/6945/1069 5324/6946/1070 5332/6958/1228 5331/6957/1076
f 5324/6946/1070 5325/6947/1071 5333/6959/1078 5332/6958/1228
f 5325/6947/1071 5326/6948/1072 5334/6960/1079 5333/6959/1078
f 5326/6948/1072 5127/6685/852 5135/6694/861 5334/6960/1079
f 5327/6949/1014 5328/6950/1073 5336/6963/1080 5335/6961/1022
f 5328/6951/1073 5329/6954/1074 5337/6965/1081 5336/6964/1080
f 5329/6954/1074 5330/6955/1075 5338/6967/1082 5337/6965/1081
f 5330/6956/1075 5331/6957/1076 5339/6968/1083 5338/6966/1082
f 5331/6957/1076 5332/6958/1228 5340/6971/1084 5339/6968/1083
f 5332/6958/1228 5333/6959/1078 5341/6972/1085 5340/6971/1084
f 5333/6959/1078 5334/6960/1079 5342/6973/1086 5341/6972/1085
f 5334/6960/1079 5135/6694/861 5143/6705/870 5342/6973/1086
f 5335/6962/1022 5336/6964/1080 5455/7094/1227 5464/7103/1030
f 5336/6964/1080 5337/6965/1081 5446/7085/1088 5455/7094/1227
f 5337/6965/1081 5338/6967/1082 5437/7076/1089 5446/7085/1088
f 5338/6967/1082 5339/6969/1083 5428/7067/1090 5437/7076/1089
f 5339/6969/1083 5340/6970/1084 5419/7058/1091 5428/7067/1090
f 5340/6971/1084 5341/6972/1085 5410/7047/1092 5419/7057/1091
f 5341/6972/1085 5342/6973/1086 5401/7036/1093 5410/7047/1092
f 5342/6973/1086 5143/6705/870 5392/7024/879 5401/7036/1093
f 5279/6886/973 5222/6813/971 5343/6974/1094 5280/6887/1031
f 5222/6813/971 5221/6812/969 5344/6975/1095 5343/6974/1094
f 5221/6812/969 5220/6811/967 5345/6976/1096 5344/6975/1095
f 5220/6811/967 5219/6810/965 5346/6977/1097 5345/6976/1096
f 5219/6810/965 5218/6809/963 5347/6978/1098 5346/6977/1097
f 5218/6809/963 5217/6808/961 5348/6979/1099 5347/6978/1098
f 5217/6808/961 5216/6807/959 5349/6980/1100 5348/6979/1099
f 5216/6807/959 5215/6806/901 5158/6724/899 5349/6980/1100
f 5280/6887/1031 5343/6974/1094 5350/6981/1101 5281/6888/1033
f 5343/6974/1094 5344/6975/1095 5351/6982/1102 5350/6981/1101
f 5344/6975/1095 5345/6976/1096 5352/6983/1103 5351/6982/1102
f 5345/6976/1096 5346/6977/1097 5353/6984/1104 5352/6983/1103
f 5346/6977/1097 5347/6978/1098 5354/6985/1105 5353/6984/1104
f 5347/6978/1098 5348/6979/1099 5355/6986/1106 5354/6985/1105
f 5348/6979/1099 5349/6980/1100 5356/6987/1107 5355/6986/1106
f 5349/6980/1100 5158/6724/899 5157/6723/897 5356/6987/1107
f 5281/6888/1033 5350/6981/1101 5357/6988/1108 5282/6889/1035
f 5350/6981/1101 5351/6982/1102 5358/6989/1109 5357/6988/1108
f 5351/6982/1102 5352/6983/1103 5359/6990/1110 5358/6989/1109
f 5352/6983/1103 5353/6984/1104 5360/6991/1111 5359/6990/1110
f 5353/6984/1104 5354/6985/1105 5361/6992/1112 5360/6991/1111
f 5354/6985/1105 5355/6986/1106 5362/6993/1113 5361/6992/1112
f 5355/6986/1106 5356/6987/1107 5363/6994/1114 5362/6993/1113
f 5356/6987/1107 5157/6723/897 5156/6722/895 5363/6994/1114
f 5282/6889/1035 5357/6988/1108 5364/6995/1115 5283/6890/1037
f 5357/6988/1108 5358/6989/1109 5365/6996/1116 5364/6995/1115
f 5358/6989/1109 5359/6990/1110 5366/6997/1117 5365/6996/1116
f 5359/6990/1110 5360/6991/1111 5367/6998/1118 5366/6997/1117
f 5360/6991/1111 5361/6992/1112 5368/6999/1119 5367/6998/1118
f 5361/6992/1112 5362/6993/1113 5369/7000/1120 5368/6999/1119
f 5362/6993/1113 5363/6994/1114 5370/7001/1121 5369/7000/1120
f 5363/6994/1114 5156/6722/895 5155/6721/893 5370/7001/1121
f 5283/6890/1037 5364/6995/1115 5371/7002/1122 5284/6891/1039
f 5364/6995/1115 5365/6996/1116 5372/7003/1123 5371/7002/1122
f 5365/6996/1116 5366/6997/1117 5373/7004/1124 5372/7003/1123
f 5366/6997/1117 5367/6998/1118 5374/7005/1125 5373/7004/1124
f 5367/6998/1118 5368/6999/1119 5375/7006/1126 5374/7005/1125
f 5368/6999/1119 5369/7000/1120 5376/7007/1127 5375/7006/1126
f 5369/7000/1120 5370/7001/1121 5377/7008/1128 5376/7007/1127
f 5370/7001/1121 5155/6721/893 5154/6720/891 5377/7008/1128
f 5284/6891/1039 5371/7002/1122 5378/7009/1129 5285/6893/1041
f 5371/7002/1122 5372/7003/1123 5379/7010/1130 5378/7009/1129
f 5372/7003/1123 5373/7004/1124 5380/7011/1131 5379/7010/1130
f 5373/7004/1124 5374/7005/1125 5381/7012/1132 5380/7011/1131
f 5374/7005/1125 5375/7006/1126 5382/7013/1133 5381/7012/1132
f 5375/7006/1126 5376/7007/1127 5383/7014/1134 5382/7013/1133
f 5376/7007/1127 5377/7008/1128 5384/7015/1233 5383/7014/1134
f 5377/7008/1128 5154/6720/891 5153/6719/889 5384/7015/1233
f 5285/6893/1041 5378/7009/1129 5385/7017/1136 5286/6894/1043
f 5378/7009/1129 5379/7010/1130 5386/7018/1137 5385/7017/1136
f 5379/7010/1130 5380/7011/1131 5387/7019/1138 5386/7018/1137
f 5380/7011/1131 5381/7012/1132 5388/7020/1139 5387/7019/1138
f 5381/7012/1132 5382/7013/1133 5389/7021/1140 5388/7020/1139
f 5382/7013/1133 5383/7014/1134 5390/7022/1141 5389/7021/1140
f 5383/7014/1134 5384/7015/1233 5391/7023/1142 5390/7022/1141
f 5384/7015/1233 5153/6719/889 5152/6718/887 5391/7023/1142
f 5286/6895/1043 5385/7016/1136 5088/6634/807 5087/6633/806
f 5385/7017/1136 5386/7018/1137 5089/6637/810 5088/6635/807
f 5386/7018/1137 5387/7019/1138 5090/6639/812 5089/6637/810
f 5387/7019/1138 5388/7020/1139 5091/6640/814 5090/6639/812
f 5388/7020/1139 5389/7021/1140 5092/6641/816 5091/6640/814
f 5389/7021/1140 5390/7022/1141 5093/6642/818 5092/6641/816
f 5390/7022/1141 5391/7023/1142 5094/6643/820 5093/6642/818
f 5391/7023/1142 5152/6718/887 5151/6717/822 5094/6643/820
f 5392/7024/879 5393/7025/878 5402/7038/1143 5401/7036/1093
f 5393/7026/878 5394/7028/880 5403/7040/1144 5402/7039/1143
f 5394/7028/880 5395/7030/881 5404/7041/1145 5403/7040/1144
f 5395/7030/881 5396/7031/882 5405/7042/1146 5404/7041/1145
f 5396/7031/882 5397/7032/883 5406/7043/1147 5405/7042/1146
f 5397/7032/883 5398/7033/884 5407/7044/1148 5406/7043/1147
f 5398/7033/884 5399/7034/885 5408/7045/1149 5407/7044/1148
f 5399/7034/885 5400/7035/886 5409/7046/951 5408/7045/1149
f 5401/7037/1093 5402/7039/1143 5411/7049/1150 5410/7048/1092
f 5402/7039/1143 5403/7040/1144 5412/7050/1151 5411/7049/1150
f 5403/7040/1144 5404/7041/1145 5413/7051/1152 5412/7050/1151
f 5404/7041/1145 5405/7042/1146 5414/7052/1153 5413/7051/1152
f 5405/7042/1146 5406/7043/1147 5415/7053/1154 5414/7052/1153
f 5406/7043/1147 5407/7044/1148 5416/7054/1155 5415/7053/1154
f 5407/7044/1148 5408/7045/1149 5417/7055/1156 5416/7054/1155
f 5408/7045/1149 5409/7046/951 5418/7056/952 5417/7055/1156
f 5410/7048/1092 5411/7049/1150 5420/7059/1157 5419/7058/1091
f 5411/7049/1150 5412/7050/1151 5421/7060/1158 5420/7059/1157
f 5412/7050/1151 5413/7051/1152 5422/7061/1159 5421/7060/1158
f 5413/7051/1152 5414/7052/1153 5423/7062/1160 5422/7061/1159
f 5414/7052/1153 5415/7053/1154 5424/7063/1161 5423/7062/1160
f 5415/7053/1154 5416/7054/1155 5425/7064/1162 5424/7063/1161
f 5416/7054/1155 5417/7055/1156 5426/7065/1163 5425/7064/1162
f 5417/7055/1156 5418/7056/952 5427/7066/953 5426/7065/1163
f 5419/7058/1091 5420/7059/1157 5429/7068/1164 5428/7067/1090
f 5420/7059/1157 5421/7060/1158 5430/7069/1165 5429/7068/1164
f 5421/7060/1158 5422/7061/1159 5431/7070/1166 5430/7069/1165
f 5422/7061/1159 5423/7062/1160 5432/7071/1167 5431/7070/1166
f 5423/7062/1160 5424/7063/1161 5433/7072/1168 5432/7071/1167
f 5424/7063/1161 5425/7064/1162 5434/7073/1169 5433/7072/1168
f 5425/7064/1162 5426/7065/1163 5435/7074/1170 5434/7073/1169
f 5426/7065/1163 5427/7066/953 5436/7075/954 5435/7074/1170
f 5428/7067/1090 5429/7068/1164 5438/7077/1171 5437/7076/1089
f 5429/7068/1164 5430/7069/1165 5439/7078/1172 5438/7077/1171
f 5430/7069/1165 5431/7070/1166 5440/7079/1173 5439/7078/1172
f 5431/7070/1166 5432/7071/1167 5441/7080/1174 5440/7079/1173
f 5432/7071/1167 5433/7072/1168 5442/7081/1175 5441/7080/1174
f 5433/7072/1168 5434/7073/1169 5443/7082/1176 5442/7081/1175
f 5434/7073/1169 5435/7074/1170 5444/7083/1177 5443/7082/1176
f 5435/7074/1170 5436/7075/954 5445/7084/955 5444/7083/1177
f 5437/7076/1089 5438/7077/1171 5447/7086/1230 5446/7085/1088
f 5438/7077/1171 5439/7078/1172 5448/7087/1179 5447/7086/1230
f 5439/7078/1172 5440/7079/1173 5449/7088/1180 5448/7087/1179
f 5440/7079/1173 5441/7080/1174 5450/7089/1181 5449/7088/1180
f 5441/7080/1174 5442/7081/1175 5451/7090/1182 5450/7089/1181
f 5442/7081/1175 5443/7082/1176 5452/7091/1183 5451/7090/1182
f 5443/7082/1176 5444/7083/1177 5453/7092/1184 5452/7091/1183
f 5444/7083/1177 5445/7084/955 5454/7093/956 5453/7092/1184
f 5446/7085/1088 5447/7086/1230 5456/7095/1185 5455/7094/1227
f 5447/7086/1230 5448/7087/1179 5457/7096/1186 5456/7095/1185
f 5448/7087/1179 5449/7088/1180 5458/7097/1187 5457/7096/1186
f 5449/7088/1180 5450/7089/1181 5459/7098/1188 5458/7097/1187
f 5450/7089/1181 5451/7090/1182 5460/7099/1189 5459/7098/1188
f 5451/7090/1182 5452/7091/1183 5461/7100/1190 5460/7099/1189
f 5452/7091/1183 5453/7092/1184 5462/7101/1191 5461/7100/1190
f 5453/7092/1184 5454/7093/956 5463/7102/957 5462/7101/1191
f 5455/7094/1227 5456/7095/1185 5465/7104/1029 5464/7103/1030
f 5456/7095/1185 5457/7096/1186 5466/7105/1028 5465/7104/1029
f 5457/7096/1186 5458/7097/1187 5467/7106/1027 5466/7105/1028
f 5458/7097/1187 5459/7098/1188 5468/7107/1026 5467/7106/1027
f 5459/7098/1188 5460/7099/1189 5469/7108/1025 5468/7107/1026
f 5460/7099/1189 5461/7100/1190 5470/7109/1024 5469/7108/1025
f 5461/7100/1190 5462/7101/1191 5471/7110/1023 5470/7109/1024
f 5462/7101/1191 5463/7102/957 5472/7111/958 5471/7110/1023
